component_1,component_2,digit_label
-8.920620234114207,17.174034978868384,0
5.791586231624494,-1.7069608414845392,1
2.170662477591644,-5.064498029702234,2
-7.4695964373011146,-3.415053331623417,3
14.29517951740372,17.66825513827987,4
-6.003212925437254,-0.9228399968141033,5
-6.077686673187188,0.7429035233336608,6
17.439536072075704,-9.89063265262124,7
-2.5786163612309645,-6.17788133879179,8
-7.480665183094882,-1.502560090269414,9
-7.594045113609662,16.320449029979237,0
11.529199027836274,5.751232137318508,1
-10.064583547123082,-10.858536339742926,2
0.17985179053189954,-10.755261334674413,3
11.086604932954758,18.41252251390489,4
4.155251114216577,-7.047760814461449,5
-14.428048648051575,1.2431981701787604,6
14.561167202538645,-8.438026510261976,7
4.389509900971713,-10.163830669240944,8
-10.849364813497504,-2.751261671765932,9
-7.88353483434677,17.05128997954382,0
10.334995353471369,3.6867904512570324,1
-2.8564605825001284,-13.47154438153035,2
3.1583994248934633,-8.75667527595851,3
13.54342793784058,18.17764234114887,4
1.9757273333853607,2.4509794859437926,5
-8.641424111311393,1.60841853989745,6
15.687797734555694,-9.367422691951278,7
2.0088287023299136,-7.164164843496324,8
-8.759115280474768,-3.3472766160243985,9
-6.288640079064037,16.869623520490332,0
-11.567598090306827,-2.5080678976865576,9
1.0543477229306555,2.680774790067807,5
1.6094665771549082,-2.3034409781844682,5
-11.175737136350547,2.4630651222648368,6
1.8519975096850247,-3.4847186887666335,5
-6.16882982364099,18.54693607969274,0
-8.506764793579658,-2.5471050682481233,9
3.5662508488221865,-9.47078654275301,8
-5.481277703516303,-0.8160552511469683,9
0.6963377813451279,-8.885565803935824,8
8.228001306001834,17.894912753151793,4
11.596621481892663,5.56493173832403,1
14.713511192241866,-9.626604368502095,7
15.950233040803166,-7.876530711117142,7
-4.354489951540227,-5.682026531688885,3
2.585168970542222,-3.1952259971540857,5
9.727993569468211,1.8794860841826515,1
-10.50839678197538,16.952612898245107,0
-11.208218377187398,16.141429226555086,0
2.883710020363652,-8.990572827123252,2
1.3717992956578076,-4.934985741797339,2
15.618720994159963,-8.870936086961251,7
3.9440396776864692,-8.113289975122692,8
3.6153806771690222,-5.876249790796732,2
-9.213286151208274,16.809621463181593,0
11.031559210092055,2.9342240544440314,1
5.571069152343437,-4.962422595498071,2
-9.784577538482784,1.571678447965265,6
-1.6330650685480341,-8.170498770944125,3
-5.034464520079556,-5.867325261322621,3
15.208044757588835,-6.948088017267513,7
-3.7328451368776188,-7.637981213994847,3
0.11093266477900317,-11.298108655705175,3
12.920255926346748,18.237624233091285,4
-11.013439731453856,4.607943362079982,6
-11.393719104315572,-3.1092010731129145,6
-15.816333363271221,6.51630344462081,6
6.95632318283682,16.098826893793774,4
8.708817110796332,-7.442886050966426,9
8.141661426957567,1.0562080899871793,1
0.947905094390455,2.2333430584585154,5
-8.68683437888387,17.723670812197494,0
-7.757783944694567,-1.750144909901615,9
-0.9365391085645164,-1.0639065464303836,5
6.181376618203706,-3.2650501030679977,2
3.573068644716408,-8.004956388767992,8
6.397956538397592,-1.7435086378413795,2
-12.571485228351474,16.417390190051243,0
-10.879721371977578,16.027502152364193,0
11.564406330436006,3.474152717261046,1
13.96214884628785,-6.373861736160683,7
-9.700282709965952,0.4469778573286407,6
-0.2338238586062622,-10.781827871747987,3
-7.276948868866286,-16.555653815837825,2
9.864136917050178,4.24065758855937,1
15.879784488062624,-9.266845891866083,7
13.044118974740982,3.885017593320168,4
-9.534733219090548,1.1544908060086854,6
-1.6621494538156811,-8.539078583923754,3
11.822963659168922,5.1363015973733095,1
0.2908243638595821,-13.161805883248826,3
-4.5432504422469515,-1.1658370919024594,9
7.9508637903668316,1.8070606362022186,1
14.251286178322513,-8.858625688713074,7
-2.2928316654139502,-0.34968079121358137,6
4.717451018770467,-9.850121450119817,8
10.760134384025982,15.7841476969543,4
-0.058897344504922504,-11.35320124968979,3
4.863203850104139,-1.4591332998534463,1
13.349510738719935,17.254914999561464,4
-11.351488000431551,17.848958928342118,0
-0.11314624545565742,2.482007775984289,5
5.874263268789357,-14.004544557345927,3
-3.2313166029231795,0.07444296883386713,6
-9.722983888475694,-0.6573890441738349,9
-6.1403410848217215,0.9958390725235126,6
12.459480442728571,6.894574204488516,1
12.390476609972328,-9.347967102773788,7
1.8129422399450636,-0.1485257758482089,5
7.6870978224914275,15.679991827010745,4
4.779678096638522,12.870105451747648,4
14.330200682847433,-7.145260010889089,7
1.494633373035597,-11.889718336695442,2
3.645119933245498,-6.540756768499734,8
3.684657810599624,-8.072127633290151,2
0.8319769428290078,-9.363689546835765,2
5.069708973756186,-5.548026339874497,5
14.931744352901903,-10.006392044062432,7
-9.691550459314797,1.2650592163956569,9
0.2593227857437256,-2.268681665491299,5
12.216705294804916,14.397127908940966,4
3.5517164048511565,-7.351124325702081,8
0.04160972966982498,-4.375987719110777,8
6.770201523920013,16.42921845970131,4
-1.7564196482527543,-2.9259692095640424,9
-9.149671478603365,17.51687508438969,0
5.037304407266306,-9.768421634934032,8
-3.3116329183507687,0.23569977593770014,9
3.984384471699796,-5.922128541986289,8
-9.747236818519557,15.80469471366705,0
16.615285825094784,3.62096550603062,1
-2.12980829692848,-15.90488532043463,2
0.7545803543891637,-11.654705922148791,3
9.829643392594084,10.779632285208278,4
5.366211579516989,-7.835504718505727,5
-14.68787714860887,7.803023108693975,6
13.801136992798805,-10.182864208534937,7
-1.243410035362139,-6.042702512603885,8
-6.08136343888012,0.32194465676424244,9
-7.362481623021515,16.9216132459396,0
13.486056722077839,7.8770588157565875,1
-1.3028050340032638,-14.611160588311476,2
-1.2351758021281185,-13.422886616224291,3
9.17469954721113,12.196936193791787,4
4.42839414532888,-9.533240786968188,5
-12.521518483194736,4.882411902087885,6
14.223121741902382,-11.113270456445022,7
-2.804518208952208,-4.811548855621973,8
-5.396577086566345,0.8265049524664152,9
-11.665190129826115,17.59253254000589,0
14.151322547453367,5.98827947685493,1
0.18380173753516468,-12.371118403626562,2
3.549890780018377,-10.313887918247717,3
11.399409071318523,14.051129581753782,4
5.148458102099293,-4.932756860000802,5
-10.63978489892891,2.1430962610186635,6
15.816429879550105,-8.474443608523544,7
5.789220046720331,-6.744143070316979,8
-5.428067008275557,-1.0917205931584488,9
-9.215788771158703,17.732266451024323,0
-5.914002192645937,-0.8516035758104464,9
1.862944829780032,-9.072550209867634,5
5.379575486508585,-13.442489899130434,5
-15.133537902780803,9.406644268357562,6
6.228714091647194,-6.816946933927845,5
-6.3886979813168,15.664113382088615,0
-5.599615352912156,1.8880591184862203,9
0.8708013466000301,-6.285691353057117,8
-8.946462418225346,-0.6121172916817378,9
3.647066818872295,-6.572655718571989,8
8.027334989571532,5.8502557508695,4
10.382951098656351,2.338762307340045,1
15.741924471513103,-9.557326896302484,7
16.462758071314443,-7.705722199665648,7
0.527253711623592,-9.471324702057055,3
2.510746261646755,-7.334956995406109,5
15.66891397552434,5.152318842392123,1
-10.226111666105476,16.835862640531243,0
-7.117309214998902,18.770184699319476,0
-0.970141656664808,-10.91375171042361,2
-1.6310997145845754,-11.910201465859071,2
12.428381608432597,-10.049759804363951,7
-3.145450199088108,-5.468778400395498,8
-3.466363474567436,-13.943514774628424,2
-11.347006277601944,16.897743639424995,0
10.954121244512981,3.1184473323130426,1
-3.372694002616986,-10.248249726708355,2
-12.735082585929101,5.984876496049924,6
-2.3119557956335983,-11.577268280271634,3
-2.9234228727094584,-10.170898187696483,3
10.193164503212357,-11.342813155976907,7
1.1937550595604802,-6.126518626991002,3
-2.1171665672253606,-10.234408203710927,3
13.585530577726356,11.111268287169576,4
-9.13154297364915,3.030903256518496,6
-12.898212235625845,4.842709469121016,6
-11.301016636639051,7.293701538268327,6
11.257223633583774,6.939917139148227,4
-6.2592287811489475,-1.3591172383817822,9
11.182306652608652,8.325668595392823,1
6.653705706032421,-6.726799930996627,5
-10.85102494397022,15.022344445178666,0
-4.885603587489676,-1.1594676114935485,9
7.410321851730148,-8.919367824896018,5
1.521791950521165,-9.227293066437056,2
2.5161117035904823,-7.944440717880321,8
0.37387322295496367,-8.999724754711385,2
-9.82393539926541,17.22142920960227,0
-12.89645587910137,14.900661669986595,0
13.161330834744248,4.257933797638444,1
11.751926918994734,-11.83089513697437,7
-12.95003004104077,5.860430237585015,6
-0.18328512235658176,-10.553219335320666,3
-0.925515853056823,-11.772887597437908,2
10.8516432692196,6.3436131115778585,1
10.122814246223589,-10.22948375606529,7
-2.4658664788807014,-8.297194357922224,3
15.314419365009154,6.175702412304093,1
-1.4455731552848265,-8.678124806929523,3
-4.5184209795329044,-2.3295866045023668,9
10.295212870363663,3.6335225162890166,1
13.981553123706815,-8.736657333433579,7
-11.312765351917815,2.527176973388834,6
-1.5536050545089721,-5.748718595770811,8
9.232473742080964,9.978356040350276,4
3.081460481307224,-8.592575185800776,3
11.999558765373795,9.551203742730836,1
9.54663351216446,10.437749984595166,4
-10.019595215662672,15.320018170522967,0
5.679537151996258,-7.200845945691458,5
6.047877014735088,-8.620756489337754,3
-11.146536367030919,6.481912945022193,6
-6.190373904978359,-0.8714109381191107,9
-16.38775574484618,9.157505891092235,6
9.965312537346776,4.423215269661279,1
14.595547762380574,-8.35525976470035,7
4.0508016740486035,-4.231328046618947,5
10.626319467323329,5.632199059282195,4
12.461726830597703,11.971426534852348,4
12.186289234386862,-10.158556659964317,7
-6.380225521552893,-15.991860420452682,2
2.5058012057421473,-5.932486986453306,8
-5.133260846460884,-17.062372472592546,2
-0.12972492499652025,-8.047264996677828,2
6.619332937004974,-8.80525494489656,5
6.361946789597226,-7.953997211140076,5
14.018910754954309,12.541941511490375,4
0.3224308416023764,-5.3109716723958975,8
-0.4802646232817487,-5.495923723474527,8
10.050584529701824,11.701075086995916,4
-5.945579746382754,0.32941788190434945,9
-9.942679489313228,16.038474332609123,0
-0.39093699482407174,-6.457822930827449,8
-2.50119950178544,-2.260294428035623,9
1.9482399646418753,-5.806544870228995,8
-10.09984647256513,15.998293575126226,0
5.103354565881129,-5.758582931290403,1
-4.870518628115505,-11.4138810876311,2
-6.409298023361112,-2.6714910494119386,3
8.662793415899925,13.316476645049697,4
-3.1580687613947207,2.140743538971377,5
-13.639575985272547,9.655798841640976,6
24.137642637051776,-9.692562820839875,7
-3.0008982111012275,-6.404880069769835,8
7.7179364167062605,0.9096053970832367,9
-11.807574825086848,15.784821793282756,0
9.416048194976192,2.5943524157816418,1
-3.4003665905937357,-12.081309435484037,2
-4.820587046611016,-3.959727055283998,3
10.715828988765416,17.027949663898504,4
6.467723486923433,-5.366172427129556,5
-13.916353494167979,7.733262217714533,6
13.962705456244151,-6.768491107725085,7
3.6347374115110522,-5.451988512446923,8
11.944333033908574,-0.8280654850877122,9
-8.206225072897363,14.955465767094083,0
7.241089323351813,-2.412016909729385,1
-2.642482250259433,-15.511831619840946,2
-6.225375298560137,-4.391071470593075,3
13.295936972623192,13.357109489423934,4
-0.9455460942760545,3.429896828111947,5
-14.668580547521898,9.47954816833704,6
27.296490411412613,-8.209477788412268,7
5.994971936282695,-5.519844018047444,8
-4.762733806698542,0.34183925944275495,9
-7.863034973398864,16.28994571305389,0
-7.34112885650708,1.2216814452360312,9
-0.9823307921144206,2.440681606989652,5
-5.708924768691245,0.28156272812900845,5
-12.36520775159085,5.73909749738165,6
-7.132401250909979,3.352003860146167,5
-9.931605685340093,17.210594051347048,0
0.7247644536481738,0.4911645836521562,9
-0.9868737992627021,-7.9608967885930175,8
-7.3627021093988585,3.690641499894211,9
0.9125464395405761,-3.9674432011629834,8
8.137503379793246,17.031486792953835,4
1.8126113229598793,-3.3782265073171764,1
13.323801188346653,-9.3995550965372,7
15.049934622965557,-6.667876944712965,7
-5.165346176023808,-4.465434623312779,3
0.38887895488628327,4.141151973426597,5
0.5270976150924178,-4.283286749669545,1
-10.831654438678786,17.623770615835106,0
-10.310118259265357,15.0980682265112,0
-4.788913943821593,-17.53748889112712,2
-0.5883775369342213,-12.016077980921358,2
12.620812423273557,-7.603172065399604,7
-2.950476751599212,-3.9740903194151485,8
-1.8323167531389088,-11.000711050003764,2
-10.551498660470179,15.942065241603421,0
11.955091445234682,7.318556551997509,1
-5.284671086597469,-15.598165508561346,2
-14.442830189140897,9.986177995907438,6
-7.654583527352937,-8.977809901486939,3
-3.6742749935991648,-5.002608401257222,3
29.844063947618583,-7.955845681902249,7
-7.522499918550958,-6.184117057659743,3
-6.825479236678905,-4.861761460759889,3
12.654650751746553,17.462688331375695,4
-16.915594750691586,7.672657988647159,6
-15.370150863475457,6.423948677698324,6
-19.483178276544226,2.6027597836725547,6
15.124639858630724,15.344029658029466,4
11.84527076585099,-2.1168166896596152,9
5.129889511591778,-4.798780034511191,1
-0.40838023150302544,-3.398217229760151,5
-10.248465464368431,17.64153584483435,0
11.374625486348801,-1.9905785363423498,9
-0.27510992479818097,4.949749547077435,5
-2.0382780211138005,-13.288790848574129,2
-4.999589106858761,-4.310989535826933,8
-4.539281152697835,-17.192548807215157,2
-10.18041096402877,16.036299204342942,0
-7.722343649635257,16.658808875283682,0
7.1086716928133615,-2.1470361218940512,1
13.611045360521684,-9.558818074726297,7
-10.414743093305503,1.093344974871722,6
-5.2223780916242895,-4.868050304062701,3
-0.29607044812818545,-14.373377488871906,2
8.842400423471826,0.9018280876122735,1
14.57684723848675,-8.335974530077925,7
10.898372514718798,17.278132422992424,4
-16.77697443096274,9.269084515103357,6
-2.859557426441022,-7.776241754184628,3
4.783036997946749,-5.223171510161689,1
-6.730550617895769,-8.165227138573645,3
9.307757549862655,0.6449818464805595,9
2.18019898844696,-4.855538769661848,1
13.861219235247505,-10.198729510027121,7
-13.79638432309271,5.056128416517349,6
1.1697368271194863,-7.08669016192413,8
12.579923123555876,18.49805086266959,4
-6.664609995621626,-7.1206431986160865,3
4.3665274077550125,-6.121534409394375,1
14.13421096251857,10.663513138369844,4
-13.07428415990658,17.300607595809563,0
-3.241750302447422,6.360712499829452,5
-5.679463051055501,-5.231137592138157,3
-14.099519021774757,9.108988821464846,6
10.271568200639553,-3.0165505606562633,9
-13.434430135955418,5.126359395097819,6
3.094694113597942,-5.2082065166908,1
16.22593435965056,-6.614278855580324,7
0.7933484028372632,1.7768128641182168,5
15.58271817766424,17.47852603227433,4
8.003363807832905,16.466187390023034,4
14.741397945888316,-8.551138072392698,7
-3.690308428715853,-13.041408922114687,2
-3.0342871357426757,-6.706977243814921,8
-3.6939331282510524,-18.7763786949653,2
-5.803130931532846,-17.327550023689742,2
-4.926669309037904,1.8956514566917444,5
13.76594464309545,-9.293850826749969,7
13.067628671156697,0.3137934270089526,9
6.725713142623054,-8.185790874975906,5
14.452438010314198,17.148315277216987,4
-7.469094456568933,-4.227808906165219,8
-2.533964401759027,-4.839223170607258,8
9.308635791863408,16.191682842711355,4
17.00403795134719,1.4541870056741075,9
-12.47647683046688,15.839318636655744,0
4.798381490133519,-5.677141371348404,8
11.104212825472162,-1.1386242383190084,9
-2.2831861092736565,-8.582469572234817,3
-11.840140129050422,14.315763861511952,0
10.116331089386481,1.9988109936221596,1
-6.889173712592822,-13.350368242349688,2
-3.780468871806911,-7.268361845947929,3
13.690460605149665,9.45481287066692,4
2.301035829439815,2.1460870229600797,5
-10.30688857497207,6.46290545662244,6
18.096310181535145,-5.225072064198662,7
2.6230983116187514,-3.404798090878708,8
-3.563914235900047,-0.7212344382356642,9
-8.415504755365323,15.279337459047234,0
3.8917037974353383,0.32839420890365384,1
-11.475865891625533,-7.159093657565073,2
-6.742580385558336,-2.2588067553808218,3
17.027769378937823,12.853651669283618,4
6.038843706297049,-0.9149160539684201,5
-10.42963210090597,7.126370163493026,6
23.105225344114693,-4.66756716766242,7
1.233228945120272,-8.175158111801805,8
-8.351330616419386,1.7877239751624083,9
-9.896739058009995,15.378238531392958,0
6.475224099305614,0.5428415530682785,1
-4.213158821725511,-11.729989419702385,2
-9.046226186429708,2.351205880412541,3
11.448379436332393,11.120561183819502,4
6.466675044376843,1.930806845578925,5
-10.692284639641743,5.65684097460632,6
25.864055740474576,-5.5944995103819775,7
-0.8160032460895433,1.1480758320995084,8
-8.18515021949562,1.64631947222886,9
-7.048611690526911,17.105305853641674,0
-7.518276730072502,0.906630843202804,9
-0.9654545158138981,-1.2500458921897728,5
2.756942305427999,1.6186717178107641,5
-8.54151093844602,9.820600515674432,6
-2.226007119606072,-2.970473485465189,5
-11.06348803125483,15.882852667943768,0
-8.274790120740171,1.342820277465119,9
-0.8024220252753202,-3.6971958012542308,8
-6.906275359007324,0.8869210453055705,9
-1.8445827168358881,-3.6287214142519115,8
9.248846447782658,16.93434430256819,4
8.070386715934664,2.6790730911415115,1
23.095415014258595,-3.2139146363629822,7
18.790922965654644,-7.52269134894971,7
-7.765468392424769,-3.657218026303456,3
4.102531888434838,2.956073932254121,5
5.765343570917294,0.6964021330752913,1
-9.443102150532134,16.041068270511914,0
-10.991979341170502,16.06541720972947,0
-14.148439680644653,-8.744015305487338,2
-3.4203900730045276,-13.482050640283711,2
20.215383513868634,-5.549949371648828,7
-1.5288083878219951,-2.4619063968163823,8
-5.55469029919252,-13.930016491561885,2
-7.218455968116941,12.999528120611519,0
-21.755818571933553,-10.304942553737115,1
-7.331354787133951,-11.228011903588204,2
-9.086109781167321,7.193848635871265,6
-5.2233876360874,-4.879522563848525,3
-7.615982564029609,0.6957094973579667,3
32.30014112445832,-3.792814826602539,7
-6.648163142137305,-1.0007448445032694,3
-5.867483329908093,-0.35338499821004044,3
13.825535851877378,12.11822214701112,4
-10.95396763053526,6.1531906356821215,6
-10.415796042550205,6.819913345197105,6
-10.934797461596233,6.22642308448452,6
10.877967933309117,11.110789967489422,4
-5.405188205579815,0.6292975294603332,9
8.774628035138027,2.73947760798791,1
-1.4418417163454216,7.022003407227221,5
-6.400706946302049,12.396308878387892,0
-8.347336129076654,2.1052003899135925,9
3.981802256023889,2.9799455083492585,5
-8.411042104824904,-12.683500997904272,2
-0.8154578604272832,-4.724904742017241,8
-4.100758052089839,-12.929011430980584,2
-9.287196871007563,15.16979480722674,0
-11.99864192341421,17.23270999374392,0
6.128076201767694,0.8930101091275288,1
26.813531776476207,-2.2915052086682772,7
-10.71071102863964,3.3151194526127346,6
-8.025462450095008,0.3707383812821826,3
-5.877665893356886,-12.93217397559784,2
8.250421943076264,2.575912189454775,1
15.13447406353586,-7.552045760249038,7
13.049910161594141,15.968880057296621,4
-13.90892286975888,6.011876809336031,6
-7.008021260177959,-1.4411738293885632,3
11.23843222019431,4.652159220104341,1
-6.018364084245177,-3.0399191790292592,3
-7.3867901325727034,0.08749994304131192,9
6.187948143514541,0.43204564061329453,1
9.823077055181617,-2.1698198422764943,7
-11.917389603916716,7.834873571992669,6
-6.199198140046086,-3.567122784245144,8
15.271218744167006,10.469910277313954,4
-8.40747963595551,-5.471400791418941,3
4.471634621527627,0.4397714900277657,1
11.680209491011682,14.109486334506428,4
-10.684362523303095,11.191010390059942,0
0.4521659478288818,-4.329934544340568,5
-7.4849777797652175,-1.0006143298233623,3
-10.869028935242236,4.930524269713024,6
-8.778044935396327,0.25306708863373745,9
2.1788141578533726,-3.5365037397265944,6
6.761251186798412,1.6400701138337994,1
28.61993560727253,-5.901302621024824,7
4.306249246890979,-2.3571867297987685,5
12.284704086770333,15.633355819729047,4
12.87886097532781,13.38592313264017,4
19.11441272650564,-6.024982813583657,7
-6.897717951013145,-13.620849018534665,2
-6.2662679525498985,-3.900843086504238,8
-6.208313101348746,-13.29789247409267,2
4.366347469595288,-4.296842926361667,2
4.1692577549084975,-1.6634681228180062,5
14.750116698195246,-5.203548089304759,7
-7.71333876750511,1.3953759590048542,9
5.754938777548447,2.380361267329988,5
11.545695724071638,16.238613561213178,4
-1.2079443198631643,-6.1099251434472475,8
0.9419774578946953,-4.236426531842137,8
13.053307919045297,7.208899683267301,4
-1.1246290663237215,1.221554983523274,9
-7.578289835961556,14.301296332592717,0
-1.100205411264432,-3.5136703308020554,8
-6.100859299881363,1.9887585352080033,9
-0.8467375332715206,-3.7292762244679487,8
-4.280079326671496,13.904781796384517,0
-23.86086756804787,-10.747707956228531,1
-4.878802353741764,-11.857020680917742,2
-10.007128746762561,-5.186045626626414,3
18.830515503109385,12.189059560060127,4
-3.977892095573206,11.264998903529037,5
-9.630550281936577,4.086455056092391,6
10.831212562397084,-11.377385257467044,7
6.581342939831571,-5.262260558966911,8
-4.486478306762401,3.80306571118882,9
-7.5336707985037785,12.464709778856514,0
-22.254149967888253,-11.181249281277829,1
-2.219482613073439,-7.250217525709947,2
-6.0860006802674,-6.943514649515495,3
17.777759607405198,6.950153841645576,4
-6.087687180235517,5.3428116999344635,5
-7.5009812194899546,7.362659539212754,6
14.589438050447802,-5.150955558899323,7
-2.0237324978237634,-6.712282336614058,8
-6.037160036229467,4.500671321012942,9
-5.151529466935753,12.184301398630605,0
-18.24231153503844,-8.241794536668408,1
-8.989813001624452,-10.128309159887202,2
-7.27918964576875,-6.545048519058335,3
17.233174014610864,13.770937001820014,4
-3.225140967937658,5.983707892642035,5
-10.069819965938269,6.866916071242397,6
12.98729067998768,-8.580784653583798,7
-5.290611255319567,-6.79411606910419,8
-8.901573170463227,-0.8528803089392607,9
-3.4934523652151594,12.650848933636494,0
0.47133880279673623,-6.335438083850032,9
-0.26000126858396777,4.320158147363113,5
-6.390827960671898,6.176978326094411,5
-5.477476235529346,4.527866943281034,6
-4.990145635185327,8.502242182884878,5
-7.185980859091905,10.650221365577574,0
-3.8462669664089795,0.2567210054844462,9
2.890091104442434,-5.252632903078473,8
-7.016336954769501,-0.6975360566122846,9
-4.274252149813807,-4.672934404460731,8
16.626389322843828,14.65731426450205,4
-22.93149678967747,-9.553605587103554,1
13.67341429010721,-8.389384916566124,7
14.768211186639453,-5.568715066317625,7
-10.06415545467684,-5.031221917921879,3
-3.1484045706377106,6.645060781009918,5
-20.653473574296463,-5.415742092048634,1
-8.137306360364128,15.9514853291192,0
-11.021473005088815,17.124430661989603,0
-11.078483756589744,-17.291149445443033,2
-11.457608596888674,-14.721147723286645,2
13.845893716495194,-8.856656065812752,7
-6.53047916876417,-3.241446287930101,8
-6.844700300379569,-14.517015062651351,2
-8.287673225088666,13.94264007750633,0
-20.699485572201024,-9.497405655233832,1
-9.831169068755376,-14.085665180959895,2
-2.5963242211224884,1.6591950178757857,6
-11.833518784767378,-7.180410125786498,3
-5.5553505727190515,-7.234337156044733,3
17.91885273363665,-8.413663572384717,7
-8.11695659315841,-4.782548680703277,3
-10.482600333660038,-5.06581021148545,3
13.170693162230878,15.958459608892479,4
-5.080222915316458,5.9563678337242685,6
-8.188138852309399,3.3413361701359534,6
-7.479695780746633,9.336686451721564,6
16.04015634125414,11.187168075226042,4
-4.356724036909891,2.9655004240418568,9
-24.708568810406423,-8.082308154046693,1
-2.5715608707416444,7.061461114669172,5
-5.4604356898929325,15.08570566984381,0
-3.1539755391955246,0.7052565378503537,9
-4.118850002441631,8.545125123213262,5
-16.151530328804498,-12.677988964960543,2
-5.527674362035075,-2.5265387461160933,8
-4.732955415969183,-13.047671945009393,2
-4.997549474382885,9.110808166395602,0
-2.310652013526315,8.966634045091514,0
-20.410180368048756,-5.015959545827372,1
14.130684442157794,-6.389394747410591,7
-4.816399311984263,5.480629392526212,6
-14.979260364710065,-10.698826746678192,3
-11.998737296349997,-15.902828344405863,2
-19.707730667381423,-6.560115565393321,1
14.364147635440707,-4.838740942828733,7
18.205860695095822,12.477612199278985,4
-1.5689201260253345,0.5449968167965231,6
-9.059027776929348,-4.59478742059838,3
-16.868555052169754,-3.9900419981291138,1
-7.913954788229593,-5.51379695287234,3
-7.212152665331527,0.26731944591270124,9
-22.751405231111537,-6.391108042081412,1
12.749862600593355,-9.014887732988091,7
-9.768642340510397,3.9440504241565066,6
-4.361657108248111,-5.424272678445482,8
17.80653651850696,14.371238389535327,4
-8.331878554694688,-7.30790079406903,3
-0.5616673730798951,-3.6544780885286023,1
17.572807664593746,14.141736234581849,4
-3.845949495366094,11.428360411623776,0
-4.864832007275007,4.415986052374734,5
-8.225427624542442,-4.692000841603988,3
-10.159997259000464,3.7275356216341864,6
-7.9069250538359235,-1.011610829720197,9
-4.693812035463807,3.692400570658545,6
-22.44538708541677,-15.15991779025202,1
13.33798192751235,-6.8945256050978525,7
-2.1391783743043393,7.440794714079388,5
17.7832777388381,18.184704801465752,4
13.746384901151405,18.07920501573396,4
14.554452458869882,-9.262360731239884,7
-14.026482223926983,-16.09589335246828,2
2.876757618696843,-4.550377589317387,8
-3.046950788821921,-12.627548207340867,2
-12.030458282573363,-16.38632196461565,2
-1.172891839868444,10.821752951480079,5
15.527861047175156,-4.161027142038916,7
-4.963191867010838,1.4982525937739788,9
-3.80887917498517,8.557974333332595,5
19.35740557845477,11.885334117108322,4
2.7458380595323297,-4.1467771041638555,8
-5.7062561461058365,-5.0706649783519895,8
19.141350245556797,9.737201232140869,4
-4.14310584850908,0.427509374328861,9
-5.490901341672001,12.38170539938444,0
-5.9327050397509495,-5.077271820895912,8
-8.54750231683069,1.7815079150585136,9
2.0481120266629,-4.399214358860153,8
-11.248576852554894,17.317663972856803,0
5.5067494761956555,-5.815829399881323,1
-4.30496748155354,-11.519317814969751,2
-5.281181026662158,-3.9059093482810114,3
12.354069602395642,13.749231642146972,4
3.3662299977927375,8.684215264190819,5
-17.07063433911659,5.517055786074745,6
15.575273773859955,-6.846414582310505,7
-3.8064309838610955,-5.588496029758901,8
20.467072993285733,3.8570839651820927,9
-8.352063672261218,14.687259884601303,0
2.113632723621262,-3.38901112775166,1
-2.124386606362486,-12.193590772274364,2
-6.861504811834435,-3.4638283138687322,3
11.780418000915459,13.177964719486468,4
1.5629845310796662,3.37462270953296,5
-17.368729131535247,7.730647185382461,6
17.743698578994394,-9.135312706606099,7
-0.9046363479903152,-7.758950302719442,8
18.746630359440925,3.896092765716699,9
-9.956736259509755,18.069277614330314,0
2.369958215519141,-2.018388613521248,1
-2.322581563159584,-12.708003557648574,2
-4.724580523472964,-4.375357914081798,3
14.581259197400428,13.27657466462205,4
3.635359845626953,-0.27605022965191955,5
-15.914141074584645,6.772483238327543,6
38.21777238551291,2.3239073770061003,7
-5.110200211367611,-5.328913683562928,8
17.52422007486673,1.8099547590668232,9
-7.10911179444975,17.588687128874312,0
17.5461516294423,5.596462192084549,9
4.202988838000752,12.069155334527949,5
4.384623322622783,-2.4587019475931267,5
-14.213885270766324,8.399761005506363,6
4.259069165695576,-1.050339907685008,5
-9.000301137352787,14.203608805107024,0
17.61437210337909,1.6034188918713008,9
-2.0115834391659586,-6.183968699485426,8
16.619502947752075,2.663713754049213,9
-1.0893776440828502,-4.4716851327033025,8
11.520955623792467,15.235832929061498,4
4.697952954481068,-5.8513633927752275,1
26.38275398829482,7.198636838641468,7
23.312288656074212,-2.652587101556104,7
-0.9592228571689283,-4.836965659287092,3
4.318664059195315,-2.3483088726160126,5
4.366195699683721,-5.578772867445533,1
-8.450084172123368,14.59214713163216,0
-6.832375874004277,13.12530649043188,0
0.39908206475214564,-10.845801275167736,2
-0.9639500984594473,-9.802813752176988,2
15.196769116259546,-6.376725461122596,7
1.6195579471672912,-5.781635162062034,8
0.9747910145428893,-7.107410726432978,2
-5.718953681765747,17.146725489243646,0
4.018591878939417,-5.580842719986578,1
-1.5348515544829013,-7.650304713985649,2
-15.929353688702049,6.863958842672935,6
-5.911805552202642,-4.657049985116232,3
-5.2061665062780556,-5.999654646809131,3
16.186490447690687,-7.654755455255533,7
-6.417275785108063,-4.882535750319777,3
-4.622229829353279,-5.74045527547578,3
11.11318624729265,15.7558549382155,4
-16.329384588463473,9.57083439780239,6
-17.71719886231504,3.199712402968953,6
-17.54885889380857,9.588525551897987,6
12.767719425037054,13.543576423585112,4
18.569401299972967,2.148606189473289,9
5.0810861299452235,-5.035001829996685,1
1.6327081413070983,5.120652641655872,5
-7.544361868323814,13.57244231768486,0
11.134382788728088,3.7467304223201316,9
2.733048488077375,5.981352361234139,5
2.3555105288239067,-11.043016951631925,2
-3.4294966993331113,-3.6897154431039247,8
-0.9676437111680254,-10.10026531502302,2
-8.348352231932658,14.23274099252801,0
-10.56335425985674,16.189365997283875,0
4.230856376838441,-5.4897362891937735,1
14.296023837675312,-8.124850805747942,7
-17.374649056452313,7.931545713113389,6
-5.746078090185477,-4.5561658213293015,3
-2.6537326193611843,-16.291198850331213,2
5.0932114326198565,-6.7911963807403115,1
34.74214021140094,1.316483290396639,7
11.291158417753493,14.447837617570746,4
-16.5074524262323,-1.8800332400372177,6
-7.520086800560759,-4.826838154402498,3
4.005755853530537,-6.096133389215995,1
-5.618851709386337,-3.6586676905230413,3
16.033343208585737,4.326471448469011,9
4.058126226828351,-5.102745524151835,1
16.028650890922275,-7.585595217372654,7
-17.352245663993962,8.561070657157565,6
-1.074197920686411,-6.484168765792684,8
15.955944236955549,12.721940034268531,4
-5.889029680287496,-3.2825958464622693,3
5.328666445244053,-6.166209616801502,1
16.548100776437433,-2.223766477892528,4
-9.310787465012384,16.58371103289799,0
-2.962946495542446,0.07509743594506804,5
-4.662459606117503,-6.439196345118554,3
-13.712406083869245,1.394118713059982,6
21.993378252270556,3.185993388049487,9
-13.884108218442721,-0.6991598668239519,6
6.402451575267162,-7.412537130666593,1
16.033228912663528,-7.6350447046779975,7
6.179228152218948,-2.998322326072652,5
7.374940134726923,23.507507732216688,4
39.01867365460884,-13.521291793062902,4
17.424253109933815,-7.6421832399131,7
0.4550193264720351,-12.211839431301636,2
3.3710235687892376,-6.600868161335938,8
0.6235652948573518,-11.999383364148938,2
-0.4912660948406641,-11.942988663478662,2
4.698987810491737,-2.6543433285746163,5
13.756970269799995,-5.5251936810393,7
22.557953012768454,2.8114491511031106,9
5.639601507855681,-3.8639578155865393,5
17.175046265755245,18.907367995513376,4
-3.9279738922214573,-2.732580441949221,8
1.1357244376180564,-10.05090733955879,8
18.038763162426825,3.8323288015900907,4
22.824162726080594,6.516799916565947,9
-5.762929298786005,13.46362086384378,0
-4.911141502785276,-6.147924401397113,8
16.97212777065399,0.6536733933509752,9
0.10298203818668862,-5.570285200114456,8
-11.652535976036155,17.672992547439446,0
4.286209288759434,-5.831682768811292,1
-2.2994505745355274,-14.967581043080967,2
-6.711065853636637,-5.4126451439441725,3
13.788835972635475,14.247686993254792,4
5.68640250569297,-5.180306687921028,5
-14.057229568689912,9.198053211868327,6
14.32913266317215,-9.800629708584243,7
-3.8275389551926504,-7.364672328735525,8
-7.551170445461238,0.03486897325857206,9
-9.556394787015112,16.168744163123222,0
3.254619521179695,-6.560911728226773,1
-5.0765381136745065,-18.9948534798512,2
-5.6865646690010685,-7.6827919035087655,3
9.566709995325215,11.881105324761352,4
6.651367445918996,-6.372497217883347,5
-10.784052370353203,11.514599806433615,6
12.632424308253093,-9.289101918160375,7
9.18126290676659,1.9658445776951226,8
-0.5893081160067553,4.675808544247529,9
-10.557728886859067,16.39063310885271,0
4.425160351015428,-5.305453797797689,1
-3.963078230435824,-18.822755844044877,2
-5.5062906493559165,-8.059012924587844,3
22.74161371964604,20.16143297273253,4
6.350153398639792,-6.759491733332311,5
-10.929947536276526,4.801175620942709,6
13.19893135334134,-11.052756803065487,7
1.0424592702375197,-5.480371478841176,8
-7.568382033249239,1.865917799766657,9
-10.645629290263741,14.497828367189003,0
-3.551426325525848,-0.3486357784264193,9
6.059765915548586,-3.2403009659128363,5
6.5154124110796285,-5.016604773403474,5
-14.225089769328006,12.109889032188391,6
6.057320941061454,-7.620492435133988,5
-8.418337205552799,13.99436776625851,0
-11.993389752173615,-4.2682378912105845,9
-2.7769547660125617,-4.801668209365548,8
-2.313588101718508,2.264122458280719,9
-0.5771345788929194,-1.3133878780242665,8
14.268450443103507,13.604252636282183,4
1.0376775267945784,-4.598962926733344,1
11.830990707511136,-12.01947721903263,7
12.239703888559106,-9.289306913208748,7
-5.0817208791484445,-9.95229380022883,3
6.512386932510707,-4.876996763945529,5
4.210135638500154,-5.305004879777831,1
-10.533901222405413,19.498934725145457,0
-9.220852149423523,18.992976112875287,0
-0.6815728196700926,-11.461950297475795,2
-5.719946635292445,-21.706395810664542,2
6.22701178428509,-10.198984120368081,7
1.8108943897248329,-0.21536358396426825,8
-2.6749580431833437,-19.098257285354528,2
-8.650143200292405,17.623761588534684,0
-19.952285540373595,-14.612972469010737,1
-5.05021596043388,-13.305864671775838,2
-9.078855219506835,2.1618443899480675,6
-4.575504740285402,-9.475897380642891,3
-3.708604468532972,-9.339476992713253,3
12.066896062180636,-10.480741527524822,7
3.4615467051924065,-8.076775402434976,3
-0.40176691691939004,-10.602631471980759,3
11.711132657597483,14.17112711344655,4
-9.749562589263867,3.1737435251780703,6
-14.950523456871228,11.72891907087444,6
-13.20168552564541,11.889563805971783,6
13.053264922561247,12.572234257463956,4
-4.643863452696046,2.811350631803899,9
3.026598406560798,-5.23813140967588,1
5.641220778700542,-4.292023002785018,5
-6.753846533525415,15.999095698578225,0
-4.798483799699437,-0.23119737721220346,9
6.930368747656502,-6.762561332958869,5
-4.3886766204698935,-22.710878992940124,2
1.021458462266771,-4.921563481704503,8
-4.102429325580853,-19.0229299343814,2
-7.716929426044234,19.56391399055328,0
-10.523209664849878,15.900907260550033,0
1.3339199591659645,-3.619883091785936,1
13.924765424709973,-10.355004807236321,7
-12.89628856178673,8.838876699872563,6
-3.267119918323432,-6.935262666556975,3
0.8886177289104135,-9.6422676923923,2
5.4140696195279645,-7.138686554078962,1
16.76814592851493,-11.082451980163327,7
16.64378959034824,17.51338082358596,4
-12.721615559314737,6.26357424261228,6
-4.926766310982229,-7.234137811880151,3
4.543178271273308,-5.2174295436450135,1
-4.916584175923525,-6.274985123729772,3
-1.1992760700134277,0.5872767600188659,9
3.5692053719767083,-3.3306874883127198,1
12.092361595876588,-10.506109692092679,7
-13.15236795622937,7.5286931920970765,6
-3.1489845468546465,-5.229707925680081,8
28.20502894736106,34.87841993466132,4
-5.633322151204626,-5.176150328797779,3
4.069803932159595,-5.377043136208191,1
16.158337817775525,12.755267391560507,4
-8.693235944676632,17.392329305939242,0
4.368994550659536,-6.175952263801373,5
-4.274889747264904,-8.072682148623958,3
-11.689206231461728,3.540820094812174,6
-6.7915919265525355,0.9091302509655649,9
-14.644172375174414,8.164511868729189,6
4.61557560748082,-6.51084178148084,1
14.971358443766778,-9.381373585484884,7
6.322851664720626,-6.031321810353688,5
14.545619832832568,12.137888804865705,4
12.461296677603254,13.694236136669492,4
12.793238646859871,-9.708622734614886,7
-3.710028850860223,-24.68230044099228,2
2.920609673465361,-1.8505919898961816,8
7.050959494320026,-8.885919724075755,2
-1.8624621780896264,-13.725149774549473,2
4.551238026316095,-2.557417304359818,5
12.236185113782106,-10.131050146587127,7
-3.8650225504794005,0.6335450999902857,9
6.018714331691812,-6.375426195797358,5
18.688007243906455,17.42803212064606,4
3.329453455420028,-2.3007826187440075,8
-8.043867279548493,-1.5068048135962802,8
20.372611447780947,18.395192416121514,4
-4.388130890228037,1.6345861145890723,9
-9.781693159775887,16.451433500914142,0
-0.15188964369563546,-2.0007632062610026,8
-4.614914688770698,-0.010280709796558872,9
-1.0273747652159415,-4.4224467600458865,8
-20.97116631716486,-12.764061572075823,1
-3.2594555368183933,-14.595697600284305,2
-8.673147561780103,-2.63374921685348,3
16.730317309752305,19.72324446916193,4
-2.6947285558345104,5.87728683513158,5
-14.441316248288564,10.281875295392604,6
14.370263344682254,-8.209933885473642,7
-5.505203667197061,-6.64947306848437,8
-12.745394505653614,-1.1829362802030587,9
-8.648809537469424,13.612554750558267,0
-20.89707509747199,-12.016969907671584,1
-8.63855626829195,-20.19491962414166,2
-6.9554096893117885,-6.028157422769802,3
28.619516887146748,29.485401810038642,4
-5.233318321780558,5.700160288362444,5
-16.688416230689903,9.753824029160514,6
9.866285637091263,-10.436943724312776,7
-3.86013316420402,-6.3112548154112105,8
-8.14239613294654,0.7964475854926052,9
-7.468279678837588,13.822816545497671,0
-21.076854513584003,-14.405375115583407,1
-5.63317677120361,-15.066362157169051,2
-9.350298727696334,-5.564439015612749,3
16.579011930264727,20.963313510806476,4
-7.753155747505812,1.024126213016997,5
-16.06100379475562,11.39452638356488,6
13.453788364150753,-7.6155266952030045,7
-4.655747246827918,-8.141656888318387,8
-9.171044922200446,0.5452459310407276,9
-7.301639718822771,13.537126633851077,0
-4.835839188613601,0.5911763165211518,9
-9.111642854168911,3.5611668958125757,5
-3.255560082627327,4.65444533467202,5
-11.478359264351779,8.83912574159167,6
-8.104642586312474,3.398642819439702,5
-8.715998194747286,15.237106205887729,0
-8.233009434653942,1.2536943088436456,9
-5.578529088839203,-6.760487383647271,8
-7.829060274322248,0.6165194847744316,9
-2.2494378558239116,-4.900162040775037,8
15.783782654471874,17.453905106658844,4
-21.989383478197823,-12.108276397341122,1
13.664914527819436,-10.769355026078271,7
16.836975236090442,-9.259145885441601,7
-8.143483533206012,-5.921647820815043,3
-8.535456799405644,0.3192397118917889,5
-23.89218823778476,-11.037792087770697,1
-5.999946584531629,-15.495401980223791,2
12.928814290258014,-10.876606107014329,7
-3.693000147178571,-5.397321906842976,8
-14.145816511200232,-13.376433427897231,2
-9.310192416787718,14.662142926171814,0
-23.398718193344234,-10.879214624252905,1
-6.951223628010558,-13.583711771733029,2
-15.138634085867805,11.008013111348323,6
-7.553485424462416,-4.8664135377682785,3
-8.013029879136498,-7.19636098082447,3
15.38369703144988,-9.812989224533794,7
-8.916555918733387,-3.6216230637056372,3
-10.05512883472094,0.17394037406460244,3
17.61672156421513,17.083183763541854,4
-12.008705774286442,7.406651703185406,6
-15.393989395909873,9.394766743971626,6
-12.723177539405409,9.367654389134211,6
16.588108899409484,20.3474751058488,4
-10.884841563625676,-1.7104017450361786,9
-22.43763362948809,-12.385896159318747,1
-4.0824473687090155,3.940668005418073,5
-8.513677963643968,14.119961690522588,0
-10.45313554366565,-0.023670354686684787,9
-7.734132767364413,1.8420742045442695,5
-8.260926447721783,-11.867626506382114,2
-2.714567692732293,-3.415221200118149,8
-12.478440023011045,-13.891312320044085,2
-11.282564099268113,16.719583360186746,0
-10.587423965343692,15.681699362566485,0
-23.943579396060915,-10.874107947018107,1
14.714862700551523,-8.923236909663334,7
-14.703193961652174,10.044461505122449,6
-11.487064799973973,-1.2067539544552501,3
-5.434806408933658,-17.689677592563996,2
-20.68288097417655,-14.47243470175165,1
28.418671673639118,56.31675957365449,4
-13.440075233115744,3.0240205160203892,6
-7.800925918520708,-4.247662900262545,3
-22.850992764705094,-10.519878279431994,1
-8.766013332100735,-1.1431414916387408,3
-8.013678187593218,0.4927665916637199,9
-21.840226146055254,-10.193728396069051,1
13.546088609154141,-10.540625260280606,7
-11.792012927886828,8.752009360885054,6
-1.4886291289052278,-4.087030869946616,8
23.465927911082073,16.29395855718881,4
-6.467521207533842,-7.414074655992643,3
-22.770156547385785,-11.826151770535771,1
21.485729006897873,22.265148065883004,4
-8.429062311794537,15.211685524109665,0
-0.36469251750293163,3.508641270863286,5
-10.113782622657377,-3.1575888371785834,3
-16.054088490078414,8.877739046702814,6
-8.941399699897332,0.8608014830347865,9
-13.811462074974257,10.540094306798997,6
-21.962128894966575,-10.85016981204906,1
23.25988598164357,-9.621762897010116,7
-6.866476639304828,3.245459177037981,5
15.736520748720986,21.50056100807954,4
21.84399065716277,21.31621170887162,4
14.82076509401346,-9.579632164902897,7
-3.640391742401694,-14.494547534926259,2
-5.6669502580014095,-8.389979134724628,8
-8.374087318462376,-12.523870143519233,2
-8.253443289056433,-19.23192012458851,2
-7.606319666304787,2.978972776076895,5
13.503039560435191,-10.537005002287742,7
-7.756115535777752,0.331038278764761,9
-5.400848545035407,2.25795291897428,5
30.750432414155128,8.964652350682135,4
21.365728571709763,18.19220443575146,4
-12.860126047095772,-0.7209344920966984,9
-9.007323115469744,14.061065904318564,0
-3.3499338083446233,-3.834068576374122,8
-7.76268465860918,1.2950458576628106,9
-4.498696622308924,-6.437266844244302,8
-7.730070976356698,15.147729277945535,0
2.8711282421630435,-4.4689169058390705,1
-7.509513518635282,-14.296598060022392,2
-6.642663259450564,-4.432537919190383,3
19.849303206037394,17.357190387885424,4
3.769578885985443,-0.34725215533287007,5
-16.615948383228936,8.83763850957038,6
15.964143398321111,-8.804570015048148,7
2.085782635823768,-6.314421442442545,8
-5.643804389794127,-2.9185359845260295,9
-9.356312464272117,14.65063399613498,0
2.20524873899633,-3.780774703588959,1
-2.7652464190484056,-12.160425267824717,2
-8.83625137812088,-5.741376231143845,3
31.736740026623895,19.858709197581696,4
2.2709021390980237,0.6561553861764383,5
-15.904887246769771,10.428622022700457,6
15.15596204683718,-9.743179383906476,7
0.6371706694133156,-7.876485456668043,8
-9.66374794665682,-0.43128248339619335,9
-12.720337656546198,16.863557692917553,0
4.3908035659012885,-5.063912186714252,1
-7.9571033021097275,-13.811324393757545,2
-4.604055491188483,-6.698300569936843,3
13.819386630156297,16.073332359162436,4
0.10068096867964987,7.531113808181294,5
-15.019767751822958,7.431564015055321,6
16.194479336715613,-11.221222546654714,7
-5.046283562754111,-11.131909268958324,8
-7.541815484985864,0.9835835036189843,9
-8.970662342258278,13.172344999011504,0
-0.3147606598027869,-2.71160106539607,9
2.229655770510039,2.6036764023060233,5
1.7789853568955387,-1.0967543278520975,5
-13.135498392577663,2.4532056814849326,6
2.584296909630225,2.3085454421238807,5
-11.953610396074243,16.66175299282352,0
-10.611256320222468,0.43577216447636996,9
-2.67334770503391,-9.427451924883147,8
0.7653194391814969,1.3991856128712863,9
-0.8753635150942299,-5.680170786850384,8
36.66797170979902,27.575099867865223,4
4.375834976697635,-7.061352885582898,1
16.378457702949973,-9.889424723694834,7
15.50350714654895,-8.267500475817304,7
-2.791948099044637,-4.542475919804434,3
1.8690269388599383,0.8034572786284901,5
4.515529689017308,-4.421327415315723,1
-10.973497264212874,16.451012361640206,0
-12.158055544167023,11.046667835674048,0
16.84101105872977,-12.126594270042466,7
3.6914919507512867,-9.69849030349658,8
-6.725913625393809,-12.244134532445086,2
-11.268210272190839,18.05487880450301,0
4.823767370832333,-3.4467830700497224,1
-5.9138713753182905,-11.840731116801695,2
-10.42201388208895,2.9497955072816398,6
-13.538424049794996,-15.403510783569935,3
-2.760125957294091,-6.829063185155118,3
15.6809034176988,-9.94863560699179,7
-8.443196619181233,-5.372297013979161,3
-4.936409028081036,-6.448586681847128,3
14.596552043850448,16.159218675622288,4
-17.645230482502903,1.6415374948977526,6
-16.39009751165353,3.691254424494945,6
-18.01330084298493,-1.5309138940570126,6
13.742611133435883,3.4823172590485094,4
-9.68017911241464,0.4737803742484729,9
4.2237257146358465,-5.380606802217242,1
0.05307986146604595,6.527695203352076,5
-7.481043821830103,12.251195014026075,0
2.8694328881529234,-1.6980581721388988,9
3.856950686842361,-1.9381199550023027,5
-11.224865118438005,-6.390135637561973,2
-3.0646674551731126,-8.9179709129596,8
-5.914788178393764,-10.534440177560752,2
-10.947457268731233,16.303851130969335,0
-9.298342503243346,14.366562301036463,0
3.198059435531264,-3.657093348164108,1
18.63715509227865,-7.335544866426879,7
-15.977611234480632,-1.9819835924227056,6
-7.429219254842577,-4.26289929758669,3
-10.880587822667593,-12.247625120245251,2
4.128875039337618,-5.1500510584877315,1
10.816600773498024,-5.008547060078063,7
13.885342935608607,15.727117138453199,4
-18.318512165949716,0.9082415864323897,6
-6.055786790162174,-5.156176937120258,3
4.724400463159773,-7.5310346045068,1
12.606843395242207,-6.435577848527324,3
-12.547758687980526,-0.9097572458954419,9
4.22693704668629,-4.695002598053185,1
16.453535871498076,-11.965032030050962,7
-17.30141046762345,6.707212034356697,6
-2.3868067956106436,-11.281381811088549,8
13.10555407356933,13.009904393668213,4
-6.901991568616813,-3.969523965524091,3
4.668352892345452,-5.2820672720955715,1
9.84360328888599,15.005984883293056,4
-7.078516314162706,13.438251942786174,0
0.546635643446101,4.708047621679046,5
-3.9076607779172394,-8.217149741221073,3
-4.966594132861549,-0.19331804188012852,6
-5.219133065069719,0.5135661220242186,9
-17.136346210509018,7.9935340720141355,6
3.7722013364945366,-3.64814216245328,1
21.364446260199603,-9.696177801079962,7
-1.1883930440022183,7.009827727940523,5
11.302277123273734,17.944725356659415,4
17.832280032211017,16.78601244648111,4
14.1450592135541,-10.701377571799991,7
-7.30513469968265,-15.280009359447773,2
2.375106666962001,-6.956561790294281,8
-6.419857008674026,-11.93775328391428,2
-12.339557475356862,-12.723265362936543,2
4.653853580978617,-1.210780862894813,5
19.437343306534554,-8.088784784973091,7
-5.458304779336815,-3.5766783843665864,9
-0.9087193204222768,4.709583839196197,5
10.947419542148625,17.312838591823994,4
-1.5360958138405643,-8.32629786469238,8
0.11190966862285072,-9.349863054546777,8
13.588998896416628,12.921301373420354,4
-12.825466360178497,-1.7378953360683975,9
-9.16295109879379,13.691540549795064,0
-0.23050632122096845,-11.895107466826895,8
-2.522709675009081,-2.589023602790843,9
-1.964547856101932,-12.276179002335041,8
-5.813542202894583,13.29954369452497,0
7.1052196919188955,1.441479446547349,1
-5.637534222371332,-16.60586861110349,2
-7.503059252980488,-6.10972829483251,3
9.235717654490376,16.135244730966726,4
-3.8845408276144986,4.909099833276093,5
-16.566421662837854,11.510023371880099,6
14.477429915641668,-8.668272926928916,7
-6.744484948368367,-6.448658920850123,8
-7.227485270654954,2.5315590864678708,9
-7.703516583418415,14.165102040438057,0
9.424477956807237,0.8441824550259964,1
-5.303889252265239,-14.380773043356397,2
-3.2528334354289226,-6.613911844894391,3
14.818360306117343,20.423734896257177,4
-3.387784298645598,2.999357947696817,5
-7.119054794185217,3.4028976566922897,6
15.37230986728348,-10.591693784475618,7
4.543398883735304,-8.86861710536729,8
-26.430533910113105,1.7708295803807892,9
-10.219951318313532,18.172694467523392,0
2.9710595788300744,-4.074731299661296,1
-1.8293233219528848,-14.023289668641144,2
-7.472829612486787,-5.5729588617850485,3
12.870543045345839,15.586873454099614,4
6.23683112628491,-7.898167545409528,5
-15.419153048935366,3.1355160605503634,6
16.774251717166116,-8.022271537392497,7
5.061111073549407,-9.171263657619384,8
-4.9007687409508245,1.036938860804681,9
-7.541605801181383,13.459014245818915,0
-4.338067654105032,2.842217788223777,9
-0.6214669558008946,3.047690614965799,5
2.8884443040074204,-1.8480767702274337,5
-18.824753797542026,-1.1116483567593016,6
5.0034257239414766,-6.866649757443317,5
-10.569734832544453,16.490124509064458,0
-2.33580226051623,1.831024100615367,9
2.059785830889533,-6.3918973041714855,8
-5.32023809713485,1.6342209763416355,9
3.1776738638178124,-9.867378067469447,8
16.060990176250865,20.89269621588918,4
3.1992500965015633,-5.000707669878909,1
15.082604957855255,-9.611500537939792,7
15.71675881553951,-8.637398481708397,7
6.50419249077974,-13.816918190064111,3
-0.25657800916709267,7.225726547377761,5
6.604736810912843,-1.0894315886732557,1
-7.356501645010122,15.104545184034215,0
-7.729919977480097,14.955717684716179,0
-3.3435064424295575,-12.31537536920185,2
-1.085846159584147,-13.031865317904229,2
14.366854069448127,-4.654793604741497,7
5.904293950827133,-7.884893181095103,8
-3.3986712979717546,-19.7002813276944,2
-6.1744124770581665,14.624769389500871,0
5.4544596411834725,-5.554308844917055,1
-3.469580840352101,-13.388138721608867,2
-17.3007224763177,4.226308900130357,6
-4.82726898406663,-4.132773195066968,3
-1.1661632555916712,-9.616571886621724,3
14.690955011364707,-4.927415910519079,7
0.21510642297765148,-9.026859769455074,3
-0.07125787481643932,-9.438653104840103,3
16.916056695126642,17.3512675878807,4
-16.497813612874992,3.505221067902664,6
-10.613732770779455,4.494666698730719,6
-10.923307813074027,4.556419630451716,6
12.04139820379457,17.841228540426158,4
-7.510858712024925,-0.15021860153820235,9
3.687160733231152,-3.7379094772624875,1
5.20592965474216,0.16123067116010537,5
-9.44364081507075,15.981866893080388,0
-0.45493017940743813,1.3778336823854849,9
-1.939959359324256,0.834594697019043,5
-2.965456306201319,-13.953174274359963,2
5.361433606369209,-10.232606002736736,8
-1.5213412619919089,-11.304209514820098,2
-8.542561693417122,14.991533253571234,0
-6.77921998805217,15.394504351137748,0
4.8859457428894535,-5.652787446570317,1
13.439585525637392,-10.69413532610273,7
-15.607469619963748,4.7405107297971485,6
1.022056934269241,-11.946558308463125,3
-2.396251294754931,-13.674668874287299,2
2.921220393560576,-3.321653865028999,1
15.089985381887088,-10.202315377535113,7
10.269618664750869,18.797535790654514,4
-16.332535719263756,3.9457332857042524,6
-1.1716733920577893,-8.512117333053494,3
4.5167932664481265,-4.367858237272957,1
-9.831034634973681,-10.787763242187811,3
-4.036919773172404,2.292390976188544,9
4.348084771759735,-4.341081054216786,1
13.290646532121727,-6.837693406883624,7
-17.409349864607673,3.6819194354303275,6
3.615165696012769,-9.649548681580564,8
10.042158078212392,18.039345235204706,4
-5.094436108030315,-7.181937097780318,3
3.5937764895338122,-5.047896053774923,1
12.537483501613787,17.63722022387349,4
-10.56021346615964,16.714242278232394,0
6.173815778146906,-12.342746353741296,5
1.9211221243174201,-14.221531537055256,3
-9.526548423623217,5.221851670096013,6
-3.550844881194976,0.8046791312097441,9
-22.918865650330527,1.2735304844600839,6
0.055204662340660564,-23.709279755721443,1
12.973391912282354,-10.177787225699163,7
5.256675510700543,-3.1628439058659454,5
14.549155590949365,17.759096336612384,4
18.634924630695995,20.791117525442715,4
14.466983661238729,-8.393283974819509,7
-3.550492577407845,-19.675446364658207,2
-10.467449518903473,-20.293981387663653,8
-3.892089393079824,-18.57982885189473,2
-12.951316805362877,-18.367850949273528,2
6.7708916969103665,-6.187554181813977,5
17.55809960120016,-9.417336432417564,7
-1.8571130216598633,-0.9669061124287206,9
1.8222907812016398,-5.7578438944352985,5
12.63344598471615,19.360549453077475,4
3.9303936736770857,-8.525018957192172,8
0.5972238618196947,-10.059485085327987,8
9.352541492408431,14.40878178442517,4
-4.756225598255973,0.8588380548079486,9
-8.911732428610652,15.197842973138533,0
2.3313374454582503,-10.40431409749453,8
0.6045806515052675,-0.16481907460726083,9
2.259224256073203,-9.22117908654645,8
-11.000858701758292,14.914917940005855,0
8.339404312365906,-0.43627949391507137,1
-4.158658790690675,-11.585037527608442,2
-2.864870551503255,-10.358309218339485,3
17.362053081294665,17.62839780676524,4
-5.1265934419019805,5.577297070252979,5
-23.615348597928396,2.8351868047871083,6
16.068479477288967,-14.65834957784199,7
2.1439023635045347,-5.694146843796371,8
-9.160886578173509,1.6446825945212074,9
-7.331585759650268,17.628343986652034,0
5.854182005230417,-1.4281156216934556,1
-15.969002682598301,-14.033371622599022,2
-2.9586750169122156,-6.667582780747579,3
17.835486455947244,17.97971492627932,4
-2.121975950632714,0.7755032842168363,5
-17.1598970965881,4.214059728082736,6
12.842461592968037,-8.580225988823205,7
-3.8041494658714607,-12.049157023209911,8
-5.486888440827024,0.7159821142981312,9
-11.214487978311272,17.633774718784004,0
15.965384948694862,6.873601228361456,1
-1.438299470999651,-9.670134613062318,2
-9.73058157727967,-5.721620076157085,3
17.514492215225896,12.147763177677888,4
0.9004924711839876,3.805948575878921,5
-29.20095558188727,1.4083424311479515,6
14.652036813022843,-10.905478540471682,7
3.1777562716046237,-8.398527148358276,8
-4.721017466115658,1.6654985622625884,9
-10.691110183992873,17.611134772974648,0
-5.462073541244516,1.5202389395144158,9
0.056625256421282966,2.73431164629964,5
0.7469144648953254,1.571665867177582,5
-26.13453967916117,1.9886469518126824,6
1.0130637474205737,2.6695139948016795,5
-4.207449120067801,19.453630076372605,0
-5.220705460936825,1.2392271929102825,9
2.6026613954131363,-7.50013903725468,8
-4.404984203574633,2.142538842271684,9
2.125062624562567,-5.170522395844191,8
17.303172739374364,20.559150725625095,4
5.202934410405049,-5.666742221522372,1
13.5662484957803,-8.581968295776555,7
13.604411024986632,-7.325802409621041,7
-7.227281899537005,-5.7479044539907855,3
0.41004374120578263,3.2330444033552928,5
4.654248128364018,-5.654110898359699,1
-10.209654572028796,16.87685163560544,0
-8.780378038399265,15.889342104643799,0
-4.534983103030076,-10.327156375254171,2
-6.255586854093819,-6.056752181115487,2
13.5620878421004,-10.42707338165881,7
3.311680959135954,-7.338685915610684,8
-15.249116505168228,-8.108664190094279,2
-7.96624106418188,18.275523002011106,0
9.84686017397924,0.8405944092737778,1
-7.805336275627136,-9.7050275222348,2
-11.489640917221228,3.959054705088398,6
-3.314618591062751,-8.883379246277533,3
-4.893527611103359,-3.009375160233865,3
14.761506061886285,-10.372483946016562,7
-7.756656796201682,-4.94403524463747,3
-8.34011293088296,-4.557275393371694,3
17.799681482870565,19.08756106861108,4
-10.22754272311507,2.3568134499013342,6
-12.430558082568107,3.888080059355541,6
-11.435130356369342,4.6210437848229855,6
13.785697685200072,20.01714559730925,4
-7.637142678280022,0.9577715758774773,9
4.656602132005774,-5.526010533511084,1
-2.1378552867206193,2.495542667007964,5
-5.424240255816639,14.846579631801108,0
-3.0231830749479194,-0.02117723027183965,9
-4.458097291172017,8.777840428868616,5
-5.704420071232653,-12.85573837605814,2
-1.5955918497725985,-4.6549506698070235,8
-5.2447750328000025,-4.306868349890426,2
-7.000691641323419,14.900158290486678,0
-9.395435893613834,16.940071900729397,0
9.028438621327254,-0.9599977674943159,1
15.452624628947005,-8.504227219385116,7
-14.658376060031143,4.999109442075494,6
-5.414073321313863,-6.556479281792995,3
-8.667982608327442,-14.088447678650288,2
3.278444980542461,-5.862494736792147,1
11.630897546239728,-11.53805662498736,7
15.312599929589057,19.98499971863266,4
-29.41529713412907,1.0880919170204064,6
-0.855358733305524,-10.014018393590833,3
4.470496007527128,-6.142485076297718,1
-8.199104236613877,-6.348740983064724,3
-7.139796389134859,1.3551773672916736,9
3.2755142709789813,-5.253529800088036,1
13.31397949507263,-7.07090822142855,7
-14.36250081784607,4.149767174856307,6
1.8758244262175336,-9.728732896706996,8
17.91336587640343,20.939748138261894,4
-6.5906196449724535,-2.9196173576603184,3
4.641587443123762,-4.696234282134749,1
9.33343703511191,17.01528873673182,4
-7.629179572428255,16.404140215783944,0
1.2386947678613585,5.589051704848091,5
-6.521582879098089,-7.619487023252847,3
-16.191183921896176,9.1720734168754,6
-5.171990354060019,1.9212549845312035,9
-21.89164772269395,3.783088703201549,6
4.220529018058221,-4.732953977952674,1
15.737510363481231,-8.976305944804729,7
1.2913623549727045,2.6126014704439426,5
17.179063034983702,17.223352602136586,4
15.786288570479751,17.11790489206087,4
13.567728233462418,-7.719627155738378,7
-8.33121844658608,-11.5770452250742,2
-0.1409127105655044,-7.940125826971677,8
-8.006867766291208,-11.139236872039383,2
-9.74880053928757,-14.076791947872586,2
-3.995979884800075,5.150053967147343,5
13.58809874468813,-2.365335012389803,7
-4.884785014794714,0.7503789746051875,9
-0.5194604948869376,4.3983914569844895,5
13.378424414544163,15.587867380620194,4
5.090587477590249,-5.746961482684488,8
3.081823446518457,-7.237814784649721,8
14.168962966215275,20.50720461523358,4
-4.446962239383043,5.5333967790559,9
-8.816988354208153,19.52850376655645,0
2.3729414568928493,-10.779929207926376,8
-7.454692402317882,12.517480483171942,0
6.582135868157518,0.448573387601345,1
-5.927238073528529,-12.640350398769623,2
-6.3822530954951375,-1.9703755991904761,3
17.895480169033764,14.05896318557981,4
-3.0888409449251584,4.42083891845655,5
-13.675558512975696,10.425792350426306,6
13.501798389289696,-6.8072719231433485,7
-0.8693297811357237,-2.2623776305901346,8
-6.0813414721266295,-0.5400676794247417,9
-10.924649194380562,16.986823719637385,0
9.819440366850776,0.33992729546797196,1
-6.864739984919303,-16.45961220692265,2
-7.752526405452738,-2.5288438199562178,3
15.08427801367997,15.094950078053904,4
-5.52866142652254,1.6421675374246658,5
-14.438835847444576,11.0398022172899,6
15.737723732816466,-5.469241715000576,7
-1.1822230520512493,-4.468279173587199,8
-5.897079352210385,-0.046110589855726414,9
-10.147461730394566,14.165250204862238,0
10.816027242892766,2.708249688558654,1
-7.815259760489201,-19.502046147498145,2
-6.572381103696714,-5.342163831889196,3
16.208238054565264,14.302481022381569,4
-7.403135385151949,3.730465591450171,5
-15.948352461827564,11.586522423333395,6
14.444926645668653,-6.414839020073832,7
-3.4480655502795954,-5.543958237709385,8
-6.010227300159717,0.25765473702767844,9
-10.652311865472528,14.184178373696179,0
-6.834142365307291,-0.115657075302328,9
-6.46816605194257,3.4357730096237145,5
-5.361987107487911,3.803263078461121,5
-8.82234341452425,9.047132403447725,6
-2.2722981012291674,3.3453589365260687,5
-11.941634925469092,15.683075245872887,0
-4.61705877806257,1.3779157918602145,9
0.02470829078409879,-1.6569187615100258,8
-6.725636288470947,-2.416419192084289,9
0.4809203865695719,-2.964284715966937,8
12.796480603821418,16.84545482444548,4
13.411183463405628,3.30763594164332,1
13.60376737266059,-7.672494988484369,7
15.017934033637163,-9.444005862620353,7
-4.687851953307686,-7.028186440411316,3
-6.15172371695362,2.4754093134243025,5
14.904545937369534,3.432301207615238,1
-9.977760908646403,16.263807434262127,0
-9.99075487385014,15.513704131821436,0
-5.417149863214811,-19.557417909572248,2
-5.02542679697079,-13.448811544228482,2
21.95151199184418,-6.380217475024412,7
4.172033116841159,0.9606538169152573,8
-6.565180498234457,-21.606792714855306,2
-10.643015910037468,17.29917299208618,0
10.835346675167669,-0.03286472745541198,1
-5.7626922095216,-16.568496183658628,2
-16.941367291520436,10.801323382418001,6
-8.62080660290142,-5.172820740353035,3
-7.327328222239337,-3.5695072430069787,3
14.650154120233902,-7.347064555756508,7
-8.244104969970536,-4.035241863264511,3
-6.766171367406456,-5.681356096150549,3
16.531318752225612,15.653130138058291,4
-16.263663825632445,9.868658033597024,6
-16.42575626599679,11.548887156224058,6
-14.786946626861793,7.7482901989859165,6
13.586142602542452,14.552476109440446,4
-8.269493412764957,-0.24798008590003048,9
9.904105757099925,0.6478434499703288,1
-4.059354351526393,3.68004348619221,5
-10.148082058797932,17.79078925316785,0
-7.73495285013727,-1.3774229655431611,9
-4.768915998843386,4.728798971566068,5
-6.538664617244976,-16.195508232468832,2
1.7465006047032736,-3.9399253047517995,8
-7.893224170452302,-18.635574517616682,2
-10.835435856023182,16.978810687127197,0
-9.111737591212062,14.223881250718888,0
12.665946089630417,1.269392103587825,1
11.720378275848384,-5.492645287278358,7
-13.924133944312144,10.729580299144704,6
-7.047911258602384,-4.4343693253013425,3
-9.016677556638069,-20.532661896254375,2
7.173984469122659,1.2135341408206342,1
12.478036888075101,-8.955128658878301,7
14.273284246650793,14.872470399937825,4
-16.808613172940273,8.489927411381315,6
-5.547202189745596,-6.045216119240048,3
10.728909824311694,2.7702279291151917,1
-5.916797187155203,-6.717615846819814,3
-4.648790242859276,1.9963530650725754,9
12.929482380969311,2.146967994643763,1
13.456166143939006,-7.360719465509249,7
-12.288308382153796,7.217296086455325,6
3.5399468757098504,-1.8210568220665018,8
15.97847777378054,14.777816618136043,4
-7.269177543390664,-5.317894284942459,3
15.459804747037888,2.4850937162063356,1
16.00544798416001,14.635271677238434,4
-11.88348436835387,16.0439772982563,0
-5.639497805207389,3.6306470747243718,5
-4.594566761361141,-5.817604928809648,3
-12.980706399375117,7.507103432361054,6
-8.06529472356835,-1.8003036246261201,9
-14.012398809343948,5.116407486238282,6
10.156884607272628,1.1144533566916053,1
11.307677965184027,-4.689204680095777,7
-5.872292292198851,3.097737357082717,5
14.138766959003295,15.318088577351245,4
15.678178748527001,12.633363751792182,4
14.975600184512544,-6.448573819363427,7
-5.883592326188252,-18.140174486765655,2
4.15300760358583,-1.7427513573500601,8
-1.4630752817026516,-11.671480363016983,2
-5.5622068218810865,-16.296443574948135,2
-3.113315934706109,4.156317877619001,5
12.80119625015903,-6.208258130318217,7
-6.6562985339644065,1.3706556875677536,9
-0.6260903054625104,4.82350523873919,5
14.112722144207169,13.751181129517095,4
2.9684471424106884,-0.89151620888947,8
1.7723703071140235,-3.655629020496389,8
10.269781423626679,14.281573452235303,4
-6.277867414585533,1.3910301305629875,9
-8.714546170190376,14.53896828615731,0
7.406359243369489,-1.4509149458586799,8
-5.417854879626027,2.270649024559203,9
2.3126651669556035,-0.8563224441598044,8
-8.97731824716999,16.37963326155274,0
6.53568609842568,-4.093990952341576,1
-7.4378224677486955,-11.954633121817551,2
-4.082522236962733,-8.786001339876213,3
10.317239737307762,14.157149695062788,4
4.139963230270751,-3.178644251062505,5
-15.484964457341423,4.34532993476601,6
10.075184860548866,-14.23604330476755,7
4.843136052383795,-3.6020784607659895,8
16.704618315330073,1.5049736913252947,9
-9.578161957192567,18.072519040229786,0
3.9648555078289887,-4.987604492565331,1
-4.809465776569036,-6.695401460908561,2
1.1953283856295682,-5.539971706480873,3
8.66699681929972,13.618315059503534,4
4.939672717979417,-4.296789520562694,5
-12.6052492002382,3.557323874549834,6
18.24237149254271,-2.7760439980791287,9
-4.997926065231879,16.612308743309512,0
4.016347777821046,-4.142461809056014,1
-6.220451554070372,-7.755050665532438,2
-2.4324524560967293,-9.15091979148346,3
15.081377641712692,13.269311601113978,4
3.8629684701049745,-1.4211610891761277,5
-7.098915685799572,0.5398235874175098,6
8.23753249283218,-10.703103399448652,7
8.122213234632524,-7.874830025122965,8
34.804487282952685,-3.5147262131193804,9
1.6285903173351695,19.208511126452652,0
19.199399154721437,-0.4938353790828896,9
5.6691289261802815,-5.333117298727622,5
3.9549920768588467,-16.442937052891242,5
-13.0092497445568,2.8597106895777897,6
4.752932009634724,-4.4738767568625155,5
-7.85239715317424,17.09400234824149,0
11.342176242854388,-3.847091059872387,9
6.021326341784195,-6.882671369447318,8
7.303672811692041,-4.983344573205302,9
0.5917265447621793,-6.0463751413587445,8
11.87214727600306,17.026697758092524,4
4.689171477953864,-5.8530260796410944,1
15.614715422030052,-10.882005121631911,7
16.04885994218371,-14.236627684332126,7
3.4341382697612994,-11.703023643463949,3
7.282289687673154,-10.647576618847658,5
5.162496747711375,-5.678226503139703,1
-4.654813924867151,19.98985259642463,0
-8.28109616488022,16.077271399970577,0
-7.423853825782986,1.094942855067566,2
-6.144422600642596,-15.485180678250684,2
15.785523080350474,-14.65672042340762,7
3.3437731169304548,-7.119557067140449,8
-5.4857310575551415,-6.162348805687339,2
-10.484142140044916,18.44359468804602,0
4.718464088598625,-3.830923770926729,1
-5.5090235236223455,-14.079431367436124,2
-14.788302893385652,4.756381074150406,6
1.6156723392028622,-12.56289294022652,3
7.105491675605438,-13.075507522464342,3
15.983757607251164,-14.247325458321816,7
6.364910348674008,-10.9481293251855,3
2.777857546718443,-10.708893633819942,3
13.19139504936642,11.519520989147543,4
-12.639719462251481,2.451736962494375,6
-8.116940230757313,2.080664949992164,6
-13.825547608024577,3.7519300828074713,6
8.995556217171776,-8.480246323012143,4
14.07352096105495,-1.411409144618513,9
4.569151190455239,-4.610426498079892,1
4.915107297259144,-4.6312942714352,5
-6.4549184562077055,19.348580901447992,0
-7.812168866745005,0.04365963504373293,9
0.09088683029297996,0.14537874083432017,5
-13.00150472478326,-3.445856178050826,2
4.932859739785853,-7.511059973316221,8
-9.778170455228176,15.79198455756394,0
4.785533743580243,-5.191084322308481,1
13.35699581327547,-9.47287245539852,7
-15.243099843394399,4.6126773699053345,6
-1.1544601620195474,-8.66570522495475,3
-3.276036357681003,-15.254710726261697,2
4.940444995977852,-6.189654771333636,1
11.60564990824903,-12.504211554804824,7
10.423669308607746,-6.043304824545139,4
-11.77177006705891,2.399626868458303,6
-2.313540589345531,-8.439151171901386,3
4.895035808056146,-5.978307430140692,1
-4.735224346189305,-6.180385115375404,3
8.817555649536763,-3.2035494849885406,9
4.812162793878857,-5.064856052967854,1
14.867904896520054,-17.022758834255637,7
-16.899370949541932,3.085165289627412,6
2.2962275533456684,-4.771833040307909,8
14.383711272232212,18.467931529104256,4
-2.6038071900019566,-7.72714562091703,3
5.254498614561914,-5.884871791944904,1
11.083278755939483,16.786160498163298,4
-6.359334550582249,16.881837757390038,0
5.842931600865199,-4.416200836903856,5
-3.653922686162186,-7.57065379118467,3
-7.7940346579230715,2.0011925651309492,6
-8.824296117411041,-1.2117282620268686,9
-4.272339726297984,0.6749784687591174,6
4.923867938686381,-5.7491575568687034,1
12.95308397590916,-7.972555578124049,7
4.529316199305621,-3.320122538295396,5
7.942410994223704,15.813221650096914,4
15.02628055381498,10.072785697080494,4
13.564721511514952,-7.950339840465283,7
-12.95380517872979,-8.74038913409125,2
-2.9177209537642748,-8.43842181089456,2
3.6273959811475307,-2.318180348703746,5
7.131591217013835,-23.097254738555854,7
-5.522509799596285,-4.988219783445172,9
3.191124498787468,-4.422173160508846,5
7.797161820000752,-5.640705103749468,4
11.599505516679006,16.372954144101808,4
7.83289242313005,-6.426255089358759,9
-5.93292126929321,13.831415859555815,0
5.516104469094141,-7.988709913597716,8
10.47230018302822,-3.0676951810962048,9
8.608493722081715,-8.091401738775092,8
-11.665987513016816,16.0094336969621,0
-0.8702625911772766,-2.829808233676668,1
-3.9492271685761184,-14.09282970347145,2
-4.978194394762402,-3.683858881784852,3
15.859199826877543,13.219879423850463,4
-1.9193386371174772,9.582307804153551,5
-11.139899502953737,3.9176513879537604,6
14.692874729801085,-8.078540631763985,7
-1.1566373801196144,-8.025666557133576,8
-7.462504832837214,0.9705350523156505,9
-9.849316562311778,14.512637800689134,0
3.562741030497083,-3.675406724084253,1
0.08449614972502774,-9.959126430338234,2
2.5620290431498614,-10.09637990281405,3
10.97900245376791,18.606348935282668,4
-0.6822197555488675,8.971537058798447,5
-11.04431821050343,9.429610726772959,6
13.507636885348195,-9.235693233511334,7
0.6487309264030249,-11.424996240827912,8
-2.797834573070585,0.757312990722339,9
-13.402123255000465,13.689243445703077,0
-0.756733296680966,-1.86922652355437,1
-1.6699668683080346,-13.326289589948836,2
-1.4575288819829622,-7.973402737229065,3
11.750503669278874,18.08589881210427,4
-0.13742719680291146,10.655618662401091,5
-11.31596227947375,5.13291829868457,6
14.636905441495239,-6.714104049185656,7
-2.061434666721995,-9.289848125547444,8
-5.673204377624425,1.2905881369561076,9
-7.947666301105694,15.895894032607632,0
-2.9600207671968555,1.4495013622335635,9
-0.46604311726308945,5.4057092557155215,5
0.5549558637429217,6.512524244046672,5
-11.727146186825012,6.184657696037079,6
1.1792207983432776,4.1280987745239175,5
-10.822911180677545,16.0144276088921,0
-4.6126934038837595,1.301287351406415,9
-2.708992456918849,-6.224068543311682,8
-4.163687331926583,0.3116299642776967,9
2.725449220772216,-7.688984544148977,8
24.55729299829917,8.316346678576064,4
-0.6055430319180174,-2.864755404665405,1
16.532287532880012,-12.228032040264178,7
15.297849738485588,-7.862756445582466,7
8.69331151942211,-11.783740427575522,3
-0.22805045865279455,9.300970284663997,5
4.484291450627493,-5.196414633150987,1
-10.962954904074108,17.47360237029297,0
-7.857631240874549,16.126348112399413,0
-6.852586466863101,-14.854577540898164,2
-6.755913955967493,-22.996811886344247,2
14.731385209735167,-7.266161069247757,7
2.8433010133048673,-6.31731773551851,8
-6.516542195285859,-21.78246548371673,2
-10.549787948466836,17.59966825950286,0
1.5451225336906171,-3.9428769283865748,1
-8.140447444246545,-15.887273190512904,2
-11.364997681750495,6.78823022802264,6
-0.5372483360763766,-11.045569003810776,3
5.661417614482182,-10.808094631313832,3
16.586835105419645,-1.2311627284457765,7
-9.349571407143072,-1.3545754219607125,3
4.859490567599324,-12.282072917207337,3
21.60415312992311,21.814843845656462,4
-7.029989029357441,1.7838413573538954,6
-12.944467415707097,8.63777899626166,6
-14.94379282704865,6.581807421315172,6
20.555478603117432,21.168109117826827,4
-5.515637115058013,0.6137961372225412,9
4.8557417257403,-6.371611275362265,1
-2.256870549557103,9.296944228016885,5
-11.77240685268916,15.829343459561606,0
-5.284650099014496,0.3250794743943314,9
-3.202602217052496,10.55940876679565,5
-4.618724564770588,-19.920746292324136,2
-1.5936698414874853,-7.902402030332269,8
-3.759997334391807,-14.969914495174619,2
-7.463572153222932,15.115726717250737,0
-10.96217580412591,14.783050644076365,0
3.140861272718953,-5.414492012303315,1
15.504463256223458,-9.7018856586926,7
-7.246379882783858,1.6438243075886831,6
1.6940647821467187,-11.395212415233575,3
-1.4022410927203597,-11.285579360293497,2
2.888958698455761,-2.903557517043997,1
15.010787547649715,-7.831375862499659,7
20.69530032496353,22.88172064984497,4
-9.854522877363944,1.9040711648561837,6
-0.5355834694980424,-9.664174995136388,3
4.3096787733924575,-6.450251441734972,1
-6.322220196049115,-5.328563201609816,3
-6.061627443181643,0.9107557948216943,9
1.8185829025723999,-3.4237229781657836,1
13.615622898161952,-7.924725412767745,7
-9.629967792390657,2.9580117888710324,6
0.4543429077260258,-5.031013955428784,8
15.791522351036727,17.111328208476426,4
-0.1218145634484925,-3.3095015836662016,3
2.6473943809970475,-4.043544412758404,1
14.08107657889564,18.35162359485495,4
-12.098313830582047,17.960993082189784,0
-3.6108308282055193,7.727276000033345,5
-1.6857262228915084,-10.24144551171414,3
-8.957979634814388,1.5869921325121097,6
-2.1602434271092616,0.7751177967145938,9
-14.011901275253093,7.650307174678653,6
1.7083333649180248,-4.684801432697554,1
12.96667207135917,-9.706735955007973,7
-2.281910303421776,6.72951284973721,5
15.69174079820751,17.46909373514936,4
19.2814900175711,23.53246926332719,4
15.15159193955421,-10.190886221523904,7
-4.660452612368692,-18.911384307837903,2
-4.97528010541589,-6.33721424123082,8
-4.964251907899202,-13.31254934811479,2
-7.306533614758081,-14.41499695559867,2
-1.7555218746893906,8.860649901937645,5
13.964150264710243,-8.828429957957999,7
-5.123546547219666,-0.2269848297401469,9
-3.3018940883914856,5.875327363587729,5
14.804151789831426,18.386371243573702,4
3.46185818202786,-8.776183770791079,8
2.501679346738296,-6.237403236550974,8
13.72309899707807,17.56058657461221,4
-3.766734682230729,1.6240403386386226,9
-9.345026678356414,16.738864008555947,0
-1.9091080948857335,-3.9102444542745878,8
-3.602912685282073,-0.1841710729703685,9
-3.7723716266457816,-6.934376133241488,8
