component_1,component_2,color_label
-2.1598544045092196,-0.12137441105019961,8.242346437921256
6.828075224563031,0.22668148185357995,13.672660222425014
2.9270556800011187,1.7327486630290088,11.611269350585523
0.7696832130105596,0.5067819621070028,10.354612268272524
-4.4727174855460365,0.3230920895891592,6.182830024295767
-4.444316709601505,0.2740784695031046,6.182602697650123
-5.25862690294163,-0.28125687335345334,5.259814128229412
5.276031535928244,0.048442036191211846,12.875906829228462
0.8319864239229785,-0.3662026298084223,10.377764494949709
2.569088209011709,-0.9063456961406398,11.385815806222022
-5.550350485705347,-0.9886837717993444,4.906393268557352
7.275715991944495,-0.9692164631444486,13.85357397897414
4.703753559350172,-1.460348722337909,12.557976035005165
-3.8979844573326115,1.6822900090906867,6.713637950914677
-4.17868038672839,0.9994775061246922,6.426048924035786
-4.1617149652827505,1.739908799459017,6.440935762757043
-2.96311912782423,-0.41793303096776757,7.579804566564784
-0.2585408114172745,-1.4309765703635233,9.65810183200419
-1.427479714611777,0.902940413493391,8.783374872347022
-3.102186548032213,-1.5783518725880215,7.457158962457011
1.0126696038672311,1.5452950886770842,10.47896665779712
-4.554175115812294,-1.6489311465493395,6.027087643920688
-3.098803566889193,0.5494973167446152,7.4657874252561305
-2.281128929067808,1.432552690418899,8.16526800672592
-1.161765570689435,-0.015617392648308727,9.010747316201849
3.835047361204512,0.7238412520421923,12.112498076647473
-3.985272300477654,0.6888367803202675,6.594270041814265
-0.38724266166858523,0.6565362427714573,9.558934382213916
0.7123274568672063,-1.0373264468995587,10.295764752634362
-5.293412629423154,-0.16467012143137336,5.150173806456766
0.8684355250990315,0.6307363548994893,10.438364310764262
-4.269815215388619,-0.358305176355204,6.319540983092186
-5.1557674527864,-0.7042966351153543,5.325485800265292
6.824741227257158,0.7711227214862109,13.655424479182715
7.118242709693673,0.3241076844980828,13.813256483918725
4.238410927203214,1.254927363018136,12.331354490457125
-2.9388746345138594,1.1295510107460864,7.583306118636765
-4.883561905060709,-0.6516828491971273,5.632926967853811
2.1638918698861627,1.1175850261359397,11.161133328686995
-1.315495721431262,-0.13201314987646015,8.860728502759367
-4.70487238503111,-0.7502627926404488,5.862572246520958
-0.5787267246707644,1.5577479089362163,9.37932140948327
-5.42316005287518,-0.2003786061262621,5.036493156294853
6.0660822537632395,0.8554939757802293,13.282531865174745
-3.4480613487717395,-1.672914904403701,7.1513328476568345
1.7691863816716553,0.06145049045049897,10.956514404482682
-2.871116868886962,-1.1093056145062214,7.650196660439877
-0.300594477812849,-0.18278211744760609,9.613914604482265
0.06602855189118688,1.648323387799283,9.865011972065302
-4.1491054688089415,-0.4050909130367487,6.4546011787717
7.215571431004048,-1.5388214747027,13.850508811240884
3.651952974474743,-0.30703170103888605,12.017843730667467
6.690919727350329,-1.233820913167064,13.56695789900502
5.761296206196163,-1.3149326936437111,13.145938071388853
0.801113988019456,0.9912316063669717,10.347463523427884
6.252400461618163,0.9839838266179513,13.400848953231693
-4.966746486033093,-0.3486635468598987,5.54641116341696
-4.100601672787427,0.3018754122313124,6.559483942801147
-5.374438719923391,-1.1887631066514197,5.138646136134078
-2.7240907214527925,-1.4311669736954056,7.778555111732116
-1.976424690044651,0.5158376239995037,8.375586134101695
-3.394751234800967,0.8770880436989718,7.269793354723414
4.551887366212165,-1.0197189739260668,12.523055991902705
-2.3488332396327958,0.7956497514931483,8.074709871237589
-3.2266497346407514,-1.057289163989758,7.360134355705868
0.0005557914600836233,0.23228487050618588,9.827179064330418
-4.518569148177212,-0.5869014184296948,6.040568510065339
4.133364808461863,1.4677630404513775,12.2729174047911
-5.054818958666901,-0.4259337035884634,5.415012243898965
7.5768725859604125,0.24744967027105919,14.013579230228453
3.6163662619321046,-0.25158394404761525,11.99062446237126
-4.037462215906782,1.184412108462206,6.585240156167225
-5.589194771537551,-0.8262004423890373,4.764433708148005
4.349937483012995,-1.3168826193329344,12.397931879143329
2.4962218060736006,0.9134689294763508,11.374362496087695
2.898804000481137,1.4262668075322618,11.583119670980286
3.6239802618595385,1.748831658452524,11.981440745625349
-5.064161370767895,-0.500581774639934,5.4102433821609885
-2.344309538271478,-0.3061738139613866,8.090848878459889
-4.781616767973129,-0.2099086917907793,5.804429138932208
5.1743528679374995,0.8327393166337528,12.846947126441533
1.1602117095472093,0.3084651368293848,10.586835429097896
-2.658358649371978,-0.30851240422834647,7.831029392278056
-5.198282767087104,0.03337874623807261,5.311412319383265
-2.891545554658648,-1.8274494509834887,7.643328312279356
-2.733763715886473,1.2502632237046163,7.777169587032147
2.9274401014912965,-0.5841185287709402,11.58876521002645
1.3782251038328563,0.3023975262378445,10.721226585137158
5.629028800726701,0.3083770199818465,13.074172083131808
-0.9331006650068089,-0.7874217129586922,9.162909799797392
-4.696020778958239,-0.6942939458501926,5.839538193738829
2.611343262718247,-1.8442347233422207,11.434562731637618
3.4210485788397498,1.3459078936949704,11.882619139472085
0.2614617730918408,1.476766680463195,10.002301941920079
3.5936823155368764,-0.7045348331167858,11.978583466496955
-0.6368813213993894,-0.27713694612985723,9.366302834124772
-0.2921495168544187,0.8366067925091235,9.639029830114728
-1.5065354130215283,1.5608507810201635,8.741868147535245
-5.458379116042527,1.48730568198886,4.951958605904442
-4.801243233367196,-1.307091844323652,5.729241723667144
-5.4453214665431355,1.0182700422539686,5.008602076969951
1.389000043012611,0.5711834322416134,10.710415798467745
-2.8306842061170685,0.9491056298009971,7.675124302668889
-0.4721129593184751,0.4240608181971757,9.505554821967031
5.964341393116696,1.5823033135001483,13.26600148177651
-3.551394587795991,-0.11953995776808682,7.061912887458076
-1.7115327721763813,1.5872685369484139,8.580156908887009
3.3692251076489033,-1.0383488789017281,11.833290699159427
-3.7546550394962686,0.8782122261401386,6.868760887974598
-5.060040373119209,-0.19689827594261905,5.437907537961112
-3.1194548104635293,-1.33242880389731,7.443232087907277
-4.343881169640942,-0.5335690856248559,6.231863815303099
6.512970333602831,0.042202940553435694,13.474582924362005
4.243430194855433,0.604404634571536,12.328744123351992
1.3673300990933006,0.4968107515327279,10.682078745012664
5.51458644070524,-0.303945100397476,12.925711544464967
4.450211633833028,-1.4764437307528373,12.286819858429217
-4.1515066874908735,-0.5359423664478616,6.470770359513246
5.7649143346994345,-0.0007595789310156042,13.124559358039422
-0.09009960827493578,-0.8155793079425374,9.79556985530326
4.246208924024913,0.0795498001132593,12.322333159415155
5.747475761741832,1.6077590622088962,13.157850514740813
-2.8249525084928266,-0.2119781541355743,7.709501122747589
-4.776806258823173,-1.7521925165581942,5.749603933213392
-3.7637804737378837,1.1735057489410121,6.860627276794368
-1.5058536689435016,-0.6523132597539508,8.737785053502376
4.3547230332314255,0.9974730369352044,12.421996517834927
5.1828249760404,0.04307540700947682,12.824583611619248
-5.584948406622466,1.4526976604692643,4.7779112669954475
-0.42697882635574896,0.1758448720560931,9.52606890124014
-1.6467387879130495,-0.9600486003905155,8.64639500344394
-3.7956920453716823,0.4889258327343427,6.80570577742397
-4.683935109334227,-0.606980281199108,5.842093452690709
-2.5846309925215922,-1.0516781296139237,7.894337007050979
6.660710156207693,-1.4609025220875853,13.599103576814981
-2.750157814096846,0.9319966480447618,7.758504850949947
-0.3262361416860934,0.27519393327488745,9.601875398445411
2.4648911096916453,1.271326410112702,11.338186570182996
-2.2588499384710556,-1.8119112768477337,8.139517242772392
7.258709848728102,-1.4870363386560923,13.871219336283765
7.087871821500257,0.07146481965389263,13.783241034157205
-3.5005982227200696,-1.1580806135347594,7.085381212991498
-0.5749405900157468,-0.10923864254516079,9.398845739744747
-3.0040392235880966,-0.37859605520361483,7.548100243619322
-3.216338154871023,1.3898068171563058,7.396947394128101
-5.394949703725872,-0.8557539142884284,5.0600402688517505
0.9410982256477822,1.4024683874118309,10.457397480949487
-0.5391609902662085,-1.1944134545735134,9.450027159853143
-5.297889014887791,-0.9310642321401176,5.197564780613519
-3.280596945976466,-0.5907636582371949,7.338570035368218
5.961524728078936,1.73431291491428,13.272593284961882
-3.635238473506789,0.6429545171095223,6.970206607783015
-4.474481692773665,0.757083953107947,6.077990977498548
-0.7025517941112511,0.43175122596354115,9.325372568286404
7.4973890536211165,1.7556686707065854,14.001925657308611
-3.6290969480411315,-1.5936344743050204,6.993706168614327
1.9740575502785889,-0.12420707773549722,11.047117274225275
3.438250606474217,0.5827592345391,11.89048474542444
-3.630044892010435,0.38927308676023237,6.9520700676556215
2.870620787595361,0.14658197793652877,11.575666373453695
-2.232200192801454,-0.29191433045243104,8.178663343979828
1.2924854946272577,-0.04382332701836427,10.671731037029033
1.329901236603045,-1.5184303178798486,10.68326583585657
-0.08974553960659949,0.0011643545469068157,9.761946414790652
-4.893404465211794,-1.8436571751481146,5.563350015276412
4.676989829412056,-1.262165126763896,12.584929531389802
-2.764752159540889,1.0278778013747953,7.735669866984475
-4.1465939207850555,-1.574158409516109,6.47028452647677
-5.3297202318981745,1.4040161470181558,5.0966856358572805
0.7103405947282958,-1.0921217299583699,10.281423768519385
1.993157361114012,0.3559219972091509,11.098282644878601
-5.50471249529216,-1.3062222338590042,4.868725584880961
-0.41793022670906943,-1.3094007980159383,9.538752350106742
-3.756566133208618,-1.057168052283875,6.847061370677591
1.5394761278237807,-1.0217385472594605,10.792999276323755
-4.233060947277211,0.6798654885396025,6.355753857568992
2.2680848870313675,1.5197519526030414,11.224323746716657
-1.9902213681772611,0.2862917747301906,8.35728374884851
6.512464827757966,1.2120046362785715,13.540861133422412
-4.564389325932833,-0.7248636120804535,6.008493343916044
-2.528176954958071,0.5351602342925197,7.926863608923198
-4.735155850530865,-1.798731231215057,5.781851722503889
6.401541786886104,-0.3585207237260358,13.427421014400581
5.4365641982989565,-1.2090960239602841,12.981117582245417
-3.448354856020447,1.2574957284099373,7.143431548439469
1.7895413979582915,-1.3275526353109028,10.932592071907024
4.432136286014707,-1.3930309653521131,12.414526761892569
0.18452086615443236,0.004902821952280234,9.945033353348576
-0.15983988916165645,-0.38234454464035433,9.704228078183133
-3.601923013882724,-0.9495744489086403,6.991793121424851
-4.951767992082647,1.021157822656124,5.589861894488357
5.844251923431431,0.13099498854510763,13.168448281998199
5.890429551401449,0.3677741954258382,13.19862924101643
1.3109604513070547,1.331841388547234,10.679229641824763
-2.5605828496181178,0.47711098007662234,7.907669483104732
-2.4571088536052716,1.578583734808711,8.003611682883745
2.830923735680809,1.707889219142295,11.554360063096295
5.7797725939929006,1.354144758516489,13.167453986765826
5.625137728934208,-1.504643653246301,13.072981561096283
3.748762394800828,-0.10826685429981893,12.062542837126612
1.4633095950600796,-1.6679394954464208,10.763394689176105
-5.041237225163864,0.1886967421718183,5.505389468089933
-4.347005669619698,0.656716832606316,6.235703722811101
5.853757827814759,0.12314171016082866,13.18106269297172
0.8932616700671081,0.2042448783560108,10.427848216634493
-5.553478277364576,1.4385196016872301,4.799069149765159
-4.865406202915749,-0.5680981524460886,5.668735741233735
1.82210869991923,1.0144047292119036,10.965745830805787
-5.566173047296895,-0.4510108206159898,4.760093284265118
-4.345720218192088,-0.502354362262421,6.2279691592986
0.05883303174125587,1.2778821712243937,9.884083104736359
2.2925853755772296,1.5677159985171603,11.233347590760959
1.625650975891134,-0.9848932062998227,10.856979090220245
-3.811987430631677,0.15472589269135612,6.826077425465542
2.608695338814469,1.6020142435301197,11.424520009858842
-3.637068041408157,-1.8150923390250768,6.948408951437177
-2.7145474489118695,1.6424867373535468,7.779208884037165
3.2079766377899284,-0.5837276067006109,11.747904723244812
1.592919819363745,-1.7322907498626312,10.835034809915598
4.934085556441323,0.7935876520946651,12.716131063379626
1.713697807603009,1.3615433917589042,10.910244474454773
0.33870057222423106,1.3931263885604723,10.06857138001647
-4.940620720514557,0.6498040726909524,5.595252867691084
-2.258902613530063,1.4272120607600107,8.178028776885853
-3.4210718719741244,-0.5750213845963603,7.211862410455273
-3.594869289664983,1.5199590473184472,7.011937193959857
7.268072644160926,0.14284291818986117,13.882797412411527
-1.9087850421904973,-1.7876230421646309,8.417247752252562
5.691028463026401,-1.212083315976049,13.119729693598194
1.3041959421012739,-0.3936008409367871,10.660730392873962
4.027124698920336,0.6362887763049884,12.2033090369744
-0.5400845225535673,-0.42017445453863494,9.44963197774769
0.4715436706398702,-0.12256815351195814,10.149579997693438
-0.675210904938049,0.21975591335537037,9.354258886377679
-4.069580108352323,1.2842157072271765,6.552510788778465
2.773271356220374,-1.450605907620805,11.521339754012544
-3.252256088423768,0.23715274490803165,7.3586061539104195
-5.486200316771871,0.9868949589794194,4.941561564902664
1.5055726254326562,0.39043015916636686,10.795822049137778
-4.256679029880447,0.24073413342213792,6.381617808277135
6.694030185134471,-1.236113522924788,13.576002319210406
6.944050790450578,-0.9870283514707566,13.70295400906677
6.15857706567819,-1.136384737290788,13.33478272242709
-2.2015991799301284,1.7593664145289367,8.20105254053924
-5.552747255071846,0.2263656357317894,4.858064159194023
6.4058522606733534,0.24228703016101452,13.461585309634593
-1.4831552376294466,1.7425894715745573,8.74792950459652
7.1613038196332495,0.8496773807178378,13.822896014578978
7.132751577489697,-1.026294850158597,13.794293303012575
4.983834144124988,1.2992085592832747,12.751813696601353
-3.0677420506065394,-0.15907369123101708,7.487504408935083
-2.0128659946701575,0.9912324650094285,8.341849565654464
4.9467392210694365,1.7550564079677757,12.73416312369937
-2.810287020027929,0.8913083170836626,7.699308509864415
-4.25928669129132,-1.7312015463483885,6.309820483862041
0.1775067991620571,-1.0708217050857733,9.960117247330716
6.551199976849616,-1.5950051718696692,13.535439863764253
2.3152787474279424,0.04473663492238014,11.272315268125766
0.36678443499289964,1.4382796844539818,10.085088932533342
-4.892906520083477,-0.219811031774032,5.628255857180272
1.0287342880612935,0.1384554191571082,10.508695536292922
7.667243711785059,-1.3298636033646036,14.04342668682222
-4.529328744862149,1.4551225769316853,6.032649719841963
-0.31955274693286734,0.038708666163498946,9.59753086439569
5.4174588573160385,1.2930249072244764,12.981435372063812
3.092339372591081,0.475727716022594,11.693968723024112
2.3803604292819642,-0.8147499477792043,11.281607574426229
2.4348971811384947,0.06762770703020489,11.333145492937664
-2.3073356086825636,0.44710286487705964,8.100513259492251
-3.0856336501933,0.43330047967428087,7.479426923670323
4.269486756971388,0.09589890382081026,12.340438160841424
4.2439996096275125,-0.95450823822059,12.347527848281098
5.241492653474463,-1.3982352857803586,12.884353058931657
6.1155524954378775,-1.5441983877326757,13.31947841299977
-0.44834394617180573,-1.0524843438062252,9.531677551576202
-0.563240501230468,0.6676047435211767,9.43906870151933
4.060156189962108,-0.5889007713422725,12.236143789299199
1.5639167963207725,0.18185118110133033,10.838154710474004
2.4247315272223333,0.815403254408017,11.328270934353197
4.014434526793057,-1.273381165344249,12.212558192627887
5.638275430248757,1.7122887285035822,13.100491710913905
-2.598901371835003,-1.4793550535314834,7.897918285525834
-2.1665706208849578,0.07620238218314497,8.252174914866323
-4.911363868408332,-0.523020044117682,5.598147895707266
0.4995018694771404,-0.5651627441280421,10.162550908396039
-5.346206587651913,-1.3600799285564447,5.051136930324163
-1.0361095216249743,-0.43841155112668534,9.100546920257402
0.01785653231879271,-0.4130733639833796,9.826694174106409
-3.2070235345860088,1.5350086227070194,7.412976658294607
0.6840788959313101,-0.0874787921465491,10.280861273085014
-5.418679613542628,1.2454748567201177,4.9998470638082
-5.363463558896527,-0.8387795395694703,5.064387366582941
4.514868097585552,0.06089749397276457,12.465216615006371
-2.324417334626771,-0.6153224120751803,8.107105799232947
-4.637754535304877,1.679515845198112,5.909906099710232
-0.24175767368198864,1.5921719808343027,9.63441574790956
3.563053100540398,-0.6919255125133815,11.969407249562984
-3.85048803953304,1.5347130672988163,6.746454243807539
1.1640003084185746,1.5111611622534105,10.582993408856755
-4.965002022640704,1.7496700472451812,5.5167698874654905
-5.23011034699263,-1.7256868811182202,5.199477727029212
-0.1841946847808681,-0.8466227562919398,9.720288401340904
-0.05112609793264675,0.46343525332948515,9.807754959353494
1.4039408279524754,0.7624406263358422,10.720024267560383
2.829311193865566,0.42989127777140085,11.555638579959675
7.378916122153768,-1.059939805633713,13.909578151874154
-0.36415204436554377,-0.5762070755274059,9.578405124191349
-2.741626083515966,1.1088324465207884,7.756182028849157
4.0012622138773635,1.1249004928586421,12.206842303548834
-3.3417608984130345,1.321603655389699,7.264922813145041
-1.3488297281613526,-0.48568195321325325,8.849597151658791
-5.115168153899735,-0.9694494483206066,5.4518229541409955
-5.424227464642207,0.759993068166239,4.951314108215813
6.996906081183397,1.8340605760707416,13.78513654301078
4.703422484310067,1.3971198215850964,12.591315995829456
2.31298392893305,-1.753411213769192,11.27179133924054
-1.7324418946378806,0.7242467650636121,8.566679677892045
-4.267379992985958,-1.0158846076469366,6.345649468914911
-4.407057605157006,-0.3931470077747957,6.18677337239908
-3.5032662733718087,0.4310237207699216,7.070872731845424
0.06437867305236607,1.0602764624964083,9.888728345373806
2.6608872718675354,1.3651525625106773,11.447296883503896
1.7523468133185733,-0.387617075303811,10.934602666231724
-3.203594079558445,-0.9640303204779315,7.350703802793098
6.970747412545011,-0.6111315016576804,13.71178223308303
3.029504401150736,-0.02723980945622992,11.666903578178648
0.15394643459885807,1.649913961213605,9.93705283695733
0.9909043889183682,-1.7040731268021154,10.47772118763961
-1.6087791354264498,-1.0849075659375669,8.66702640109158
-3.5471788779341695,0.6672915414129025,7.047198550434789
-2.363144553382234,-1.7706950822993575,8.06735243677314
3.374682645105723,-0.3225898652471796,11.854920299944071
-5.5519448052155,-0.3267766016169309,4.848044414800998
-4.757972661490686,-0.9140172766131475,5.806347844482581
-5.3776750636921165,-0.9886491877901495,5.1459536670484685
-5.327523687315413,-0.49656475019087337,5.096248898849052
5.0301701981728275,1.3060804822887722,12.774915038878532
2.4440423708069603,0.4562710521826166,11.344208065391697
-0.9024938460980919,-1.5104528459416093,9.181372034340539
-4.8592112168102695,0.87775258409481,5.634454221498619
-0.7084951195964722,0.38931937138384426,9.345759445350163
-0.8992297306040801,0.17940271848630096,9.174755290683816
-4.286131546151946,0.1853513950446125,6.344778146676646
-1.4100644824214061,-0.32676516696329133,8.801344442366185
-1.8658310636599167,-1.6221226751438462,8.46820761839531
1.0602327650756753,0.9464277441367315,10.516639411644881
1.351125608104012,1.3988665141084333,10.69800562410662
-5.345100596612823,1.0172647920438094,5.139369213218735
-2.1660144175430416,-1.326423074159243,8.243029694542448
1.2130326493157897,-0.45033305730496026,10.610979720537205
-0.537481460450832,0.777651999110915,9.454336501514263
5.0572032672541045,-1.1982566207368606,12.784615559239256
1.7830397016006854,-1.3122106406345913,10.920430202566068
-4.329232691016967,-1.1675039663841458,6.248009777792333
-5.084920167492956,-1.469180340356301,5.377483755603362
1.483634188142209,0.9627933487125538,10.767048035196945
-5.442912460546133,-0.8627548245712396,4.96225219568848
0.6026940590129061,0.13561132570560644,10.233193768727698
6.704057993463267,-1.2525294591713982,13.5738502378155
0.47325770222815455,-0.8315860405927115,10.13610532902115
-1.982840416775652,-0.9536560471928293,8.370804345929393
1.4852567896666822,-0.5045058234676799,10.775237603982777
-1.1451899336990237,1.0657287146606869,9.031320723148
0.040765417351170084,-0.1591431283622643,9.854706071355263
6.6588898298877615,-1.6375303003376107,13.585485760981642
-1.9945719520112943,-1.6276515459812657,8.351320611724349
6.974913257916412,1.7364152606056487,13.77139662241181
5.929668190504142,1.2204660751703102,13.245117757460608
-4.067392319114108,1.2868924962526103,6.557676952460878
-5.127332269642835,-0.7473813645324868,5.366103840203243
-4.845463748953949,-1.1310148319069095,5.662199266697047
-5.502700396351904,0.8589690375199179,4.884125641190398
-4.976170766749958,0.011116582703504796,5.602492915466971
2.1786046747957117,-1.2795868569883364,11.149576165535375
-5.106386110614776,-0.798153970561024,5.383326185449615
-2.8102165631901523,-0.15599561566926767,7.718663470799853
4.980611698696134,-0.0031041422066822757,12.675151190807782
-5.47005428202699,-0.04692506879370282,4.931721807412143
4.334916926218381,0.6771145277685329,12.38857358483017
-3.2097112951742037,-0.26998519919435,7.368807649806646
-4.7019282962570434,-0.6570932754650365,5.826066243491388
2.387017895526588,-1.4052466673670287,11.278982060957667
1.2529388971765199,-0.425546415699129,10.640035661299292
5.519579764462106,-1.1156119649275917,12.982367874666387
3.010933319885238,1.2772065952967484,11.640270353627296
4.171661196758556,0.07800117276858454,12.285018344974288
-3.2121331206239216,1.7632299317204578,7.370502204129751
-4.2027052138284,0.8443449588699941,6.384717281968794
3.282431144754024,-0.6676258881836175,11.786766348677833
4.462166891465045,-1.475870330641369,12.316627249013909
7.610281260537787,1.6856280805507966,14.04768001274138
-1.672133029460608,0.2567988443866167,8.601218967963362
-2.1859514768865766,-1.028301397831363,8.218576836372124
3.683972999168994,1.0100353967991726,12.029908741241561
-2.5539153764797495,-0.1930008294423119,7.924386675513512
6.498328362432176,-0.9673272525294597,13.484570109557817
5.241343187223356,-0.04342131702113797,12.802738565198101
-1.4619728900841615,1.0714384932717458,8.755562434890459
3.2440383216372393,0.4223749095919001,11.789182071485365
3.354808029668045,-0.913628268439171,11.823788030513589
-4.835368408250437,-0.22340651442672607,5.684308546618859
5.835580554608171,1.8399985735754965,13.21874972368661
-0.5215899302912391,-0.9512037466781706,9.474280404857694
4.525513675707269,1.6944076866681472,12.501567092470241
-2.7766451387412676,-0.8327980313711468,7.728785406531032
5.745405488550081,0.9974560741393999,13.15249656767272
-1.9625605861187143,-1.6826876098744705,8.380528384412875
-5.582430292989797,0.45105236247076136,4.814531439202705
5.993278435462701,0.5072484074473073,13.245413077818787
-4.9628543366183875,1.3408825398999136,5.572745639870519
-2.7983875558581404,0.6314014926674928,7.721849114519933
6.841699173941067,-1.3710480348826928,13.666512068810322
6.826093029960131,-1.6792517318160551,13.671650268191627
0.4159924806133611,0.4444699437676855,10.116913750239174
1.2863150714157054,0.15973946948596102,10.66731441243658
-1.242703183764826,-0.8155253504183095,8.938888452531678
-3.079825514709752,-1.3772059230575038,7.47583539934479
-2.6986758308611045,-0.2939470403216246,7.809979344073361
1.9098699392833465,0.3327794650751402,11.050726103430213
3.2250152702067902,0.2667963820459104,11.80335186367317
3.957082010677229,-0.6334701357383976,12.172845705898968
3.8992911340645278,1.81779996949707,12.154364650018449
-4.931151906059894,-0.356319047064697,5.571986250285647
-0.6324381861986593,0.44101177662527563,9.372190571502461
-5.270009324784757,-0.9591712362059943,5.254867513238772
0.10327437653568962,1.5140400489956536,9.89157667931566
-1.311736782311672,-0.2736497484509571,8.873715918735947
5.6358712811520055,0.17061424848914117,13.078803797727907
-2.4322891387567283,-0.46501655923304547,8.019685056788632
-4.734048537498414,1.564429120158616,5.815719616744616
-4.513565378677108,-0.25587831984229337,6.060053833969599
3.4250315985175517,-0.12355360984154114,11.88945759908709
1.0869447818867768,-0.22439006685931312,10.538956958477316
-4.849955709805208,-0.29086707327993344,5.665447749640784
-4.986742639408711,-0.6414204403946765,5.505076953008021
2.423904057839869,-1.0859967609223866,11.318867401740258
-5.07943541640196,0.7334705014091617,5.398164159125263
4.461771573574385,-1.2060682221333108,12.458237554021053
2.4975836758633005,0.01970152133297386,11.368565157853919
-5.017220644376051,1.537805312111687,5.47908317531393
-5.000905691023688,1.6254231359679838,5.51196559833686
7.581809808655817,0.629563263087354,14.011247935065358
-2.148871766197201,-0.9939196670978485,8.23980812758659
-2.1806215880620257,-0.704143665716433,8.205608919392967
4.291987636810246,-1.0090641281344679,12.372844428396089
6.790117400524472,0.1730833239026263,13.639996495882228
7.538821332541809,0.2830167739400802,14.005230075997645
3.2944323832447036,1.3002269530940376,11.812811096937594
-2.114711333316843,0.6279207313986475,8.258552029624687
-5.0363936033187855,0.19199733631890367,5.4993646948347505
3.7194649139792264,1.4445269876611562,12.03682610589749
0.21853049011028602,1.0307452752539927,9.975225046494666
-1.5263353318216046,-0.28103858960073197,8.710587223608895
6.043201179772057,-1.0677627764677076,13.25457781367224
-4.72792694546918,-1.8402664709697747,5.7604005609167475
-0.6809113792569619,-1.537606350089848,9.355271206226895
-5.5281238343492625,-0.4719786352764853,4.819394561363065
-0.9639896142577273,0.21917620568698234,9.12941147013096
-5.180233084668436,-0.47691398678584096,5.243034852149993
-4.708599077661765,-1.0465403360680121,5.832221458972556
-4.702996051525198,1.4424962311439067,5.820047760821491
1.5314711932690044,0.29664827225476936,10.831051927672595
3.234843257680413,-1.4071071379805087,11.743696316230304
0.5518430161005639,0.4061397434231612,10.210510060673649
7.106427053437381,-0.09322450685108871,13.780651609704861
-2.1431703877010237,-0.27454183817702543,8.24546095642054
-3.166503172447882,1.130684868579578,7.40516195429941
5.308273586157526,0.42094527971883705,12.898742900488212
-3.8032759289629063,0.5195825239778912,6.819730111382576
7.022807549338868,1.8207618170559023,13.790547541420878
-5.569974125322544,1.7354569624393092,4.826942205566
7.277728036768251,-1.3118072522832984,13.85328157095571
-5.306857385524754,0.7352786580695054,5.119161567325226
5.725050062434775,0.08817479713436978,13.111214958257671
-0.24084903262503715,0.7189422716672103,9.685854763174808
7.653817297826712,-1.5558570268081109,14.070861706669733
-5.061082543725958,0.7634833127886899,5.407905217283368
0.15656110890985783,0.2051893973199993,9.932342633487954
7.19425000874228,-1.4137056853184333,13.84785015540545
-0.27880150463086795,-1.2610438094547003,9.642470013445484
1.2475069344689402,1.105882446241852,10.644331393620174
2.334141363665867,-1.0628891442658763,11.269665890561098
-1.1558856405837372,0.08950169497135425,8.996337589872645
1.203163553724975,0.05717473178616477,10.626984542663717
0.5644767840581846,1.3495457179044548,10.21942162955965
5.8471809125244345,1.5350631149582823,13.205603136830945
-5.288320485331018,-0.7585090069580727,5.140711024223605
-3.261106065455228,-0.03774037851306673,7.360404657441011
6.794099177208657,0.30052563721197956,13.669806189171558
5.772856136198887,-0.9690631552962716,13.10292747007095
-1.1517667157189613,-0.9947135922691118,9.006852701715218
1.1194476950584813,1.3089975913990122,10.557001020899273
-3.267519961064268,-0.377053534765612,7.326645040477407
-4.159516942471116,1.2704008741964112,6.485389140503571
-1.0533233178349264,-0.9235495901240262,9.082643487706948
-2.3935231160094204,-0.5158692318335445,8.042655271473388
0.5691316421159817,-1.6859677366929964,10.213218240025137
-5.063772169188042,1.6045417742159664,5.445020673640688
7.232898226635979,1.7732335978942215,13.895843688764895
7.566926522523226,0.8268715208045815,14.007206269630013
2.3663897983376554,0.8075168760886006,11.292408115730957
-0.11420529388808369,0.9603012030556626,9.764978198753305
-2.898121062811972,-1.4622570354788413,7.6296180366095525
4.310380548640547,0.8394301412599123,12.382226346702623
2.1598708023531494,0.7419122567154752,11.165828244522267
-4.36151199897139,-0.9353729217703869,6.245017526370192
6.0534477598413545,0.2722925098255992,13.297675432667958
4.454214514856856,-0.9930322168997315,12.464619859398981
6.767009741866191,1.5977080818721499,13.664042270319081
2.819935078183435,0.029967981616414535,11.552134208743695
1.0303439268961214,1.647923618940941,10.493690999841352
-1.6342326163421512,1.6031259981105703,8.654236731061783
6.474092199255461,-1.410092795508818,13.503147833681442
5.1975636028382635,1.309771964062654,12.874848838766347
-5.303548149892938,-0.1522961828988507,5.138564905816804
-5.479330275358968,0.23248248567870505,4.960891860518559
-2.1071509385854967,0.5463891264075924,8.26047262357397
4.298726076701128,-1.3615353469348084,12.351674148365522
7.479801601577103,1.8869247357664356,14.01724728514588
-4.437979488059562,-0.5845424464238311,6.13003478058467
0.7323780203480249,-1.6643875743930834,10.311939052251638
-2.063707702597338,-0.2111054855285147,8.30220073141931
7.237524259969973,-1.4913629527529872,13.853616820740665
4.7928164646532485,1.5806858945326354,12.64917284750096
4.77874428704684,0.20546973257011453,12.613450880426562
-0.9652169052763113,0.8838085742525381,9.129717943183687
-1.6479757851926546,-0.7719172183606127,8.62197068371404
-3.284222599705661,-1.8208184277395334,7.289189926235698
-5.192244034075221,0.7643210184905307,5.243715518747775
5.397438371091311,-0.12068010914891335,12.862205374297442
4.259778503574103,1.0203072332463123,12.373800495521033
7.855040231208926,-0.0036497361085577992,14.134506074563456
7.775240324111438,0.2108574467244458,14.105469877329735
0.19479829055782164,-1.7150406009125627,9.947209478060879
3.536189137935948,-0.34426596145520816,11.959924623086977
6.750718946811191,0.5369190765361658,13.616596209470796
4.912435064629662,1.32285920505916,12.720126982466367
-3.5709284790828435,1.2395265412168586,7.043589918332121
-1.1905438285302214,0.9749429036398458,8.958667417209156
-4.605286328861479,0.7981107480585817,5.929687789730362
6.9526562068978555,-1.3118032516950577,13.704108075542083
0.9057580617462403,-0.2303866428304686,10.425450315534778
-3.760257494700956,-0.0710129572650191,6.867296654582205
1.9466819925931949,1.4392070337165417,11.043018787006718
1.0792966114674212,-1.310476001953544,10.538110397981422
-2.359682959865879,-0.7543983782453726,8.087993071669862
-4.784364592174801,1.5889153995849463,5.78264407262579
1.9984216915906852,-0.7188467999111102,11.041817233251171
-0.2910698491378326,-0.16425408523910073,9.616173532681346
3.6488686080143653,1.4430155449796622,11.991318337511595
-0.3001895464588709,0.13510354362889093,9.614814481661643
4.992052237283043,0.09786908650211855,12.744010403162251
0.10080574641991494,1.2514932887978807,9.913988390864361
0.27228895124409735,-1.6327390765011016,9.999104811870081
5.425554532633499,-1.253359733614006,12.974654533948138
-1.782897834830388,-0.5677161722220239,8.51512540541135
-4.61150865217032,0.10097634984872945,5.975452751893762
-5.473211337610633,0.24406477878340052,4.983659313754606
3.320756128797852,-0.4893631749027185,11.829389945013286
1.1371900383409226,-0.1719013482440943,10.558668768835565
2.4784304086846323,1.5852033330198088,11.348184461389867
-3.901096249600713,-0.025432919368351917,6.719528916207602
-4.559661024932705,-1.1026631671816383,5.997659857972477
-5.557376082676701,0.16908930521215218,4.849469224818102
-2.4426956646411875,1.6373090220857496,8.016598877945043
0.6887084125444131,-1.0187707555629475,10.272232194120287
-1.9289409054121918,1.006998087797735,8.409202011883677
-1.3591695844635732,0.8647820590637092,8.835492983863235
5.9189499699602255,1.2201354480954263,13.233883917287384
-2.467991684887362,0.5914116151017745,7.994619430703338
-0.4081872275959989,-0.9345702356937623,9.556625789885187
3.8090354439931553,-0.009705407383047171,12.098144623757939
-1.8754019486041218,0.997674063034747,8.449716655708366
1.135903105368105,-1.3864075260579238,10.575418002380099
5.157314592943131,-1.389532910620165,12.839975456748357
6.836531279176221,-1.3451408265629188,13.66141002752923
-4.4666877962340035,0.8775006324716376,6.098523882058322
6.350949938878661,0.28749541111141647,13.445271608728381
-0.6645652296587857,-1.7515324063186266,9.350475773536246
-3.445940085060664,-0.9585198354376596,7.146284999717082
-1.0868967746532032,1.7343416146073363,9.039641536780238
7.357454143559766,1.747871399353255,13.948978396771311
-0.6454385837232323,0.11747060057867091,9.355205135724905
-2.7089479811168897,-1.4775762186509112,7.810799911589841
1.3063733256285908,-0.11325121983429917,10.682051392481464
-3.6517815069344435,0.004843175357725865,6.975708115620729
-5.062305691864926,1.4694267283901485,5.427384003173842
-4.632616145165517,-0.5866441902507394,5.9270517430382625
-4.648434526612106,-1.1335824112636375,5.919192581362129
-4.484943374385545,0.3185474772531548,6.144038138380867
-4.545181537961327,-0.9900963714931365,6.020804257526776
1.4478066528496796,-1.6751482980286656,10.752491150819727
-4.175258671940484,0.937609711434518,6.426568391332625
-2.494878241440444,-0.12602747131311226,7.9702263740144605
5.827045158182232,0.7184481037682738,13.164420621540286
-0.911350738596068,-1.0733832810072002,9.179372201784314
1.9174523339480642,-0.2925408725921753,11.003972441938714
-4.2557374242820165,-0.40972434464430096,6.336465504688428
-4.073012340329197,-1.0763855247220557,6.524670286950618
-5.388510868103067,0.2644495903248096,5.097566614260141
-4.323386306069352,-1.5864355088697473,6.304564439628411
-3.2532512257272113,-0.1563054332720614,7.338041067776363
-4.223475468943687,1.2233765855517456,6.3806734914212875
-4.940363007724686,-0.7066529849229789,5.548390665602589
-4.697054491115213,-1.077217312346518,5.8493552796118475
-1.1014527023597585,0.6557224818075706,9.05512655812999
-3.9355914922605173,-1.2473940057559814,6.657038462179198
-2.2767662215268336,-1.446928140459334,8.145551538563115
-0.5348872290366643,0.8370082280858686,9.456984979808215
2.2188907938149396,-1.7753453859593902,11.219206945479884
-5.360662352011053,1.2650034059588533,5.082897169549763
4.071466322581504,0.9952462810399643,12.246654489632492
1.2352229509159864,1.1189289103502431,10.630210732817108
-5.007044369921208,-1.350657139126241,5.482949702790258
5.542176829494224,-0.22178687875537817,12.94567354386548
6.20444574727733,1.2803412984999685,13.391406885597714
-5.208125941197916,0.18884288768021057,5.2880351903135665
-3.2480281984641697,-0.3782405137771431,7.321899336472114
4.199066798467182,1.4980536173443266,12.310657034122402
3.218819209426362,-1.5071502085671047,11.764570419244711
-4.124828833489567,-1.0901556383533444,6.451458616913374
-3.9347829396848377,-0.014735600793132875,6.6854598690705
-2.1786361533311993,-1.734537332902204,8.204006289852794
-0.7599017386851226,0.2189295946154337,9.278910532699216
1.1075220767450336,-1.759248567544121,10.53930292524393
-2.230833489119862,-0.5648946550340921,8.1893181200291
-1.0713063959580202,-0.4240411726248337,9.071675979087104
3.215362580949114,1.2553830975251647,11.75713660442333
-5.413567384867967,-1.3033349633203384,5.058120022518429
-3.535509431645508,0.2897154680346867,7.091551129922183
2.6317890593220072,1.2338638596170801,11.435550435753383
5.726447418201937,1.8165224872919081,13.149514654549057
-0.40936688438642466,-0.2309409726753548,9.53483525985927
-0.13606539954925637,-0.1244352424544389,9.727440428941419
-4.813643815018827,-0.7687829704750959,5.722461390871137
-1.278051224579164,-1.3848135533955601,8.92915119459805
-0.12325508926540407,1.551931454876704,9.732188454795223
-3.6151384075737107,-0.8370624738317647,6.997619639177941
-3.330674214636779,1.1275468706086107,7.249946649522755
-2.15797339031564,-1.243131522236681,8.268208445760457
-5.541117064565215,-1.0108602391306458,4.901555562846449
-2.7767007498856877,-0.14482767918029532,7.74791360179602
-3.907076113128932,-0.7731525088012169,6.705239496574333
-2.6997383388806457,0.613153816949909,7.7989788074014275
-4.7314153313032286,0.0917977846775791,5.841120480889526
5.671584693797341,-1.2303622967465242,13.105410869365937
0.7122958628110699,0.13065174907568566,10.30686605431991
2.0319182057463303,0.42963089337790616,11.112777550965049
3.9185630920808965,0.01462563765669691,12.150152677284206
-0.588183247816756,-1.1872370336596823,9.410096031568695
-4.995136034393125,0.5749852817274623,5.531593395894766
-0.07938305583968229,1.2024869317509663,9.774498878301197
0.6293829083889332,-0.7371004179272306,10.243236215981133
3.243999769409507,-1.3616648676238927,11.737990507764678
-1.452001973918257,1.4673476838654098,8.780684358245884
-4.619167813022665,0.8430576739547713,5.914805006400603
-3.1864750035661698,1.2117523426298775,7.386913883153875
-2.2616349050269213,0.5496357630161589,8.134359005428081
1.5110088745531216,0.15200065849438624,10.800015560967722
0.3897597293712032,-0.9039249304904287,10.09184776671356
-2.3726579975446076,-0.4971792982841559,8.068521554528846
7.61357285731968,-0.3298270753933455,14.010076155171687
0.8822536402931213,0.4781470419910718,10.42168214704853
-3.63967252730582,-1.1680900010944135,6.948198818842118
-4.874586023657065,0.07344983683411098,5.671666185130084
-4.403423294758881,-1.7536675270651898,6.153052426471361
-3.5527618362147315,-0.4163429055791087,7.030485958143903
-4.373809987135279,1.3325423368454652,6.2267752457875085
-4.162943254353458,-0.6906122924687098,6.470741756869767
-3.1560652156928994,0.5955627837691405,7.399347643012288
-4.259690341073408,-0.7167099633705658,6.346396620298044
5.770261124706443,1.5467458422478235,13.164203990383816
-5.0470370542026615,1.0431450366536887,5.468574218206511
-0.2511193968421829,-1.303623006767762,9.655792364978948
-1.679223919976651,0.9610843520307938,8.580287950566536
7.517629696269728,-1.3196244300673385,13.971089318156029
-4.75737713909376,0.7301421687417604,5.768330756286946
-1.866765438129502,-0.5176045055125799,8.462089661839695
7.261065688073153,-0.7842786257648605,13.849432553535927
5.2507133181516785,0.07658485561075619,12.869601465399123
4.3691923392967045,0.667561312298781,12.413111827027656
-3.481142250399176,1.0590590773761626,7.143065860737956
-4.274263986822043,1.6993770513232702,6.322966547787633
1.8654725888125443,0.6869821234994743,11.01420286314634
6.480601850171401,-0.5227608727012596,13.471551319982604
0.2349006655091086,-1.5888033504979184,9.959755623836577
0.4003207864374583,-1.3321468372830487,10.099711658196712
-3.2312704937036805,-0.9532601933546035,7.351129771790322
3.5790565490628503,-0.992714023737272,11.964689018099842
-4.148948757038716,-0.6106436277676612,6.475234779489325
-2.754193247138879,0.8202957514709404,7.762993914006067
-1.5527649617773465,-1.4578458052345913,8.722032950764909
-0.4848869139038021,-0.5837521569842116,9.49650409006774
-3.6230928642756632,-0.24377871320328953,6.99704688392634
-4.732208369773549,1.4704529113299114,5.794700555271471
0.9506612770933724,0.16783880542195131,10.467347298792651
-3.2085535973747885,0.15256160167555785,7.432667857368125
0.5353466322756245,-1.3017321918753775,10.190430159605317
-4.4334990829685585,-0.13845260930978176,6.167223297265511
-0.8181142880165898,0.35871977851478787,9.247027608388308
-0.12199031398472651,-1.7612178197040174,9.731926126435546
-5.245225245609599,1.4360781125006954,5.2008143080778195
-2.6058435118317975,0.35031415564706864,7.884809563007438
-4.577609276266506,1.673814162506603,5.97921746520307
-5.149775302550825,-0.8258737778381801,5.309684005360841
7.6111467879050405,-1.5170390683821162,14.04254436065158
-2.7504640190306278,0.758287759962837,7.750502394071728
4.262115032457809,-1.3160569823841057,12.345275808665765
-3.4542664572984543,0.6697774997861224,7.112320611318095
2.099317206109944,-1.5145065111771723,11.135400817005113
3.4255241975526,-0.7652466704684553,11.877367759435879
0.7591268352416758,-1.0614591815765293,10.32615185544593
-0.9341917028478659,1.7631794828091427,9.156889849055847
-1.6869426237267522,-1.6952829833983558,8.59389815138298
-2.4259271965585323,-0.7913339535951375,8.000394930110929
6.444061908905434,0.6683745991699328,13.47299477298442
4.5949739426554,-1.2054194791507418,12.540792468689792
7.144184712005488,0.7745869662757887,13.807553339583798
-4.6512318040283205,-1.2606081662362225,5.883862712876078
2.92229947913183,1.3822532234656841,11.600652652927158
6.655290373977272,-0.8454063695144616,13.55603943752988
-4.211129328911203,-0.0661748488485211,6.420470388145462
-5.1308802394431785,1.4883244152165533,5.339101535536522
3.1776912750997854,0.7641307525260379,11.697286542084731
0.4352293735114377,1.7475345813603063,10.126670516537297
4.810697699053083,0.11479756530096027,12.646438282317497
-4.530172849119017,0.6805697957317666,6.0297125951365
3.9628895041232974,-0.3035476780177806,12.207606814122093
-3.9934153446695824,0.6636835530864792,6.612681702659667
-4.3139302562691215,0.6783008453979343,6.254809903854314
-4.312545577539023,-0.8554978638312087,6.260557652432908
4.347006965271394,1.626029745545878,12.389574851021301
1.825553851815953,-1.4808516374611813,10.98172508556728
-0.2735901560420235,-1.292144212011321,9.64216446778916
-2.3393401592945655,-0.5504956373840815,8.094286618804082
5.532258153223432,-0.04101320358810175,12.979809304615053
-1.970866688750069,-1.4647448998903714,8.411096979633315
4.330597587203972,1.0713367774499734,12.408657380293038
-1.353953724782933,1.5984022474383146,8.85113798848176
-2.140296985006295,0.9338800019242623,8.265006531263348
-1.0525385475650106,-1.0731902783580347,9.073043227257097
-3.0173814403957597,1.6987150402026094,7.5528085266704235
3.2131862685434913,-0.2745924182142191,11.758441389934278
-0.5108877339672723,-1.7567216807758146,9.450417033357674
-3.686566028291112,-1.2374564342325884,6.900942071815272
5.868747280561818,0.0804137510126543,13.190679592651362
-2.0565188876620413,1.6006323631456003,8.33047850291577
0.004182728133582757,-1.2312311738646475,9.835254006324949
6.051088922264977,-0.15490397659917257,13.255687353855446
1.176684967896836,1.4232665490633516,10.595693486549727
-4.726204641420866,1.5154781265772854,5.814127058110001
6.596620489294981,-1.4351052735872054,13.570098065840051
1.246415569641122,-0.5598042142697317,10.628398004769645
-2.633750259753937,-1.1290817660976344,7.8688000363427175
-4.545889027723524,-1.260854644539353,6.024997341373253
3.964282574977734,-0.17483681499415524,12.19590008451511
1.0878504446805437,-0.06722002922020179,10.556437024533274
-0.11176426664419759,0.21647429814846622,9.740141322971093
5.778882282603462,0.5106514327113566,13.137128096418568
3.9786349290458864,0.13673307854125585,12.144742596657842
-4.4333735758493935,-1.0076443617596458,6.14189104409227
-2.8730804075853595,-0.3231374481660586,7.650300254829631
-3.546054654733538,-1.394215553547015,7.054343948798607
3.1269782922469815,0.16256469012487743,11.723917602619744
-5.383980325230197,-0.4270905501298098,5.0284247322534
0.38682004909483325,-0.4578104017053151,10.08347272242968
3.4606580708747234,-0.30229922280175997,11.898392797750736
5.595154484358424,-0.6373180059872864,12.975710430496756
-2.5571935245992057,0.8614413538211276,7.936433506463823
4.512483456858567,0.06113375089746267,12.45255672557834
-4.775649510979689,1.4988046133603508,5.755068536601762
4.921085919265804,0.3884449366779463,12.690013884366909
-4.710009662973133,0.07802072954733351,5.913941315379127
-1.8663636654629787,-0.5310365918580732,8.45673348055182
4.300435371320969,-1.4097929617700005,12.226720772007388
-4.4460240037570875,-0.3475712552836742,6.125327445596658
-3.7276968343579404,-0.8814730010374928,6.87303247764892
2.784310282285602,0.00845404131418659,11.51945906908474
2.7414585211624956,-0.43440184558377076,11.498573460972848
1.4523175656476979,1.516372546942961,10.755063060401495
2.3036851724022718,0.8173073419405353,11.252698985708408
-0.02201621073696057,0.44384375568819856,9.827446352817944
-3.531650287329274,0.12496141768775351,7.085539201313408
-2.4956966152692375,1.6712552653546817,7.970496961086704
-4.203686628772751,1.2601350534725877,6.423907139420805
6.0329689079909325,0.7368359440537917,13.27433380929044
0.583352588014347,-1.7446249542132857,10.210727110190115
-1.8173509349779886,0.5747272071826801,8.490324578641824
-1.0930911289804817,0.047718771774177576,9.066691096317458
6.730023381934888,1.1511258610312,13.640324122162141
-4.412795476901211,-0.360914801479032,6.157691904726183
0.6304027160496993,0.7761416895211538,10.237474981122135
-0.4975771707171814,1.1053600826435552,9.480277451737743
0.9737687040611863,-0.08958827958879484,10.47520938252825
-5.489159318979219,1.797634580388276,4.88307344172483
5.299027501271137,1.7782768848949917,12.93196317646157
6.461574622265924,0.972608424539443,13.497396825966447
0.3033776827456575,1.6732365625502643,10.038643753975702
2.358584116445434,1.4584602766456636,11.278168311611454
6.3195692996036525,0.5102480409858824,13.406740816927856
2.5313736564625917,-1.0696883553299685,11.377956074066242
-4.423679475753088,-0.2393775298159055,6.150035590199875
0.4686579413840187,-0.06493559306953484,10.143778816332796
0.8700520760878064,0.7388406309325809,10.430543578001002
-1.5577916875640283,-1.5791811679044123,8.709726383761739
2.978181077812728,0.30316653852448666,11.65321238163623
6.485232829044905,1.545509575713402,13.518590628449578
6.39964999229036,-0.209310145858303,13.435666702010565
-1.250866190742542,1.4037563303624623,8.961449951841475
-4.794561768508887,0.5375316397633324,5.779632419145233
7.520939512014112,0.12759280210003934,13.994298607222591
4.767312966651525,-1.3373839351236636,12.618817176851936
-4.747360493663406,0.06431569481143401,5.887307070719658
6.312137249739955,-0.833765126108953,13.391119261030283
5.372483013377523,-1.5688317617661196,12.910969041701296
-0.3148402297456397,1.342876644298128,9.602322466394897
0.6859141453656108,0.8307815950161573,10.28502867593781
-1.840712222246115,0.26191422809495957,8.472900870107285
-5.26396363710386,0.22900283263895135,5.228505267050183
-2.603865995460836,0.38808211252209485,7.871548555959665
4.223484496548486,-1.3637896373313887,12.27910446845892
-5.599364151698715,-0.6837220990045199,4.756044768712248
-2.6153037026726764,-0.33799681409454085,7.855544623674229
-1.8609962784241716,0.7018965925887585,8.465040508408949
-0.08277586797456878,-1.1966825695031764,9.777223215168396
6.24923532164103,-1.5556625436108171,13.381823921041606
-2.481233386473604,-1.0969440214064854,7.976623074885757
-2.4677790158250787,1.8052615391232771,7.982345871034625
3.036292272640132,-0.4539031210043249,11.663174489609355
-1.1858994219516321,1.6533200155562038,8.974442663147455
-3.7759052776759185,0.7572679656965245,6.829239565511941
-1.1752250377677236,1.6368563367288174,8.97653096061326
-4.53196030231911,-0.33536365855880973,6.0399351216798705
-4.220481673957936,-0.7185908725095245,6.374797163375069
-0.537412250464877,1.5332405520106709,9.40939458125746
-1.6005103591292074,0.2872549751800362,8.660668324080559
6.1448441806183975,0.27200483011610727,13.334608466271522
-2.2816583146141225,0.47877273293586387,8.127871013896415
0.5242407782102685,1.418281074657418,10.184305268364648
1.301614735928865,0.23764921384640358,10.671339506550225
-5.533726004135663,-0.8750916309360343,4.835801326246668
1.8263037008110383,1.5142697756738288,10.966081380314616
-4.225665687813731,1.5474860586828643,6.39033843716299
7.0710214345583715,0.5334261285702414,13.77026332722044
-4.482851447143864,-1.6628038008453736,6.113502180500087
-1.634007627360108,-0.5540247404302503,8.62012928369046
-4.971693579541047,-0.6555451828656998,5.5167906510512745
7.769239858473613,0.457356004570858,14.107707458840837
-0.5420289864143352,-0.29549390544038,9.445465445762935
0.7608985279948409,1.7257017078595633,10.323760569794935
-5.11373267956934,-0.4640050031282004,5.344569886161187
3.232289124242686,-1.5845886067908568,11.780599893251097
-3.9021171450071597,-0.3781451961923868,6.690702588034192
5.820703487446097,-1.315865583730174,13.176351255079934
-3.9608624004385367,-0.8125135965818118,6.645784542879665
-4.110344525955398,1.35284922807506,6.5095784074849625
-5.368540982630915,-1.440499735837735,5.056861484392855
-0.9321414916700419,1.5890243597651625,9.16151512066514
0.31409800236952673,-0.12707080992358544,10.035891244494197
-5.148454799610112,1.2557387159864855,5.331678317101167
3.686443715179757,1.8039705488516922,12.021564570179827
-1.1533723315686057,0.21971177497115144,8.984535599980733
-0.2792888927753623,0.7168663254728298,9.654650833585187
-1.3372604645772384,-0.006417323423719321,8.866480003656273
-1.8195573673424226,-0.2550526731602144,8.489491844012939
0.24305314067457323,1.6438484490231946,9.986874840856055
-4.420335654848615,1.3244132463141405,6.1754938288568875
-4.1988530539072695,-0.1843346176284461,6.427021215120496
5.21487337778286,0.4364269762232116,12.83452710822084
6.78786364801169,-0.9705999479503137,13.629317136244888
-2.160459855853583,-0.5322469117873865,8.23074639700799
-3.335649557795253,-1.1894104715566995,7.264097408823765
1.4714041859836555,-0.5939544803488079,10.781941682249313
-1.7583658227016201,0.19780074466931669,8.56461778796337
-5.450068501263665,-0.5306805580127508,4.951649745716561
-4.38378548950819,0.7455624596925721,6.184092538558455
2.6601929755179956,0.569032077816073,11.460268263348572
1.7536860690484821,-0.9819908647104231,10.922600825922768
-5.464987542354425,0.1743639368985536,4.967762693356693
-3.795753746119296,-1.0361839528281724,6.804427320074684
-3.721618872367416,-1.0867609903391544,6.8902176305572125
1.9604615073683473,-1.2801774027818191,11.044828902254858
-5.466436947170336,-1.5008498967288921,4.898156422206934
-4.870108314636232,0.20574383707018254,5.693589249399853
4.105874655324843,0.6164806810223569,12.251420472274843
-4.189306799032601,-0.30036388026340527,6.39513277632739
1.628508960609448,0.3917273171295546,10.86437611164503
-3.643802573877574,-0.35477135234590346,6.957208805828636
-4.8669463557753465,-0.702648636647045,5.649602027251178
-3.6210646933902284,-0.6072939266541011,7.004232886788347
2.7850211258440947,0.3784318049030254,11.519594441530426
5.054622790812285,1.2422729475321672,12.77713819410101
4.638320397151033,0.16851516501081218,12.537026862548611
-1.9412056569360496,1.2172434261843446,8.455755556713294
1.893442112976474,-1.4529837468617017,11.008943051453317
-3.9515418267372597,0.4986772388096432,6.644320450123559
-3.086363547751411,1.162015285219559,7.475241247798254
5.752528936778761,1.7911616468963545,13.160155048230722
-5.515448290057547,-0.47471848537276684,4.834929222536284
-4.984108327635268,-0.48732066039482014,5.518287897439649
-3.9331059758721603,0.5030609532891785,6.671670776231848
-5.466376822932512,1.5024949764895437,4.962449110705306
-4.213965890992957,0.26838496433876835,6.422377670321615
0.5921418904774536,0.5779209239448376,10.207426234424421
-1.5628058828187001,-0.5848727551412854,8.684221796936004
5.788111725676561,-0.1252279541841713,13.125621649145254
4.4497666426420555,0.5418934776865834,12.416613045229973
-2.539513853117129,0.9747497847126405,7.933941623275387
-3.4410731926026745,-1.7906368132542385,7.157397238295057
-2.1193952464346775,0.11329792260880707,8.290905620750998
0.6332188193682695,-0.6352869743029322,10.275787744951876
-3.342661310557041,1.2274291217610032,7.238829274495733
1.158751083291463,0.038577408948969105,10.594853851319487
-1.7272707931608906,1.721432271155019,8.571002896838872
0.1303065715065316,-0.024072364352773944,9.915311083783301
-1.3870440256271634,-1.687450520593014,8.822784680286066
-3.041105981951414,0.4517517251418374,7.487663381116571
6.741367288014452,1.7540090537559514,13.65135080466046
3.536007469291854,1.7326177895628478,11.909204039897402
-4.583199632322671,0.30635918370430026,6.0329245513617575
5.266318218817296,1.268211898865611,12.89750681926133
-0.7428271784561332,1.766672210840968,9.306319795038116
5.789010934884367,-1.106913582947768,13.143345093173293
4.115581156147897,0.061777568083301454,12.250847168442498
-1.5124305376970613,0.762152862121723,8.719931845927833
-5.434678520030168,-1.4148219078540785,4.924157222233864
-3.349875534417566,1.2872328687243193,7.244613435673643
0.00806829798877161,-1.6465798469566246,9.81717118951906
1.3602767946245737,0.6509256608659004,10.682780545229583
-3.4514453056417587,-1.3648671915050388,7.142923154409361
-4.532049777196793,-0.32155049284998344,6.0257890360055875
4.6708730843325315,-1.1833542961461756,12.581421074950685
7.522783683773665,-1.6585810223097162,13.990160957612844
-0.27445184530483996,0.7745311972246524,9.66690222474388
-4.2515552773645995,-1.6923615962635645,6.330428129968407
-3.2986129078014508,0.4186422583633696,7.27882506992047
-5.532224259819491,0.36891177505917977,4.885717023392893
6.16823972312566,0.5036201893485615,13.329452222013826
-4.778783142338746,-0.19168090309272762,5.82216679126442
0.45232112737669244,1.2652483966273609,10.145928752831866
-3.3117899123984356,-0.22880802185908677,7.295298584351257
0.14416527193961615,-0.1490820514824455,9.935393604838737
1.6286169777171846,-0.8908232400014423,10.851881499719171
4.588657338322355,-1.217534525059462,12.532521245093355
-4.000770070949399,0.18757133242838817,6.657863633108009
-5.570700206352579,0.6665450316625757,4.816022223985533
-4.543255373299663,0.7686618098576664,6.002505649803215
5.838984407015205,1.0179161663132017,13.1948648403563
5.36085763943643,1.6504808774438613,12.948608923530928
0.7737381890459895,0.4978773904454804,10.342874819194275
0.810876360587585,0.86092985466213,10.372127051670208
1.8180589031836625,-1.685231232534372,10.980211973751597
-4.245643589172125,-0.1566473862831577,6.365224342106924
6.18525993703451,0.49723241280769104,13.330518535402492
-1.5940235959420885,-0.24893139410230045,8.659208194007325
-2.0858530226124277,1.2353301603015339,8.323384537352169
-0.30666483410903445,0.19472756827334842,9.603073132587397
-5.25959591882233,-0.45230302787674986,5.155032788952456
-4.316778818862332,0.040983227631767934,6.2795728094794745
3.011997418612015,0.30680195956406475,11.66819194278687
-4.965631898230997,-1.8505381898932745,5.492748041026484
0.8452848547816454,-1.3892642930461279,10.396963688675065
-3.59306587928751,-0.40087779511084115,7.024749862003593
-1.9536460212215647,-0.24645738997412256,8.381413703831694
-3.122571283001204,-0.3743199087119941,7.433263348113338
-2.3687698715224053,1.0236367662551127,8.064525359770519
2.7050201741797717,0.3099557488021568,11.489236980346636
-3.0529190887802096,1.6932829097195254,7.512695177455977
0.3320648599227591,0.03967974924521254,10.050626951132394
-0.8639735587358838,-0.1716457698687577,9.199058319246163
1.8213039821002528,0.9885200078555633,10.967342352892706
6.5704026342270385,-1.6029936318359979,13.541801260565991
2.9452223141174407,-1.4853729622782221,11.61671833684646
-3.8561383934617104,-0.8061492065281451,6.73815432340628
-5.4024042095050895,-0.14565887329319974,5.006283104457981
-3.418002225728197,-1.335029927813391,7.1841693650039256
0.7249109217399986,1.3636308123493408,10.3208663465887
-5.31143079796068,-0.9520603016931853,5.1970658539256895
-0.5740176778229672,1.4588721762086272,9.390530647476707
0.7822604740315703,-1.030973812293033,10.337500308899397
-2.632197338463566,0.7789398853372751,7.862563436078188
3.59559868596465,-1.4601014425642236,11.978065327936466
-4.807765210613991,-1.6543162147553478,5.717053847176378
-5.076238904520845,1.224171357754423,5.42054588970944
2.9025826054304917,0.1317360593719294,11.575406321132478
-0.6160637100248648,-1.7466661421443501,9.382284617117481
2.1931172551021434,0.057308224297527494,11.20042871437764
-1.4158194816931833,-1.2262167065797613,8.810540097997281
-3.5812036035542927,-0.32652634745145354,7.034673432745388
4.498739357196294,0.4397331986126141,12.432246451615606
4.069159190431511,0.6854125805307656,12.246706137980606
2.337273372414888,1.0315147293970075,11.259748968317759
-3.2992128810731107,-0.9464379071121257,7.2772964718802005
0.6551699875184491,0.4019403681679824,10.275181961262675
-2.3081078315674084,-0.1176143074284356,8.114487808678092
-4.964143351140134,0.046334226536868584,5.575529686675116
6.240335190010593,-0.05368562130320647,13.357865749515794
-4.53896280597818,-1.2215820026261865,6.0018741976923575
6.811788531365329,-1.658631230608745,13.668165050174803
-1.2473824308017563,0.2578231252693993,8.915894359734743
-4.10523894253284,-1.1213931705843059,6.457225727915598
-0.018101051083328695,-0.9640762492287053,9.819685086156285
5.421836238302555,-0.004660885133996777,12.939709655298065
2.9353195384999973,-1.7446970003294044,11.613445952144385
4.161899833006416,0.9973761884121088,12.314048710762133
1.7281102660949543,1.4383684030444404,10.921275935881312
2.311019064088325,-1.3164256791853006,11.236941888409689
4.944147152178023,0.18243674511541505,12.715869441638706
-3.5420095185662706,-1.1898440010201767,7.065454527789919
-0.679194144103373,-1.3976054698662075,9.325110591178914
-3.799477011026848,1.5456850438160061,6.797238852360173
7.585470001359892,-1.4478551906149106,14.020940654708484
6.696826849932344,0.2808802719766208,13.609938638721575
-5.370628959426765,-0.04763001879874816,5.083977923233996
2.4976403009279915,-0.410462407606191,11.362278315976603
6.365034659303029,-1.420995863193947,13.432648930602808
-4.178902446850888,1.706262932535756,6.4142715133991075
0.36929828800269654,0.03727507983925831,10.065146672221195
6.231729353658951,-0.669984312812894,13.340662910834745
-5.387026506634636,-0.7665170248296613,5.032322291216876
2.41031640789405,-0.6869075815044121,11.285420144526597
-3.0348844374116304,1.2325882382846916,7.5148373517261575
6.34220113626305,0.6674589800573023,13.424617869588477
7.252571643703493,0.5381904359153383,13.864397328042637
6.789081214423658,-1.2310962682748108,13.611890976074061
-0.9061306651504681,0.8274855314076235,9.18175267822147
5.172646555739857,0.9446166700511149,12.83694955867198
4.915715738138585,-1.4765999346316723,12.672079538479057
-2.807795834900824,1.7746677904332673,7.719840087878804
4.715913457105142,-1.51020401108826,12.524733272500693
-5.357193589104285,-0.5868052037223159,5.061177720431468
0.7897629085602543,-1.1739615986176664,10.332100189772978
-3.72215228909647,0.6668313761457187,6.880171200836023
-4.70728968754462,1.7244804996694556,5.848705108256986
-5.049275296027622,-0.8059874029452796,5.437655819110303
2.3664454028495427,-1.188883617588132,11.27475608961207
-2.5383861036202,-0.823085441187785,7.915635048323251
2.8177579332756344,1.2559269818392447,11.543154875386938
-5.149757747913272,-0.8496988391017851,5.328357980743094
-2.822483504089962,-0.962673941826933,7.683930407614158
-0.03931095774172038,-0.5689812740446962,9.796974622790758
3.9258627777149258,-0.8761951842722884,12.164779237428768
-2.8082258383385126,-1.172273251236017,7.71656054495894
1.2108457381561861,-0.3892997013490478,10.611276230863824
5.576298760180495,1.4281420451464684,13.062532535693189
1.0310790263589906,0.03630845958467669,10.516762783214437
-3.708637514756086,1.4982429262067662,6.9079803037951475
-5.485835503885622,0.25401458464129134,4.942360928624297
5.322389591789826,0.2901366081056143,12.912877670816428
-5.508772372017085,1.5116398834131515,4.9128484550059675
5.42672798363528,0.44262199073967196,12.956258027346843
-0.1855238497290117,1.4640477101729303,9.697504023796876
6.676941050789687,-1.2133059324703646,13.562893528999457
4.293659421869272,-1.4048412312802887,12.240743616336381
7.729184025422501,1.7600242652508449,14.117696391639283
-2.4134374754920778,-1.7035760669297726,8.017769969235385
3.5351722497686104,-0.01610039129613424,11.942968257663146
-1.811242128848628,0.7246838733643052,8.500498596720977
-0.8101143546822055,1.5902677650327048,9.235110150535505
1.2251225109080732,-0.012460585986172017,10.626488640387564
5.387525718187722,-1.1757264252338868,12.946601790996688
7.542540733674393,-0.9074379151659572,13.987157172451678
3.6130087426788444,1.5587350017539456,11.953195319220052
-1.623388678175175,1.5661912628634567,8.64974814169692
-1.563085244616441,0.24736891792589336,8.683585169061473
3.030789030237516,0.5886933766304819,11.663938400653226
-3.673406249704201,0.9121624111830171,6.962810561357203
-4.772804273086764,0.7267046809092447,5.753582967061001
-2.382907745763913,-1.065295551322251,8.054624076117966
-3.1398047142346703,-1.581883529787026,7.419552698399698
-3.039710705916397,0.4019305919232026,7.505027223655303
-3.698652043865318,-1.4303042252632023,6.914090163944781
-5.37343896364445,0.5827309768860264,5.109107946367959
-5.542112397116474,0.04410273379432592,4.880846846532399
7.565564190601069,1.0919211205142931,14.021453190527303
-1.5114154319705868,-0.42820927702439693,8.744055783427697
-2.0205575721511924,-1.750501717711002,8.334582294271646
2.0790253991256575,-0.37926724682042795,11.117913711407132
-3.8256493335636415,0.47910122009332734,6.769383412587578
6.862631817306395,-0.6093122882048583,13.66556221046516
3.913527818598671,1.2942846332414586,12.123516141809265
-4.939999248240989,-1.309881146373471,5.5550678244275735
-1.6029301917300167,-0.07183748863428999,8.647995072843463
5.470573568725273,0.20862469750670665,12.997883830405456
6.772027228303392,-0.21064221854389908,13.616278522909859
-0.9981065919615533,-0.38467063835319837,9.117544442442764
1.0282120590119606,1.5013117819790445,10.493655122302696
-4.317505842397946,-0.7166163908923029,6.286646834213621
7.645922757892997,1.0268328733567802,14.053933203406531
-3.7081357167520137,-0.7427087484899303,6.895843325717312
6.740353575944525,-1.2399347334926054,13.597426628170437
1.6025397128687076,-1.0629640707594799,10.835164400095644
0.9452818804035503,-0.19467084919966174,10.440173330707584
-0.3931576838586167,-0.08727578040793717,9.544364359752748
-3.7207403766774787,1.2491129291409073,6.886400738077044
-4.233785577294443,-1.0520646029322294,6.376126485888196
-3.8152992447488763,0.7241168880850726,6.790422544282868
-4.147556081326903,0.01943825272016474,6.469528204486004
3.726032273301113,0.6430056562849562,12.059799545414624
-2.5039235975530687,1.331594750760452,8.012241806487955
-5.184799251539775,-0.4579552268883564,5.257543363651299
7.145735663148379,1.7380006001973582,13.845966090659449
5.62813230851319,-1.0747632708092203,13.041874711027047
6.40454575703522,0.5503240724537432,13.456248252096405
7.650523059121692,1.944463488382576,14.089174300259865
-4.257845514295759,-0.015019785454810195,6.351313092711012
-1.888962307634914,1.6521790958200715,8.44688202726923
3.385779893167789,0.6267000144831024,11.858618255207977
2.390493969328913,-0.7282710679579105,11.272228761659152
-4.41284583152099,1.6047811953924285,6.162823726709184
4.3623183105360255,-1.2943727824224478,12.401435036461875
-3.823006426021738,1.7027741115355175,6.827691535333326
-3.7870981880551895,0.8170407753637982,6.821820303796918
-0.119705782198492,-0.8545318807988643,9.77325368676739
0.7151049364657003,0.5657957744221828,10.300716210340804
0.4928071199418361,1.4554775631748267,10.179572687360777
-4.980781583196067,0.5198314551089461,5.574632109191541
5.4712201682487915,0.7291711276422564,12.982262779941186
-3.3714582883488973,-1.1574412060747565,7.215610408154135
-4.624787846701634,0.6685464885696244,5.933038356081643
5.656166405240359,-1.1765217482409085,13.088642296209931
6.919485153327425,-1.414690110368001,13.719192159076707
5.176035251315291,0.23287294819613774,12.837750346958728
4.2831249473040724,-1.3658006753338996,12.34189824034026
1.6528449347823764,0.3812846293951126,10.887899158482218
0.1211059041363681,-1.653485943530565,9.904097386429076
-4.954866287546125,1.5002444418323273,5.532219878076486
-1.7015091282853247,-0.6225186404609959,8.56196982093885
-2.2018204949695486,-0.09083903285619649,8.22489550175417
-3.4179171580988608,0.4308415091384439,7.160510716795467
2.797116363334115,-0.4235886850153509,11.530462924254143
-0.6251803406956976,-0.7084474221252951,9.385907679635404
-5.017788463699311,1.7674875753132004,5.476231569874846
-3.83397944962322,1.2085054649007256,6.787566769452905
2.170237743301203,-0.7403064572401925,11.151951117626183
-5.042666775796974,-0.6113764646688905,5.429905427043301
5.031184666839988,-1.4940434680817958,12.73482514396604
-0.6295288903209422,-0.9642148036471978,9.379035055537495
-0.8280116950931432,-1.6351588230170264,9.24181076261447
0.6906714753014539,-0.7445008778114895,10.295700813031923
4.504471313467507,0.6971682778813159,12.484823972702038
-2.50078415700467,1.4377778289571663,7.990413537573934
2.0610102803273374,-1.0026348249321024,11.102540672069
0.3079309747297832,-0.523300130548578,10.044287126354998
-3.3857483068705583,1.6406133414569837,7.229071135979823
5.483715692459276,0.43368955215073424,12.993281511455884
4.3196256357286895,-1.4176286393318174,12.22795217416967
1.6981632356112983,-0.0570683557534838,10.91815131990158
4.9748128611834375,0.20093727156403485,12.728932914585211
5.269682738563364,0.18040084158379777,12.886444251093724
2.538587276851236,0.957234875466295,11.388552751553542
4.763578495745734,0.4877386872044731,12.601053750416849
2.328733612403376,0.38205815728908704,11.28590264059096
2.0931888875275972,1.579995272557142,11.122564736291844
1.1185509431259877,-1.023728272643461,10.542663864068329
3.2270950985671956,0.27079126784035923,11.806576175591935
-4.3470925184291715,-1.1405372636498943,6.207206881216358
5.505845012292245,-1.2705728512966115,13.014400297968942
5.318219718479348,0.9598551875656561,12.92932064591738
-5.404957696672138,-0.5085610459125774,4.988038128941187
4.553754224183104,0.09776625417325209,12.495528490741648
-4.620443866202303,-1.2732555542255113,5.926958867155687
-2.625179168158389,0.9899311737876298,7.870809772244536
3.12362747629475,-0.5445651028512385,11.719789207931905
-4.347340775739254,-0.34801452820079276,6.227515305636361
4.387307231118128,0.685547970412727,12.421546561938142
4.627918060514545,1.2636737119943071,12.55506884120376
-0.47092011626766533,-0.5615255062329986,9.495159693335403
-5.573705672639613,-0.8438288454701446,4.772574403401803
-3.1190118770795197,0.6056364686178495,7.417659651831993
1.084121084845569,-0.42849228446862025,10.526788204097755
7.449131521478174,0.3587316448726743,13.959850846469092
1.2867027790860395,-0.7325192524539824,10.667091185127354
-3.448125005839653,1.1172536779837177,7.160980045327144
1.324181017679275,-1.4331152029278043,10.687751957960002
-0.11449313794474854,0.8424659119931933,9.801631286268368
3.8198402161103657,0.5448565859532798,12.062258673412677
-4.805281938300361,1.6290788363239548,5.720657747430036
3.4305974678821816,1.3686340968638437,11.884907983416353
-0.017954509184073864,-0.06668177346214,9.81370630199234
7.087324329212478,0.7866119497063128,13.788374794752084
-2.5661203418732343,-1.135514520971881,7.934458236266588
1.323442715132975,1.6508604290050217,10.674709856293724
6.5448079350142825,0.4619772885529354,13.49654692801314
-4.854892328610787,0.5496021925628581,5.678520405515708
6.493807952856968,1.7895823520143506,13.54555937109602
2.223271890794493,1.4068471147384496,11.195559175453322
-5.168530978599744,0.23243570859078297,5.351738199962524
-3.0479503088832085,-0.09357316252083855,7.548903773139583
2.541832350903111,0.30841216357704715,11.386753673880758
-5.135054499248003,-0.14598032165655409,5.347153444752131
0.583542504823975,-0.30846639040097085,10.199216302864997
-2.491979151643711,1.7941635980026787,7.972259992558456
1.1089255092723582,0.1396540841662576,10.564379867739316
-5.261500124639991,-1.7680398171012333,5.143497492541629
5.362901519762883,0.06550730718681108,12.92642986300894
7.328784382630649,-0.6582841745943128,13.887306362139922
7.242089884792073,0.7316681647721544,13.84384763755878
3.293390320841416,-0.7995407238305623,11.777691042445802
-4.610158605929755,-1.0025955977327394,5.938422909367223
3.3812938126871703,-0.016984159238939856,11.858851237839097
-5.430822262647759,-1.7946834347860448,4.94411520874888
-5.4648942676383285,1.3783290257302,4.920898541249128
-2.773706623653958,1.7477300867307084,7.762343441705035
-0.717418985430351,-0.993016286101459,9.31774255199062
3.5938854419039146,-1.0925776769505438,11.973307832552827
2.140872931053445,1.4054785269823102,11.152296186521294
-1.2671754122391405,0.8470850382280808,8.914922980091687
-3.3034405124359623,1.7404939430122868,7.291259554234932
7.804279724876683,0.8246272337388388,14.110065993614269
-1.521501367748996,-0.9869552368028267,8.729053124990282
-1.182557456968714,-0.12108939175545434,8.966611459064287
-4.420614754255758,0.5078236302643008,6.254507164208803
4.0891649289159915,0.499884073635329,12.203292498452079
2.32342916128512,1.7015336355078932,11.250189933707512
-3.804117195564639,0.6475722551031676,6.793093561403788
-4.991740605336848,-0.521300912025653,5.488812043490021
2.0807624641092564,-1.7401283126779035,11.125943804897389
1.70334269060605,-1.2804249901248186,10.88101184781794
-3.3129133854409547,1.719386553946609,7.287799348007678
6.824421499004566,-1.4188422686153839,13.67406692558102
-4.452092334830132,-1.0418017313353496,6.136076069641605
-1.4548956674218885,-1.0283011585210144,8.787048484924618
6.677193065388844,0.26966128798847927,13.605759508211394
-1.5777637304980388,0.25109291032799474,8.668225746482872
1.4131116038750118,0.6884009934399954,10.730354259308545
-1.8718782023112293,1.600713811998197,8.459627899629803
-3.3674035143711634,0.9488462108276003,7.296806375988351
7.504451479659667,0.9627539685830838,13.986159830766171
-1.704646798178269,-0.04388652914633013,8.570271101696141
5.799167393401793,-1.0607000208029425,13.139075449961249
-3.767564552726428,0.11669924826994592,6.879660081964407
-3.890598363335192,1.567636616930386,6.720853498216576
-5.3810862526168455,-1.7069002958950734,5.005820798583399
1.6094169096925786,-1.590117687802869,10.854204113951878
-2.2126640327393923,-1.0177276194155884,8.185667942675314
5.27455583957081,-1.5559315104632918,12.858773563682496
-0.8916785549336773,-0.17927432093526854,9.172287279789012
7.1799116935608405,-1.649125187459876,13.837397061557116
-4.139993209247298,1.5615603311939192,6.460925771943839
5.307370553776121,0.424132674067562,12.898969469946408
3.6951447435219813,0.8495073591286676,12.031641882979159
3.6298516178919273,1.1333415252721302,11.978156191261627
4.839395532178138,1.2811901035181679,12.674283330368343
3.4120543378005443,-0.40389158508662715,11.884871117841023
1.2511276915487175,-1.0438377919815969,10.614376466282364
-4.604136686598734,-0.24941039774814086,5.949342811029529
-5.397768482900669,1.26535134053184,5.0189410000018695
6.321494623454704,-1.1791148756965875,13.39117548169989
1.0663583947503599,-0.4173630294427638,10.524181274181247
4.103653724520734,0.4225187086513726,12.219576085307903
-0.8118803509453849,-0.6031900439458876,9.250630226538018
-4.690158466664645,0.7690782369113804,5.8179926143352345
-4.727660550482121,0.4668791444848193,5.8922372757367425
2.1673647027375282,-1.532607931573348,11.173689590128827
-1.4456716953620945,0.7387183439237035,8.76792649502229
-4.041278339085276,0.14039132410271132,6.602290005179326
-0.6663762566928952,-1.3869144441045862,9.345558430147797
-5.1566445111932016,-0.6970318764949308,5.317543955414841
0.5119030380710826,1.551316083546702,10.197340222945575
-3.3342917290245837,1.2168106958151175,7.247592090096923
4.043576871639388,1.7466199228267782,12.229206414481107
-2.89065977380033,-0.3887948115777078,7.637481530708799
-1.1517671672395158,0.14525257226041133,9.002737808749
-5.541882512376484,1.3344669093241304,4.821909988802798
-5.058660426903951,-1.7698806294778804,5.39518481179718
-1.9227389564138693,-0.14054976785522863,8.411553600550405
-0.8463399725044143,0.9570206174432293,9.235705932343974
0.8312318677240332,-0.007580743050210294,10.367449418308267
-3.1294884906577214,-0.5464145351567412,7.461244024185295
2.3152201283328924,1.5397558775588092,11.262438943884064
5.165395721793383,0.7888730284721212,12.818851592977632
3.7513589618421888,-1.0494062328289948,12.062311393190939
-5.390140389861887,0.15546468299829097,5.085787612359457
-0.8104367060327896,-0.18406666677127984,9.24106026689685
-4.880096264627344,0.18372939231074809,5.701332613359903
-3.606265492712095,1.6107898999974204,6.993609511399914
7.525157730502256,1.2415035432593893,14.011464844124454
-4.556503320665276,0.19025685927905245,6.0553778326307395
-0.5910359445984987,1.1020851289891826,9.414299053921962
1.1095352470646023,1.5628853668298928,10.53836952150931
2.4616034829081412,-1.2499280415768168,11.332965352981272
0.24241723703649606,-1.7500327636767363,9.986953558285755
-5.606735046175377,-0.9688729369971287,4.804477047799052
-2.728607923790805,-1.1673862030534279,7.789214323366603
-0.3474403231562461,0.9615513664756034,9.591706266990615
-4.943881566960001,-1.7541905281669075,5.5405112250148765
-2.4272359408264252,1.0307297544334464,8.016969954097178
-5.3574987188865055,-1.6877625341553182,5.025320908350589
-4.988646186586564,-1.8506429273522234,5.452973868561709
-1.8571818702364702,-0.6940636720962636,8.45330272604587
-4.552887645563994,-1.7831643415418685,5.963205494136615
0.34806203648389467,-0.2589323972887237,10.06133545891658
2.226155276164741,0.8069692301428736,11.210443226232131
4.147624661908877,0.13800989433745353,12.257740857833081
-3.9875604531749027,-0.31493093037125824,6.598760591185784
-4.295424018999817,1.576433923270246,6.290875130472715
-4.8622904263637965,-0.48142521353878936,5.697917657373597
1.3871551247263654,-1.7307002126915736,10.710602769850514
2.504179554061654,1.0578627282417385,11.37076583719697
-5.4496408928400735,-0.9641107645764052,5.0100813820030705
6.525934914393342,-1.4198498587189377,13.535981525384612
-5.214794282017218,-1.6496951816319496,5.202206789135981
-0.0017316228339932843,-1.6463825550242732,9.81398675157545
2.5603586396576814,-0.011348635962289202,11.395126936957375
5.394385795853628,-1.5407494006724203,12.921079582377414
2.6629051003616655,-0.8822717125097868,11.442499760419814
4.105016132002811,1.142946265120256,12.268498148230744
-2.584841221664631,-0.03692514232976314,7.91163167384105
4.304643314698034,-0.7974416750547282,12.39193475430422
-5.001000221071952,0.7992212357261362,5.4674536189214
5.866654636270449,-0.2790177039302727,13.145837279353305
0.05759964020461208,-0.5876726473434875,9.873325538643758
4.33830952974641,1.1803960422819835,12.415238990113162
-1.1644211604350359,-0.2217055086101168,8.975388379565779
1.4954743600990328,-0.9745957726887601,10.77796585811565
-0.2020562941343457,0.0029952091984650035,9.673617177665726
2.926850175289838,1.7730449700375541,11.607457781354151
-5.005259796525723,1.76289746083587,5.481733435964591
-5.202261162990809,0.5343706951383503,5.281193971465457
-3.6047322709938734,-1.5052525840888167,7.0412820943183565
-4.3784548290752765,0.8934048686047664,6.216062165273468
5.496415774591342,-0.11325648786091108,12.928755525363798
-3.8460635079928984,0.9250010702314849,6.778432137129163
7.370960732603369,0.6494314881933791,13.909702336109412
-2.6206905245527268,-1.1564141914839952,7.887557013744967
-4.161268080614288,-0.8165903812487099,6.428809898428798
3.9248297043154734,1.4607044294009437,12.155122066153607
1.6913773125314477,0.2434949960166767,10.92056350551277
-0.5920299751583368,1.7497216110886897,9.407772988961945
0.181907162083451,0.01983949944243426,9.9465671354763
2.7363989766104773,-0.4981920367608724,11.49070604959127
-3.731618852147544,1.3052277328244157,6.865524191517183
7.765098057695669,0.8271595536230637,14.10261491400332
7.297097240417488,0.3488880873532878,13.899598091294383
1.5834961056924486,-1.5101356660996863,10.84156417638952
-4.0110406633667415,-1.8481484901981902,6.593032274139602
2.0950276700569876,1.593893922476888,11.123389127944014
-5.1272998916411305,-0.8587104982579634,5.39284295413424
-5.445861236660836,0.4698772461163554,5.001282007616405
-3.4362824510460928,0.4079298920053284,7.140992988892569
-1.059216920892781,-0.9436465016658891,9.072507627207363
5.274044586310626,-1.4270750150314293,12.895664553299607
2.8640676570019137,-1.7167521567486554,11.56579600287136
3.1534176435251116,-0.20517741936194833,11.712233032709968
-1.5347348702178636,0.37941881437822905,8.722569181345184
-2.48721373690178,-1.043698477725304,7.972749474000225
-2.2147611121237754,0.8514862045530823,8.209346936353107
7.583990096598604,-0.0028789281163745287,14.02076682164778
-5.366200674017335,0.4975017807382493,5.090409203633335
5.441975509013701,-0.15847815683615,12.883968316332444
0.5192932258619563,0.9999312205382829,10.166276217536998
-1.3466377199980408,1.0603872946744197,8.846241916416364
2.8283466780753197,-1.542472909769994,11.54778139414443
-0.6833928380429583,1.5647013101602216,9.299135693715193
5.385618248813192,0.0791051125229985,12.94420906508055
5.871314378502403,0.9426413275640351,13.201304057541897
-1.5737137817987898,1.6959255608535213,8.687015077576868
-3.2741264252623985,1.6968755936670739,7.321429502693938
0.6853711130510068,1.2188059126053001,10.29515930236591
6.090750493765214,-1.321354186007944,13.311210932366693
-3.888892169738908,0.6962878538331454,6.69783333649273
1.167604320232116,-1.618012406175416,10.583710707449598
1.2777550017106645,-0.28947682160749016,10.664703823611337
2.9636902816990602,0.19717118710352313,11.621816436797259
-4.592975117863395,-0.25077824761774553,5.952385199521533
2.6950118612898266,-0.010760167843495809,11.458880331288956
6.049628556233054,-1.1092455272016457,13.27981864677686
-4.16416061512562,0.705480764120284,6.405862384787471
-3.647236381880224,0.4907153620127404,6.951182073855131
7.223730830287233,-1.4544048059253158,13.867572053907834
-4.171198597352927,-1.6182520985178521,6.418056575688291
5.028948458724654,-1.3759445585653283,12.764778778384187
-0.652557845090778,0.23625109646079265,9.351998472410921
-3.549838780369106,-0.9965015521783257,7.0424869616370875
5.3426728544870565,0.14729509007515607,12.919013459239967
-1.2788776596301483,-0.043790463422926244,8.9092921335486
-0.37973934130674336,1.1063395530958622,9.564428231522845
-2.313405621592224,-0.26832548155754965,8.098083723076526
0.6885482572714625,1.1432855321646798,10.300819096808032
-4.376666827905184,0.5653903243607339,6.253565170783673
-1.9600482233388363,-1.2359360275993514,8.398245627884027
7.182154660558325,1.1755982865489074,13.848884870828568
-3.46549405925709,1.4635016043387647,7.145239267844023
1.714200211733954,1.5085689973888305,10.901986222382654
-2.7375346119364616,-1.6930974203435143,7.777233130750773
3.6468896563873217,-0.0011749691460959527,12.002201448603168
-4.668351992715741,0.27092671883904196,5.945844173568203
7.321395621975774,-1.1659671007184746,13.852736991931284
-1.1724921558121246,-1.1517003785258628,8.989254648844858
-3.697753460203042,0.5385053090663359,6.937112184961843
-5.062528981423486,-0.6759858817818645,5.405079504808828
-4.300215757263921,-1.0263637202366818,6.3123195429201235
-0.29885893278554565,-0.5595106981899945,9.611143035317522
-2.5966595762087956,1.1676112536376049,7.888569090323552
4.578756656532142,-1.3495475107009047,12.524430659203448
-1.4235257772340806,-0.1552310119870355,8.773408216962972
-3.539576281511754,0.6924698184809176,7.056465775197371
1.0737251632514373,0.22161860897415678,10.528843448729667
2.522018261969986,1.639278366601721,11.373607317260559
-4.310035160438001,1.3354962410781956,6.2867218724944305
-4.320324617125197,-0.9692221595000194,6.292162875860262
-5.33913522900835,1.811495346246849,5.05800903673791
2.9898833662578452,0.27193251408709457,11.6528144622415
1.7959873823261172,-0.0682559281247766,10.968599262573608
-0.8802274892372763,1.622189185253628,9.185679597652205
4.911836009487706,-1.494061319286713,12.668508022962369
4.170177215709813,0.8822544412474361,12.305651281558045
0.6184525652523152,0.6207133141916762,10.229223893191367
5.35936096712705,0.5907793905406804,12.895653008935057
-3.9440956279649946,0.8678014596312474,6.652396680157324
-4.791251733271946,1.7625152960087709,5.767206542662093
-3.357743751284248,-0.7662520532174026,7.254719173936115
-5.172499985634684,-1.7939690216585207,5.250419923504878
-0.15083252450121176,1.0149464156008827,9.71854384132109
6.608919276395521,-0.6050608938798321,13.53968966705739
-5.348530744746299,-0.8460941967408033,5.083193115375893
-4.691026653403999,-1.1975901345067563,5.863247806737834
-1.183635406844863,0.23139945858209165,8.97426441603174
6.521414726611104,0.6523455021105001,13.513953663694807
-2.824668321476688,0.5714943434343581,7.692090070732258
-0.5095296331524577,-0.771099467497626,9.492964426246123
-5.417790668542869,-0.9890206325865805,5.1042039461289965
-4.492449601504792,1.1393571370794748,6.110490711442168
7.565486505882645,0.45327590529403106,14.011158818678414
7.099637994188096,-1.452594898325913,13.808418400081605
-5.658936484479072,-0.9874875581702472,4.7589472038219345
6.860976465024688,-1.6644547401048477,13.683003718442187
1.4126272672356799,-0.892594556244711,10.735952484596513
5.288794524336604,0.38800499353972023,12.892326194325541
-1.1621181513258918,-0.27260854056017186,8.998211149646135
-0.3667477459560988,-0.5739263707147785,9.571767067198627
-0.6934306189099543,1.5860192234450894,9.31965945618759
1.876450209101337,-0.12132239752749806,10.99743653773005
-4.5641157130853856,-0.7871999139131984,6.0285710484057775
-5.464853562524973,1.1201953920590182,4.9948834096218455
-2.908915566400477,-0.9786446179599866,7.614560307354348
2.4738520415666545,-0.35145685034741253,11.353848702403194
-3.9903239245611113,-1.62804415786052,6.614812947258271
1.9932438611227077,1.577750035254863,11.059340136052665
7.228502466986621,0.8114384397411379,13.853594656421226
-4.918783772300808,-0.3033216764412123,5.5973823770572695
1.9429880952380414,0.7026421945556823,11.05151460059966
-1.3012499531420851,-0.7651401938386008,8.89463626737299
5.351786208159496,-1.12044187143521,12.894436966254448
-4.230817783721055,1.4178120204653601,6.381986411723348
2.300891697007057,-0.05358142871627635,11.24023478998275
4.790601583587463,0.07790633993944569,12.611439490844042
6.778137321631681,0.49302809269732706,13.615168257512833
2.1114352269446504,-1.5849017120193933,11.151849939148077
-0.6038662054428175,-1.1895575551917432,9.398150738862032
1.0922744728652287,-0.753347595782013,10.535462032955275
5.511164604451082,-0.8496422545950185,12.901625528102374
0.3850120033362804,0.09515645422189947,10.09025914470653
-5.405216679397841,-1.5669506605260644,4.998780270908021
6.501000355710759,-0.8257212625448518,13.486373728405857
2.279420869213071,-0.7595067791473936,11.211025506867863
2.036640603444934,-1.2986707393413592,11.088377428823556
-3.8632284794921494,0.7131825551374237,6.745079403388272
1.7556871779480918,-1.0526731511961187,10.922238238904606
-1.9093675772912664,1.0192182257838909,8.424473550325533
1.6182501518036787,0.4684863962782233,10.850115189731575
-4.8309653130716015,0.5601761671979574,5.717004623203063
1.7212389518868045,-1.7350209147761924,10.912434908803004
7.8476392640227335,-1.358122226994568,14.13164143671848
-5.281147436054536,-0.7073360189251334,5.166776741681415
7.402471127617982,-0.9990764445739624,13.922038695666558
-1.7394088660005353,-0.2178295988576386,8.547406160667213
5.34667342667819,-1.4635486414324048,12.919046908387184
3.7879657271463247,0.008091218376459167,12.086198447362989
0.30421219618458845,0.4073845280772823,10.056391340329695
3.067079964596491,1.2745672807649535,11.672108812884169
5.466515037126722,-1.1720220670169492,12.992203080730572
-1.7940632768474936,-0.8013756321659044,8.521321776939594
-2.6773447646066266,0.43871831393286476,7.794603913926633
1.9149545908078391,1.6029009720740046,11.004308407399778
4.208025357735656,-1.2892852487081263,12.326157609689645
3.453922699533248,1.794639466542122,11.896757118449454
4.042425898400939,-0.6727381752284404,12.231605474948548
-1.3816040939500376,-1.6958387435626945,8.817665005912492
4.423662298708166,0.144057608816018,12.420294876554134
-4.688293232576451,0.8574046283945304,5.845332636126506
0.021279904257363973,-0.7394144763937273,9.844077830725306
-5.658494582994014,-1.0103528838538012,4.766663076930939
-2.7408436232785367,-0.15564080816565437,7.771538356406796
-2.2285035417074983,-1.7346974665605197,8.16620757771036
-1.9004269820920874,1.6398021567258152,8.446228632922283
2.3356147775417684,0.01844090364905811,11.267012982433146
-1.9589198290705694,-0.7124754602268561,8.37446280971584
-1.2561255234874247,-1.243561108790525,8.941226746015289
-3.670394552409839,1.1638596674043706,6.951189669759168
-2.1673715267886524,-1.0306131798472231,8.230204239950579
-3.7636779435556766,-0.1927761829732932,6.854354754566711
-5.153483739878308,0.2951809408666025,5.402244309535673
0.8507285642136817,1.377364905498998,10.399757983742784
1.9264454312672488,-1.3196179332804328,11.010146237310037
1.118986129826578,1.3196426584996965,10.550947940365502
-1.044640012991502,0.6935890443719797,9.080717429344201
-2.077307222750497,0.7586193711378912,8.291785631231498
5.1939461122221475,-1.385555198739996,12.849116933659822
