year,therapy_area,trial_count,phase3_trial_count,success_rate,failure_rate,avg_enrollment_n,avg_duration_months,avg_stock_impact_pct,approval_count,blockbuster_count,mega_blockbuster_count,avg_peak_sales_usd_bn_est,total_peak_sales_usd_bn_est,biologic_approval_count,small_molecule_approval_count,disease_burden_global_millions,disease_burden_regional_sum_millions,mapped_disease_count,funding_deal_count,funding_megadeal_count,funding_total_usd_bn,funding_avg_value_usd_bn,pharma_company_count,pharma_revenue_total_usd_bn,pharma_operating_margin_avg_pct,pharma_rd_spend_total_usd_bn,pharma_pipeline_total_est,PC1,PC2,PC3,PC4,PC5,cluster,embedding_1,embedding_2,embedding_method
2010,cardiovascular,5,2,0.8,0.2,1207.8,25.6,2.7,2,1,0,2.405,4.81,1,1,480,474.45,2,35,0,16.166,0.461885714285714,26,640.24,25.5807692307692,102.78,1497,0.134006068580983,-3.57947203040016,-1.92112584800626,1.7509193199817,1.67084650846493,1,0.134006068580983,-3.57947203040016,PCA fallback; install run_umap or umap-learn for true UMAP
2010,dermatology,0,0,0.571428571428571,0.25,668.75,27,2.0125,0,0,0,0.584,0,0,0,0,0,0,35,0,16.166,0.461885714285714,26,640.24,25.5807692307692,102.78,1497,-2.88691213022673,-3.07473367098602,-0.530042199442299,-0.71306312447772,-1.0124886323159,1,-2.88691213022673,-3.07473367098602,PCA fallback; install run_umap or umap-learn for true UMAP
2010,gastrointestinal,1,1,1,0,830,42,8,1,0,0,0.42,0.42,0,1,45,44.63,1,35,0,16.166,0.461885714285714,26,640.24,25.5807692307692,102.78,1497,-2.41792251929663,-3.22554764600164,-0.950750942435139,0.670779724977807,-0.455532874434974,1,-2.41792251929663,-3.22554764600164,PCA fallback; install run_umap or umap-learn for true UMAP
2010,immunology,1,1,1,0,493,36,6.1,1,1,0,1.89,1.89,0,1,0,0,0,35,0,16.166,0.461885714285714,26,640.24,25.5807692307692,102.78,1497,-2.25506450402365,-3.19845869810634,-0.720506439053862,0.713724343621837,-1.70348342683983,1,-2.25506450402365,-3.19845869810634,PCA fallback; install run_umap or umap-learn for true UMAP
2010,infectious,5,4,0.4,0.2,1076.4,34,2.18,0,0,0,0.584,0,0,0,395,434.8,5,35,0,16.166,0.461885714285714,26,640.24,25.5807692307692,102.78,1497,-0.367774514042687,-3.58312455900288,-2.06155879228222,1.00654907343394,3.09552751737063,1,-0.367774514042687,-3.58312455900288,PCA fallback; install run_umap or umap-learn for true UMAP
2010,metabolic,3,2,0.666666666666667,0,1416,34.6666666666667,1.76666666666667,0,0,0,0.584,0,0,0,88,88.9,2,35,0,16.166,0.461885714285714,26,640.24,25.5807692307692,102.78,1497,-1.77038543613515,-3.40545962127833,-1.22088728487472,0.102978796790193,0.508450711342495,1,-1.77038543613515,-3.40545962127833,PCA fallback; install run_umap or umap-learn for true UMAP
2010,neurology,3,1,0.333333333333333,0.666666666666667,532.666666666667,14.6666666666667,-5.9,5,2,0,1.268,6.34,1,2,238,242.07,2,35,0,16.166,0.461885714285714,26,640.24,25.5807692307692,102.78,1497,0.0128518936510488,-3.39927628687568,-1.15659262478202,-0.758783732265271,0.126204661924062,1,0.0128518936510488,-3.39927628687568,PCA fallback; install run_umap or umap-learn for true UMAP
2010,oncology,12,7,0.166666666666667,0.75,1407.25,27.9166666666667,-9.80833333333333,10,1,0,0.548,5.48,6,4,220,217.68,1,35,0,16.166,0.461885714285714,26,640.24,25.5807692307692,102.78,1497,3.47102275725302,-4.33481850214134,-1.74830708085436,-2.80438598822868,1.06792331426524,3,3.47102275725302,-4.33481850214134,PCA fallback; install run_umap or umap-learn for true UMAP
2010,ophthalmology,0,0,0.571428571428571,0.25,668.75,27,2.0125,0,0,0,0.584,0,0,0,0,0,0,35,0,16.166,0.461885714285714,26,640.24,25.5807692307692,102.78,1497,-2.88691213022673,-3.07473367098602,-0.530042199442299,-0.713063124477721,-1.01248863231591,1,-2.88691213022673,-3.07473367098602,PCA fallback; install run_umap or umap-learn for true UMAP
2010,psychiatry,1,1,0,1,1035,37,-5,1,0,0,0.11,0.11,0,1,183,184.3,2,35,0,16.166,0.461885714285714,26,640.24,25.5807692307692,102.78,1497,-1.1863785163812,-3.42909613532656,-1.16347249382914,-2.60606827951575,1.52412774543181,1,-1.1863785163812,-3.42909613532656,PCA fallback; install run_umap or umap-learn for true UMAP
2010,rare_disease,1,1,0,1,1219,36,9.5,3,0,0,0.14,0.42,0,2,0,0,0,35,0,16.166,0.461885714285714,26,640.24,25.5807692307692,102.78,1497,-1.60466912676634,-3.47896770529894,-0.692768417049543,-2.77836642141003,-0.249897640395616,1,-1.60466912676634,-3.47896770529894,PCA fallback; install run_umap or umap-learn for true UMAP
2010,respiratory,2,1,1,0,1340,34,11.15,1,0,0,0.15,0.15,1,0,110,110.81,1,35,0,16.166,0.461885714285714,26,640.24,25.5807692307692,102.78,1497,-2.11509111424572,-3.33200547567757,-1.13722012345096,0.971711200373638,0.0493088384366846,1,-2.11509111424572,-3.33200547567757,PCA fallback; install run_umap or umap-learn for true UMAP
2011,cardiovascular,5,1,0.8,0,457.4,22.2,4.04,4,1,1,2.065,8.26,0,4,484,472.88,2,45,2,51.771,1.15046666666667,26,643.01,25.8346153846154,103.49,1502,0.765497206366038,-2.89803949303991,-0.601022322713913,2.83798742518415,0.56637644578719,1,0.765497206366038,-2.89803949303991,PCA fallback; install run_umap or umap-learn for true UMAP
2011,dermatology,0,0,0.571428571428571,0.25,668.75,27,2.0125,1,0,0,0.25,0.25,0,0,0,0,0,45,2,51.771,1.15046666666667,26,643.01,25.8346153846154,103.49,1502,-2.59016646158578,-2.5909760702839,0.543046580648288,-0.670992995764344,-0.728400368850867,1,-2.59016646158578,-2.5909760702839,PCA fallback; install run_umap or umap-learn for true UMAP
2011,gastrointestinal,1,0,1,0,375,6,4.8,0,0,0,0.584,0,0,0,45,45.66,1,45,2,51.771,1.15046666666667,26,643.01,25.8346153846154,103.49,1502,-2.97974688476306,-2.39948529437697,0.574938053612331,1.32324158427355,-1.04376460172746,1,-2.97974688476306,-2.39948529437697,PCA fallback; install run_umap or umap-learn for true UMAP
2011,immunology,7,5,0.428571428571429,0.428571428571429,956.142857142857,33.7142857142857,-6.41428571428571,6,1,1,0.898333333333333,5.39,3,3,0,0,0,45,2,51.771,1.15046666666667,26,643.01,25.8346153846154,103.49,1502,1.60039994244412,-3.38560640601757,0.0529733781327889,-1.67217112947651,-1.22010576740676,1,1.60039994244412,-3.38560640601757,PCA fallback; install run_umap or umap-learn for true UMAP
2011,infectious,3,2,0.666666666666667,0,751,27,1.03333333333333,0,0,0,0.584,0,0,0,381.2,413.77,5,45,2,51.771,1.15046666666667,26,643.01,25.8346153846154,103.49,1502,-0.99698739511912,-2.79307660464229,-0.747701741955441,1.98044644484621,2.71237785935172,1,-0.99698739511912,-2.79307660464229,PCA fallback; install run_umap or umap-learn for true UMAP
2011,metabolic,3,0,0.666666666666667,0,236,15,2.93333333333333,2,1,0,0.705,1.41,0,2,92,90.86,2,45,2,51.771,1.15046666666667,26,643.01,25.8346153846154,103.49,1502,-1.71064332667259,-2.58088758960808,0.295931082685535,0.912292810094625,-0.62965386881787,1,-1.71064332667259,-2.58088758960808,PCA fallback; install run_umap or umap-learn for true UMAP
2011,neurology,4,1,0.5,0.25,358,15.75,6.475,2,0,0,0.36,0.72,0,2,243.2,238.43,2,45,2,51.771,1.15046666666667,26,643.01,25.8346153846154,103.49,1502,-1.34715577486681,-2.70385679624097,0.00595992795504859,0.741815185178968,0.660327261449754,1,-1.34715577486681,-2.70385679624097,PCA fallback; install run_umap or umap-learn for true UMAP
2011,oncology,12,7,0.333333333333333,0.25,690,26.5833333333333,-2.26666666666667,8,1,0,0.25,2,1,7,224,225.41,1,45,2,51.771,1.15046666666667,26,643.01,25.8346153846154,103.49,1502,2.25821133799757,-3.49488681690847,-0.47967735900469,-1.0147562345005,0.854962888970051,1,2.25821133799757,-3.49488681690847,PCA fallback; install run_umap or umap-learn for true UMAP
2011,ophthalmology,0,0,0.571428571428571,0.25,668.75,27,2.0125,1,0,0,0.27,0.27,0,1,0,0,0,45,2,51.771,1.15046666666667,26,643.01,25.8346153846154,103.49,1502,-2.47465049829032,-2.59710701451058,0.543241228394836,-0.691943371619563,-0.757224134744799,1,-2.47465049829032,-2.59710701451058,PCA fallback; install run_umap or umap-learn for true UMAP
2011,psychiatry,2,2,1,0,773.5,33,13.65,2,1,0,1.83,3.66,1,1,185.2,187.37,2,45,2,51.771,1.15046666666667,26,643.01,25.8346153846154,103.49,1502,-1.01327902456959,-2.89781497250836,-0.245383321303623,2.16021094972138,-0.0382236608540578,1,-1.01327902456959,-2.89781497250836,PCA fallback; install run_umap or umap-learn for true UMAP
2011,rare_disease,3,1,0.333333333333333,0.333333333333333,429.666666666667,31.6666666666667,-11.2666666666667,5,1,0,0.486,2.43,1,4,0,0,0,45,2,51.771,1.15046666666667,26,643.01,25.8346153846154,103.49,1502,-0.504538806422143,-2.84934750977825,0.404760408742583,-2.11345443574999,-0.809177917605617,1,-0.504538806422143,-2.84934750977825,PCA fallback; install run_umap or umap-learn for true UMAP
2011,respiratory,2,1,1,0,439.5,21,5.6,1,1,0,3.42,3.42,0,1,109,108.93,1,45,2,51.771,1.15046666666667,26,643.01,25.8346153846154,103.49,1502,-1.62053724487406,-2.69398452080645,0.191196029423457,1.8719236706223,-1.24126132204726,1,-1.62053724487406,-2.69398452080645,PCA fallback; install run_umap or umap-learn for true UMAP
2012,cardiovascular,3,1,0.666666666666667,0.333333333333333,435.666666666667,21,3.83333333333333,5,1,1,3.796,18.98,1,4,488,492.24,2,50,1,64.842,1.29684,27,643.09,26.0666666666667,103.76,1510,1.56456652089446,-2.67975827485137,-0.545675519443496,2.70840428464952,-0.0352654491305211,1,1.56456652089446,-2.67975827485137,PCA fallback; install run_umap or umap-learn for true UMAP
2012,dermatology,0,0,0.571428571428571,0.25,668.75,27,2.0125,2,0,0,0.26,0.52,1,1,0,0,0,50,1,64.842,1.29684,27,643.09,26.0666666666667,103.76,1510,-2.1545480478454,-2.32805669542722,0.540867625237816,-0.745205364042062,-0.80803791938471,1,-2.1545480478454,-2.32805669542722,PCA fallback; install run_umap or umap-learn for true UMAP
2012,gastrointestinal,1,0,1,0,275,26,13.1,1,1,0,1.34,1.34,0,1,45,46.43,1,50,1,64.842,1.29684,27,643.09,26.0666666666667,103.76,1510,-2.31644666032197,-2.27206525146785,0.387444453684134,1.69161063355614,-1.30973189071861,1,-2.31644666032197,-2.27206525146785,PCA fallback; install run_umap or umap-learn for true UMAP
2012,immunology,1,0,1,0,217,16,7.2,1,0,0,0.86,0.86,1,0,0,0,0,50,1,64.842,1.29684,27,643.09,26.0666666666667,103.76,1510,-2.75618574695834,-2.16318450981809,0.677371578511678,1.02767242960657,-1.62065797583727,1,-2.75618574695834,-2.16318450981809,PCA fallback; install run_umap or umap-learn for true UMAP
2012,infectious,3,1,1,0,919,21.6666666666667,11.7,3,0,0,0.35,1.05,0,0,367.4,397.03,5,50,1,64.842,1.29684,27,643.09,26.0666666666667,103.76,1510,-1.17833703000378,-2.45050323626571,-0.67023686861852,3.08110375287809,2.25816161792483,1,-1.17833703000378,-2.45050323626571,PCA fallback; install run_umap or umap-learn for true UMAP
2012,metabolic,2,0,0.5,0,170.5,25,0.8,3,0,0,0.0333333333333333,0.1,2,1,96,95.51,2,50,1,64.842,1.29684,27,643.09,26.0666666666667,103.76,1510,-1.63430838299226,-2.29550224217,0.264004480622544,0.174275335222997,-0.100199238429351,1,-1.63430838299226,-2.29550224217,PCA fallback; install run_umap or umap-learn for true UMAP
2012,neurology,8,5,0.25,0.625,581.75,29.25,-8.8875,5,1,1,1.834,9.17,1,4,248.4,250.41,2,50,1,64.842,1.29684,27,643.09,26.0666666666667,103.76,1510,2.28436383736657,-3.05568458105976,-0.39290122000282,-0.778822829584485,0.285045047865795,1,2.28436383736657,-3.05568458105976,PCA fallback; install run_umap or umap-learn for true UMAP
2012,oncology,16,10,0.5,0.4375,1189.875,29.25,-2.99375,10,1,0,0.459,4.59,3,6,228,228.14,1,50,1,64.842,1.29684,27,643.09,26.0666666666667,103.76,1510,3.9163007761237,-3.65352383194705,-0.808236832555787,-1.34729709573599,1.21491306450424,3,3.9163007761237,-3.65352383194705,PCA fallback; install run_umap or umap-learn for true UMAP
2012,ophthalmology,0,0,0.571428571428571,0.25,668.75,27,2.0125,1,1,0,1.16,1.16,0,0,0,0,0,50,1,64.842,1.29684,27,643.09,26.0666666666667,103.76,1510,-2.14886375412997,-2.34859936933325,0.510173155007671,-0.465050614587777,-1.10836395740846,1,-2.14886375412997,-2.34859936933325,PCA fallback; install run_umap or umap-learn for true UMAP
2012,psychiatry,1,1,0,1,1962,34,-2.1,3,0,0,0.163333333333333,0.49,0,1,187.4,186.39,2,50,1,64.842,1.29684,27,643.09,26.0666666666667,103.76,1510,-0.50460640085383,-2.80649531025716,-0.250608887053672,-2.50089159541556,2.11548181343052,1,-0.50460640085383,-2.80649531025716,PCA fallback; install run_umap or umap-learn for true UMAP
2012,rare_disease,4,2,0.5,0.5,1679.5,24.75,-0.0999999999999996,3,1,0,0.606666666666667,1.82,0,3,0,0,0,50,1,64.842,1.29684,27,643.09,26.0666666666667,103.76,1510,-0.509019942916366,-2.79368352234393,0.199537674956078,-1.58370401053009,-0.328556279960936,1,-0.509019942916366,-2.79368352234393,PCA fallback; install run_umap or umap-learn for true UMAP
2012,respiratory,2,1,1,0,1085,25.5,12.3,4,2,1,2.07,8.28,2,2,108,108.35,1,50,1,64.842,1.29684,27,643.09,26.0666666666667,103.76,1510,0.130088983203436,-2.68028093136465,-0.00839283398847811,2.16559853752297,-1.78278360570981,1,0.130088983203436,-2.68028093136465,PCA fallback; install run_umap or umap-learn for true UMAP
2013,cardiovascular,7,2,0.857142857142857,0.142857142857143,648.571428571429,22.4285714285714,3.78571428571429,0,0,0,0.584,0,0,0,492,490.35,2,55,2,58.597,1.0654,28,662.43,26.5964285714286,107.49,1582,-0.525310773017792,-1.92930730157018,-0.635377605707687,1.90150417637046,2.40080125693919,1,-0.525310773017792,-1.92930730157018,PCA fallback; install run_umap or umap-learn for true UMAP
2013,dermatology,0,0,0.571428571428571,0.25,668.75,27,2.0125,2,0,0,0.02,0.04,1,0,0,0,0,55,2,58.597,1.0654,28,662.43,26.5964285714286,107.49,1582,-2.18565055735501,-1.65435666649693,0.585180856154484,-0.790045761692047,-0.710275378167658,1,-2.18565055735501,-1.65435666649693,PCA fallback; install run_umap or umap-learn for true UMAP
2013,gastrointestinal,1,0,0,0,213,7,-4.6,0,0,0,0.584,0,0,0,45,46.15,1,55,2,58.597,1.0654,28,662.43,26.5964285714286,107.49,1582,-2.34995442980842,-1.46115944288342,0.706982831017549,-0.780132484377337,-0.663972919841218,1,-2.34995442980842,-1.46115944288342,PCA fallback; install run_umap or umap-learn for true UMAP
2013,immunology,7,5,0.571428571428571,0.142857142857143,854.714285714286,33.4285714285714,0.714285714285714,2,2,1,7.315,14.63,0,2,0,0,0,55,2,58.597,1.0654,28,662.43,26.5964285714286,107.49,1582,1.62053997549696,-2.42909318480588,0.0908991740269123,1.05080264466656,-3.14307867972699,1,1.62053997549696,-2.42909318480588,PCA fallback; install run_umap or umap-learn for true UMAP
2013,infectious,3,1,1,0,478.666666666667,23.6666666666667,15.6,2,1,1,6.215,12.43,1,1,353.6,391.16,5,55,2,58.597,1.0654,28,662.43,26.5964285714286,107.49,1582,0.595710885628411,-1.95721852838946,-0.598234418122045,5.06110747501666,-0.467130442176681,1,0.595710885628411,-1.95721852838946,PCA fallback; install run_umap or umap-learn for true UMAP
2013,metabolic,4,4,0.25,0.5,1590.5,34.5,-2.35,1,0,0,0.04,0.04,0,1,100,101.66,2,55,2,58.597,1.0654,28,662.43,26.5964285714286,107.49,1582,-0.330965324583978,-2.20953971066315,-0.178421388136939,-1.67159492110934,1.45308121077999,1,-0.330965324583978,-2.20953971066315,PCA fallback; install run_umap or umap-learn for true UMAP
2013,neurology,3,2,0.333333333333333,0.333333333333333,913.333333333333,28,-1.5,4,0,0,0.2875,1.15,1,2,253.6,251.68,2,55,2,58.597,1.0654,28,662.43,26.5964285714286,107.49,1582,-0.234094566135463,-1.97314931365692,-0.213589046827528,-0.500023710075978,1.44202875118243,1,-0.234094566135463,-1.97314931365692,PCA fallback; install run_umap or umap-learn for true UMAP
2013,oncology,11,9,0.272727272727273,0.454545454545455,685.818181818182,31.4545454545455,-4.6,14,4,1,1.32285714285714,18.52,5,6,232,235.17,1,55,2,58.597,1.0654,28,662.43,26.5964285714286,107.49,1582,5.93471166550327,-3.0236915031758,-0.700076075684117,-0.848674727324761,-0.909138862240045,3,5.93471166550327,-3.0236915031758,PCA fallback; install run_umap or umap-learn for true UMAP
2013,ophthalmology,0,0,0.571428571428571,0.25,668.75,27,2.0125,1,0,0,0.37,0.37,0,1,0,0,0,55,2,58.597,1.0654,28,662.43,26.5964285714286,107.49,1582,-2.28923467581331,-1.63298484393355,0.602362793623283,-0.690213135634115,-0.77045222848427,1,-2.28923467581331,-1.63298484393355,PCA fallback; install run_umap or umap-learn for true UMAP
2013,psychiatry,1,0,0,1,530,23,2.4,0,0,0,0.584,0,0,0,189.6,193.52,2,55,2,58.597,1.0654,28,662.43,26.5964285714286,107.49,1582,-1.49812372850039,-1.77187807732581,0.226477702659951,-1.5701748726234,1.06525571881944,1,-1.49812372850039,-1.77187807732581,PCA fallback; install run_umap or umap-learn for true UMAP
2013,rare_disease,5,4,0.4,0.2,502.8,30.6,-2.02,2,0,0,0.17,0.34,0,2,0,0,0,55,2,58.597,1.0654,28,662.43,26.5964285714286,107.49,1582,-0.886408124616324,-1.97949408945346,0.375026377176703,-1.38215129334493,-0.44727054081695,1,-0.886408124616324,-1.97949408945346,PCA fallback; install run_umap or umap-learn for true UMAP
2013,respiratory,0,0,0.571428571428571,0.25,668.75,27,2.0125,1,0,0,0.15,0.15,0,1,107,110.64,1,55,2,58.597,1.0654,28,662.43,26.5964285714286,107.49,1582,-2.03133459604665,-1.64016157874889,0.323898101620514,-0.206335625967471,0.125818122823993,1,-2.03133459604665,-1.64016157874889,PCA fallback; install run_umap or umap-learn for true UMAP
2014,cardiovascular,3,2,0.666666666666667,0.333333333333333,1016,26.3333333333333,-1.86666666666667,2,0,0,0.3,0.6,0,1,496,501.15,2,62,4,174.812,2.81954838709677,28,674.78,25.3857142857143,109.63,1587,0.116627806089236,-0.896988894950832,1.02920884692952,0.996556073512837,3.25039431911378,1,0.116627806089236,-0.896988894950832,PCA fallback; install run_umap or umap-learn for true UMAP
2014,dermatology,0,0,0.571428571428571,0.25,668.75,27,2.0125,2,0,0,0.01,0.02,1,1,0,0,0,62,4,174.812,2.81954838709677,28,674.78,25.3857142857143,109.63,1587,-1.68133767610836,-0.616786635596731,2.2912964232721,-0.627626312996214,-0.338616593769816,1,-1.68133767610836,-0.616786635596731,PCA fallback; install run_umap or umap-learn for true UMAP
2014,gastrointestinal,2,1,0,1,292.5,33.5,-2.8,1,0,0,0.49,0.49,0,1,45,44.56,1,62,4,174.812,2.81954838709677,28,674.78,25.3857142857143,109.63,1587,-0.889124603192057,-0.81138230192473,2.17996178789128,-2.51664100024133,0.582656272856592,1,-0.889124603192057,-0.81138230192473,PCA fallback; install run_umap or umap-learn for true UMAP
2014,immunology,5,4,0.6,0.2,936.4,33.6,4.9,3,0,0,0.423333333333333,1.27,0,3,0,0,0,62,4,174.812,2.81954838709677,28,674.78,25.3857142857143,109.63,1587,-0.270632558783528,-1.04606026195774,1.95355780713931,-0.589015964125828,-0.0781600551904347,1,-0.270632558783528,-1.04606026195774,PCA fallback; install run_umap or umap-learn for true UMAP
2014,infectious,2,1,1,0,378,19,6.2,2,1,1,9.82,19.64,0,2,339.8,371.75,5,62,4,174.812,2.81954838709677,28,674.78,25.3857142857143,109.63,1587,1.40050203240822,-0.885215144417248,1.20906545551664,5.60229107565134,-1.09316142449343,1,1.40050203240822,-0.885215144417248,PCA fallback; install run_umap or umap-learn for true UMAP
2014,metabolic,2,2,0.5,0,558.5,29,1.4,4,1,0,0.585,2.34,1,2,104,103.75,2,62,4,174.812,2.81954838709677,28,674.78,25.3857142857143,109.63,1587,-0.228427403193967,-0.825018422717538,1.77588446871918,0.374619856556838,0.33141633098664,1,-0.228427403193967,-0.825018422717538,PCA fallback; install run_umap or umap-learn for true UMAP
2014,neurology,1,0,1,0,164,22,16.9,10,1,0,0.435,4.35,5,4,258.8,264.3,2,62,4,174.812,2.81954838709677,28,674.78,25.3857142857143,109.63,1587,0.515063710133496,-0.76040032207205,1.62168754337477,2.52992215506287,0.0505035329237835,1,0.515063710133496,-0.76040032207205,PCA fallback; install run_umap or umap-learn for true UMAP
2014,oncology,12,6,0.666666666666667,0.0833333333333333,952.083333333333,26.5,2.24166666666667,15,3,2,3.12733333333333,46.91,9,5,236,234.58,1,62,4,174.812,2.81954838709677,28,674.78,25.3857142857143,109.63,1587,7.70265213035457,-2.03597253468407,1.05898209963497,2.25982680046555,-2.85824147077545,3,7.70265213035457,-2.03597253468407,PCA fallback; install run_umap or umap-learn for true UMAP
2014,ophthalmology,0,0,0.571428571428571,0.25,668.75,27,2.0125,1,0,0,0.03,0.03,0,0,0,0,0,62,4,174.812,2.81954838709677,28,674.78,25.3857142857143,109.63,1587,-2.04800692617845,-0.577426967868544,2.3099902957341,-0.546520207372579,-0.273740048909143,1,-2.04800692617845,-0.577426967868544,PCA fallback; install run_umap or umap-learn for true UMAP
2014,psychiatry,1,1,1,0,461,42,11.3,0,0,0,0.584,0,0,0,191.8,191.15,2,62,4,174.812,2.81954838709677,28,674.78,25.3857142857143,109.63,1587,-1.61623885412475,-0.677314257598632,1.61760803590807,1.94051351921209,1.00200769129643,1,-1.61623885412475,-0.677314257598632,PCA fallback; install run_umap or umap-learn for true UMAP
2014,rare_disease,3,3,0,1,722.666666666667,40.6666666666667,-8.76666666666667,2,0,0,0.43,0.86,1,0,0,0,0,62,4,174.812,2.81954838709677,28,674.78,25.3857142857143,109.63,1587,-0.162266337419022,-1.07072310354494,2.07309504489729,-3.51422143798777,0.64113480764197,1,-0.162266337419022,-1.07072310354494,PCA fallback; install run_umap or umap-learn for true UMAP
2014,respiratory,1,1,1,0,1737,46,14.9,2,0,0,0.43,0.86,0,2,106,108.32,1,62,4,174.812,2.81954838709677,28,674.78,25.3857142857143,109.63,1587,-1.06933266129858,-0.944713483807332,1.54876254262012,1.24977966180934,0.895983681293201,1,-1.06933266129858,-0.944713483807332,PCA fallback; install run_umap or umap-learn for true UMAP
2015,cardiovascular,5,4,1,0,1269.2,36,7.4,5,2,0,0.796,3.98,4,1,500,501.57,2,71,5,155.178,2.18560563380282,28,688.35,25.8214285714286,111.98,1591,2.1225585553955,-1.26408466474358,0.488276658621583,2.29264245131197,2.54701662402848,1,2.1225585553955,-1.26408466474358,PCA fallback; install run_umap or umap-learn for true UMAP
2015,dermatology,0,0,0.571428571428571,0.25,668.75,27,2.0125,0,0,0,0.584,0,0,0,0,0,0,71,5,155.178,2.18560563380282,28,688.35,25.8214285714286,111.98,1591,-2.06386968129044,-0.507443760094588,2.21525425533486,-0.457108710884909,-0.393501664319125,1,-2.06386968129044,-0.507443760094588,PCA fallback; install run_umap or umap-learn for true UMAP
2015,gastrointestinal,1,1,0,1,408,38,-13.3,1,0,0,0.13,0.13,0,1,45,44.55,1,71,5,155.178,2.18560563380282,28,688.35,25.8214285714286,111.98,1591,-0.752382500516379,-0.728596870338986,2.03414941509936,-3.32507912043291,0.973756187439822,1,-0.752382500516379,-0.728596870338986,PCA fallback; install run_umap or umap-learn for true UMAP
2015,immunology,3,0,0.666666666666667,0.333333333333333,170.333333333333,14.3333333333333,2.2,5,1,1,1.254,6.27,2,2,0,0,0,71,5,155.178,2.18560563380282,28,688.35,25.8214285714286,111.98,1591,-0.0205914322082341,-0.642923600540496,2.31723697657816,0.317350492435549,-2.16247197564723,1,-0.0205914322082341,-0.642923600540496,PCA fallback; install run_umap or umap-learn for true UMAP
2015,infectious,4,1,0.5,0.25,371.25,25.75,2.775,4,0,0,0.1025,0.41,2,1,326,354.8,5,71,5,155.178,2.18560563380282,28,688.35,25.8214285714286,111.98,1591,0.149289327529177,-0.738384513553953,1.13033514276297,1.29844043396974,2.56326772339396,1,0.149289327529177,-0.738384513553953,PCA fallback; install run_umap or umap-learn for true UMAP
2015,metabolic,4,2,1,0,793.25,25.5,4.3,1,0,0,0.09,0.09,0,1,108,108.05,2,71,5,155.178,2.18560563380282,28,688.35,25.8214285714286,111.98,1591,-1.09472770911923,-0.696453741239316,1.66804194426496,1.22261864262201,0.683042858950708,1,-1.09472770911923,-0.696453741239316,PCA fallback; install run_umap or umap-learn for true UMAP
2015,neurology,6,4,0.333333333333333,0.666666666666667,946.666666666667,27.5,-5.1,8,1,0,0.41875,3.35,2,5,264,267.44,2,71,5,155.178,2.18560563380282,28,688.35,25.8214285714286,111.98,1591,2.2005328404546,-1.21414463980696,1.2007700772353,-1.19373250339683,1.78353307342903,1,2.2005328404546,-1.21414463980696,PCA fallback; install run_umap or umap-learn for true UMAP
2015,oncology,9,5,0.444444444444444,0.333333333333333,769.333333333333,26.6666666666667,-5.6,17,3,1,0.721764705882353,12.27,8,8,240,239.04,1,71,5,155.178,2.18560563380282,28,688.35,25.8214285714286,111.98,1591,5.85832318378292,-1.6455706047556,1.07265588677206,-0.576466348266258,-0.487286884698711,3,5.85832318378292,-1.6455706047556,PCA fallback; install run_umap or umap-learn for true UMAP
2015,ophthalmology,0,0,0.571428571428571,0.25,668.75,27,2.0125,2,2,0,2.91,5.82,0,2,0,0,0,71,5,155.178,2.18560563380282,28,688.35,25.8214285714286,111.98,1591,-0.733422627581102,-0.675170367952909,2.11210117947153,0.0736498205680655,-1.47151656152033,1,-0.733422627581102,-0.675170367952909,PCA fallback; install run_umap or umap-learn for true UMAP
2015,psychiatry,0,0,0.571428571428571,0.25,668.75,27,2.0125,1,0,0,0.16,0.16,0,0,194,197.21,2,71,5,155.178,2.18560563380282,28,688.35,25.8214285714286,111.98,1591,-1.4959244939728,-0.527333246872996,1.69697827051056,0.446855923919348,1.23876744665827,1,-1.4959244939728,-0.527333246872996,PCA fallback; install run_umap or umap-learn for true UMAP
2015,rare_disease,4,3,0.5,0.5,1131.5,27.5,-7.075,4,1,1,3.045,12.18,0,4,0,0,0,71,5,155.178,2.18560563380282,28,688.35,25.8214285714286,111.98,1591,1.40232079454815,-1.08243116912792,1.91540751506426,-0.74975410768397,-1.53069210012787,1,1.40232079454815,-1.08243116912792,PCA fallback; install run_umap or umap-learn for true UMAP
2015,respiratory,0,0,0.571428571428571,0.25,668.75,27,2.0125,0,0,0,0.584,0,0,0,105,102.15,1,71,5,155.178,2.18560563380282,28,688.35,25.8214285714286,111.98,1591,-1.79217011182507,-0.518381534182691,1.94512592472511,0.0573126177744451,0.422328107323376,1,-1.79217011182507,-0.518381534182691,PCA fallback; install run_umap or umap-learn for true UMAP
2016,cardiovascular,3,1,0.666666666666667,0.333333333333333,871,21.6666666666667,-3.2,0,0,0,0.584,0,0,0,509,516.17,2,66,1,54.723,0.829136363636364,28,716.36,26.2285714285714,116.69,1621,-0.738841244272626,-1.44100331783972,-1.09376078577712,0.915240875269269,2.6731816261972,1,-0.738841244272626,-1.44100331783972,PCA fallback; install run_umap or umap-learn for true UMAP
2016,dermatology,0,0,0.571428571428571,0.25,668.75,27,2.0125,0,0,0,0.584,0,0,0,0,0,0,66,1,54.723,0.829136363636364,28,716.36,26.2285714285714,116.69,1621,-2.47729994796577,-1.24061854156151,0.100802239048747,-0.698886064808668,-0.866363196597041,1,-2.47729994796577,-1.24061854156151,PCA fallback; install run_umap or umap-learn for true UMAP
2016,gastrointestinal,2,2,0.5,0,645,39,-4.05,1,0,0,0.21,0.21,1,0,44.8,44.09,1,66,1,54.723,0.829136363636364,28,716.36,26.2285714285714,116.69,1621,-1.42154819780188,-1.45444109159743,-0.303336861117574,-0.813224284140071,-0.00110293144957996,1,-1.42154819780188,-1.45444109159743,PCA fallback; install run_umap or umap-learn for true UMAP
2016,immunology,4,2,0.75,0.25,599.75,30.25,6.625,5,1,0,0.584,2.92,2,3,0,0,0,66,1,54.723,0.829136363636364,28,716.36,26.2285714285714,116.69,1621,-0.416864016871708,-1.617966556571,-0.147644025815848,-0.418923045070099,-1.31232753782556,1,-0.416864016871708,-1.617966556571,PCA fallback; install run_umap or umap-learn for true UMAP
2016,infectious,1,0,1,0,342,22,8.7,0,0,0,0.584,0,0,0,313.7,342.43,5,66,1,54.723,0.829136363636364,28,716.36,26.2285714285714,116.69,1621,-1.91010371057387,-1.16683604181857,-0.835991938147118,2.89506490165474,1.57962228981801,1,-1.91010371057387,-1.16683604181857,PCA fallback; install run_umap or umap-learn for true UMAP
2016,metabolic,2,1,0.5,0.5,391.5,19.5,2.45,0,0,0,0.584,0,0,0,111.2,111.64,2,66,1,54.723,0.829136363636364,28,716.36,26.2285714285714,116.69,1621,-1.8309230710396,-1.31293245822592,-0.183344027685655,-0.298113450645546,0.126901064056874,1,-1.8309230710396,-1.31293245822592,PCA fallback; install run_umap or umap-learn for true UMAP
2016,neurology,4,2,0.5,0.5,743,22.5,-3.225,2,2,0,4.225,8.45,1,0,270,264.83,2,66,1,54.723,0.829136363636364,28,716.36,26.2285714285714,116.69,1621,0.573417900277206,-1.7251599781175,-0.775867100230747,0.502952601331936,0.00276883976085965,1,0.573417900277206,-1.7251599781175,PCA fallback; install run_umap or umap-learn for true UMAP
2016,oncology,12,6,0.25,0.5,690.916666666667,28.5833333333333,-8.35833333333333,9,3,1,1.28111111111111,11.53,3,6,242.8,247.27,1,66,1,54.723,0.829136363636364,28,716.36,26.2285714285714,116.69,1621,4.37445016985457,-2.35651440826209,-1.01967065675735,-1.15072779610931,-0.456916229472651,3,4.37445016985457,-2.35651440826209,PCA fallback; install run_umap or umap-learn for true UMAP
2016,ophthalmology,0,0,0.571428571428571,0.25,668.75,27,2.0125,0,0,0,0.584,0,0,0,0,0,0,66,1,54.723,0.829136363636364,28,716.36,26.2285714285714,116.69,1621,-2.47729994796577,-1.24061854156151,0.100802239048747,-0.698886064808668,-0.866363196597041,1,-2.47729994796577,-1.24061854156151,PCA fallback; install run_umap or umap-learn for true UMAP
2016,psychiatry,1,0,0,1,170,11,-17,0,0,0,0.584,0,0,0,195,197.62,2,66,1,54.723,0.829136363636364,28,716.36,26.2285714285714,116.69,1621,-1.39466161188783,-1.22902545414298,-0.114757602567003,-2.52525119280539,0.967209805330168,1,-1.39466161188783,-1.22902545414298,PCA fallback; install run_umap or umap-learn for true UMAP
2016,rare_disease,1,0,0,1,127,16,-11.7,4,1,0,0.7575,3.03,1,3,0,0,0,66,1,54.723,0.829136363636364,28,716.36,26.2285714285714,116.69,1621,-0.742645201693182,-1.3613655869785,0.304394796578124,-3.321324951441,-1.11084146976429,1,-0.742645201693182,-1.3613655869785,PCA fallback; install run_umap or umap-learn for true UMAP
2016,respiratory,1,0,0,1,184,15,-8.3,2,0,0,0.46,0.92,0,1,103.8,102.34,1,66,1,54.723,0.829136363636364,28,716.36,26.2285714285714,116.69,1621,-1.46166983815438,-1.27575324284802,0.0992093993475027,-2.61367965413438,0.0563669722108621,1,-1.46166983815438,-1.27575324284802,PCA fallback; install run_umap or umap-learn for true UMAP
2017,cardiovascular,4,3,0.75,0,451,27,5.5,4,1,0,0.5475,2.19,0,4,518,516.33,2,75,2,71.004,0.94672,28,732.36,26.6,118.88,1631,0.550458105800969,-1.28078032747476,-0.767601100789532,1.97884747782814,2.06680671774354,1,0.550458105800969,-1.28078032747476,PCA fallback; install run_umap or umap-learn for true UMAP
2017,dermatology,0,0,0.571428571428571,0.25,668.75,27,2.0125,2,1,0,1.145,2.29,0,2,0,0,0,75,2,71.004,0.94672,28,732.36,26.6,118.88,1631,-1.56731864258905,-1.0209015661007,0.51081553127855,-0.560469795672407,-1.19842942176588,1,-1.56731864258905,-1.0209015661007,PCA fallback; install run_umap or umap-learn for true UMAP
2017,gastrointestinal,0,0,0.571428571428571,0.25,668.75,27,2.0125,1,0,0,0.92,0.92,0,0,44.5,44.77,1,75,2,71.004,0.94672,28,732.36,26.6,118.88,1631,-2.06956973945248,-0.956372357214496,0.396667132109766,-0.249536180115121,-0.387356823347794,1,-2.06956973945248,-0.956372357214496,PCA fallback; install run_umap or umap-learn for true UMAP
2017,immunology,6,2,0.5,0.333333333333333,716.333333333333,21.3333333333333,-5.23333333333333,6,2,1,2.80666666666667,16.84,2,3,0,0,0,75,2,71.004,0.94672,28,732.36,26.6,118.88,1631,1.71402167687723,-1.51380990187336,0.321435865171382,-0.382403957851545,-2.68667026618555,1,1.71402167687723,-1.51380990187336,PCA fallback; install run_umap or umap-learn for true UMAP
2017,infectious,4,2,0.75,0.25,889,29.75,3.275,3,2,0,1.44333333333333,4.33,1,2,301.5,329.56,5,75,2,71.004,0.94672,28,732.36,26.6,118.88,1631,0.745824147613421,-1.40698211057164,-0.744107346544666,1.64338371400854,1.65015712849022,1,0.745824147613421,-1.40698211057164,PCA fallback; install run_umap or umap-learn for true UMAP
2017,metabolic,5,3,0.8,0,850.6,25.8,3.28,3,3,1,7.53666666666667,22.61,2,1,114.5,113.32,2,75,2,71.004,0.94672,28,732.36,26.6,118.88,1631,2.2413921613584,-1.65221249420033,-0.232511151935089,2.87263042336393,-2.98349707629373,1,2.2413921613584,-1.65221249420033,PCA fallback; install run_umap or umap-learn for true UMAP
2017,neurology,1,1,0,1,1068,46,-5.4,11,4,1,1.16454545454545,12.81,5,4,276,272.6,2,75,2,71.004,0.94672,28,732.36,26.6,118.88,1631,3.81407385114035,-1.8297470487578,-0.584501189388892,-1.89861465671533,0.137269427249994,3,3.81407385114035,-1.8297470487578,PCA fallback; install run_umap or umap-learn for true UMAP
2017,oncology,12,8,0.333333333333333,0.333333333333333,995.083333333333,28.3333333333333,-2.60833333333333,12,3,0,0.629166666666667,7.55,5,4,245.5,248.89,1,75,2,71.004,0.94672,28,732.36,26.6,118.88,1631,4.3861551207921,-2.20033539134626,-0.774639970787933,-1.16938390121939,0.546869750236642,3,4.3861551207921,-2.20033539134626,PCA fallback; install run_umap or umap-learn for true UMAP
2017,ophthalmology,0,0,0.571428571428571,0.25,668.75,27,2.0125,1,0,0,0.5,0.5,0,1,0,0,0,75,2,71.004,0.94672,28,732.36,26.6,118.88,1631,-2.15251923935619,-0.949417932694745,0.5597483248223,-0.702688678823075,-0.801502686297218,1,-2.15251923935619,-0.949417932694745,PCA fallback; install run_umap or umap-learn for true UMAP
2017,psychiatry,1,0,0,1,92,18,-20.4,2,1,0,0.885,1.77,1,0,196,196.43,2,75,2,71.004,0.94672,28,732.36,26.6,118.88,1631,-0.464949505686442,-1.03887502053099,0.231418275170538,-2.72013332075142,0.869503102450321,1,-0.464949505686442,-1.03887502053099,PCA fallback; install run_umap or umap-learn for true UMAP
2017,rare_disease,7,3,0.857142857142857,0.142857142857143,812.857142857143,23.4285714285714,3.94285714285714,7,3,0,1.68857142857143,11.82,4,3,0,0,0,75,2,71.004,0.94672,28,732.36,26.6,118.88,1631,1.63024321289853,-1.63313735205894,0.104263105455248,0.137776148487294,-2.09898888815826,1,1.63024321289853,-1.63313735205894,PCA fallback; install run_umap or umap-learn for true UMAP
2017,respiratory,1,0,1,0,354,22,2.3,0,0,0,0.584,0,0,0,102.5,102.77,1,75,2,71.004,0.94672,28,732.36,26.6,118.88,1631,-2.36606087440115,-0.832920721307256,0.345310545897719,1.05518552037556,-0.397311108232,1,-2.36606087440115,-0.832920721307256,PCA fallback; install run_umap or umap-learn for true UMAP
2018,cardiovascular,2,2,1,0,1453,32,8.65,1,1,0,1.86,1.86,0,0,527,524.28,2,88,0,48.237,0.548147727272727,30,753.19,26.36,122.46,1663,-0.146990228066898,-0.717314753112483,-1.75717700493402,2.58662380224977,2.24713465869601,1,-0.146990228066898,-0.717314753112483,PCA fallback; install run_umap or umap-learn for true UMAP
2018,dermatology,0,0,0.571428571428571,0.25,668.75,27,2.0125,0,0,0,0.584,0,0,0,0,0,0,88,0,48.237,0.548147727272727,30,753.19,26.36,122.46,1663,-2.34531255759648,-0.310414712313159,-0.214955000286729,-0.777432283033712,-0.9418888209566,1,-2.34531255759648,-0.310414712313159,PCA fallback; install run_umap or umap-learn for true UMAP
2018,gastrointestinal,3,2,0.666666666666667,0.333333333333333,1193,35.3333333333333,4.63333333333333,3,0,0,0.14,0.42,2,0,44.2,44.11,1,88,0,48.237,0.548147727272727,30,753.19,26.36,122.46,1663,-0.806526854386727,-0.720438542834979,-0.716891669873079,-0.792237279265584,0.0214081611979709,1,-0.806526854386727,-0.720438542834979,PCA fallback; install run_umap or umap-learn for true UMAP
2018,immunology,4,1,0.25,0.5,414.25,22.25,-8.4,7,1,1,2.31714285714286,16.22,1,5,0,0,0,88,0,48.237,0.548147727272727,30,753.19,26.36,122.46,1663,1.24713110600696,-0.698138018053916,-0.245905310818888,-1.3811275681499,-2.63905955002003,1,1.24713110600696,-0.698138018053916,PCA fallback; install run_umap or umap-learn for true UMAP
2018,infectious,6,4,1,0,1465.16666666667,25.6666666666667,6.88333333333333,7,1,0,0.544285714285714,3.81,2,5,289.3,316.86,5,88,0,48.237,0.548147727272727,30,753.19,26.36,122.46,1663,1.60187712891417,-0.980480819446217,-1.6954358079491,1.94347062057375,1.73072212393636,1,1.60187712891417,-0.980480819446217,PCA fallback; install run_umap or umap-learn for true UMAP
2018,metabolic,3,2,1,0,763,35.6666666666667,10.4666666666667,4,1,0,1.1575,4.63,1,0,117.8,116.61,2,88,0,48.237,0.548147727272727,30,753.19,26.36,122.46,1663,-0.650877648945759,-0.646275183652769,-0.915147991403576,1.43243662242841,-0.376234042352918,1,-0.650877648945759,-0.646275183652769,PCA fallback; install run_umap or umap-learn for true UMAP
2018,neurology,3,2,0.333333333333333,0.666666666666667,321.666666666667,35,-19.3333333333333,6,0,0,0.263333333333333,1.58,1,3,282,287.97,2,88,0,48.237,0.548147727272727,30,753.19,26.36,122.46,1663,0.543883784998466,-0.633251542790183,-1.02351714273984,-2.14737986301233,1.6610597356845,1,0.543883784998466,-0.633251542790183,PCA fallback; install run_umap or umap-learn for true UMAP
2018,oncology,12,6,0.166666666666667,0.75,741.166666666667,27,-10.7916666666667,21,6,1,0.993809523809524,20.87,9,10,248.2,246.03,1,88,0,48.237,0.548147727272727,30,753.19,26.36,122.46,1663,8.27086268735134,-1.88202084025937,-1.56304163822679,-2.14470956434826,-1.58498464589343,3,8.27086268735134,-1.88202084025937,PCA fallback; install run_umap or umap-learn for true UMAP
2018,ophthalmology,0,0,0.571428571428571,0.25,668.75,27,2.0125,1,0,0,0.04,0.04,0,1,0,0,0,88,0,48.237,0.548147727272727,30,753.19,26.36,122.46,1663,-2.19680044870681,-0.313042421834923,-0.213470794148345,-0.91856903134457,-0.873053183693916,1,-2.19680044870681,-0.313042421834923,PCA fallback; install run_umap or umap-learn for true UMAP
2018,psychiatry,1,0,1,0,343,22,13.2,1,0,0,0.82,0.82,1,0,197,204.04,2,88,0,48.237,0.548147727272727,30,753.19,26.36,122.46,1663,-1.9859889018492,-0.272394361990303,-0.700900604175207,2.09340481636889,-0.13311012949317,1,-1.9859889018492,-0.272394361990303,PCA fallback; install run_umap or umap-learn for true UMAP
2018,rare_disease,2,0,1,0,237.5,14,10.55,5,2,0,0.95,4.75,4,0,0,0,0,88,0,48.237,0.548147727272727,30,753.19,26.36,122.46,1663,-0.920777602386212,-0.425032421353147,-0.241313146579114,1.04567567048193,-2.5053860915686,1,-0.920777602386212,-0.425032421353147,PCA fallback; install run_umap or umap-learn for true UMAP
2018,respiratory,0,0,0.571428571428571,0.25,668.75,27,2.0125,3,0,0,0.42,1.26,0,3,101.2,102.55,1,88,0,48.237,0.548147727272727,30,753.19,26.36,122.46,1663,-1.47960120349796,-0.357081324791827,-0.487398100997895,-0.391151235282398,-0.260590152124288,1,-1.47960120349796,-0.357081324791827,PCA fallback; install run_umap or umap-learn for true UMAP
2019,cardiovascular,4,3,0.5,0.25,877.25,30,3.575,4,2,0,0.745,2.98,2,1,536,532.42,2,72,6,282.487,3.92343055555556,30,785.16,26.42,128.23,1696,2.09712792398152,0.958913609613548,2.18899667298668,1.4411815894532,3.13303220325231,2,2.09712792398152,0.958913609613548,PCA fallback; install run_umap or umap-learn for true UMAP
2019,dermatology,0,0,0.571428571428571,0.25,668.75,27,2.0125,1,0,0,0.83,0.83,1,0,0,0,0,72,6,282.487,3.92343055555556,30,785.16,26.42,128.23,1696,-1.25492076263044,1.49192195285018,3.69181620111227,-0.282394017752203,-0.160629450009477,2,-1.25492076263044,1.49192195285018,PCA fallback; install run_umap or umap-learn for true UMAP
2019,gastrointestinal,2,0,1,0,201.5,12.5,8.25,0,0,0,0.584,0,0,0,44,44.94,1,72,6,282.487,3.92343055555556,30,785.16,26.42,128.23,1696,-1.83682849997698,1.6828077147347,3.70874860738259,1.76183817063014,-0.344778637247795,2,-1.83682849997698,1.6828077147347,PCA fallback; install run_umap or umap-learn for true UMAP
2019,immunology,4,2,0.5,0.5,720.5,32,-4.175,4,0,0,0.0475,0.19,1,2,0,0,0,72,6,282.487,3.92343055555556,30,785.16,26.42,128.23,1696,0.120931894986943,1.19167289393012,3.5104210862514,-1.58984060568079,0.417837244884086,2,0.120931894986943,1.19167289393012,PCA fallback; install run_umap or umap-learn for true UMAP
2019,infectious,2,0,1,0,196.5,13.5,8.85,3,0,0,0.19,0.57,0,3,277,301.18,6,72,6,282.487,3.92343055555556,30,785.16,26.42,128.23,1696,-0.492959750345624,1.62334199778773,2.8565940428121,3.36445939903077,2.16254859492117,2,-0.492959750345624,1.62334199778773,PCA fallback; install run_umap or umap-learn for true UMAP
2019,metabolic,1,0,1,0,166,23,9.2,3,0,0,0.206666666666667,0.62,1,2,121,121.63,2,72,6,282.487,3.92343055555556,30,785.16,26.42,128.23,1696,-1.01927338219054,1.59995798982632,3.39815129670351,1.92893052770408,0.386129169327259,2,-1.01927338219054,1.59995798982632,PCA fallback; install run_umap or umap-learn for true UMAP
2019,neurology,4,2,0.25,0.5,811,23.75,-8.85,4,0,0,0.6625,2.65,2,2,288,292.97,2,72,6,282.487,3.92343055555556,30,785.16,26.42,128.23,1696,1.26323352175698,1.13340593871122,2.86217952031901,-0.741174485192153,2.33146658937443,2,1.26323352175698,1.13340593871122,PCA fallback; install run_umap or umap-learn for true UMAP
2019,oncology,9,5,0.555555555555556,0.222222222222222,910.222222222222,29.7777777777778,-0.855555555555556,20,2,1,0.8405,16.81,6,14,251,244.96,1,72,6,282.487,3.92343055555556,30,785.16,26.42,128.23,1696,6.73425939729489,0.398069106343606,2.5578557946129,0.139551653914026,-0.254182497328228,3,6.73425939729489,0.398069106343606,PCA fallback; install run_umap or umap-learn for true UMAP
2019,ophthalmology,0,0,0.571428571428571,0.25,668.75,27,2.0125,0,0,0,0.584,0,0,0,0,0,0,72,6,282.487,3.92343055555556,30,785.16,26.42,128.23,1696,-1.55913203439621,1.53282460309281,3.71187116987499,-0.296033384757833,-0.0376797613538194,2,-1.55913203439621,1.53282460309281,PCA fallback; install run_umap or umap-learn for true UMAP
2019,psychiatry,2,1,0,1,607,28,-19.65,1,0,0,0.23,0.23,0,0,198,203.11,2,72,6,282.487,3.92343055555556,30,785.16,26.42,128.23,1696,0.203470681657793,1.2978700825594,3.18942485431461,-2.73512854121935,2.50698533536462,2,0.203470681657793,1.2978700825594,PCA fallback; install run_umap or umap-learn for true UMAP
2019,rare_disease,3,2,0.666666666666667,0.333333333333333,892,26.6666666666667,3.16666666666667,8,3,1,1.83375,14.67,1,6,0,0,0,72,6,282.487,3.92343055555556,30,785.16,26.42,128.23,1696,2.54719986319826,0.964781083908364,3.40646391691191,0.366037659731731,-1.99534044206814,2,2.54719986319826,0.964781083908364,PCA fallback; install run_umap or umap-learn for true UMAP
2019,respiratory,2,0,1,0,253,14.5,4.95,2,0,0,0.165,0.33,2,0,100,101.39,1,72,6,282.487,3.92343055555556,30,785.16,26.42,128.23,1696,-1.13589498668855,1.59961447726469,3.5382147106804,1.51746775694303,0.0767045416095348,2,-1.13589498668855,1.59961447726469,PCA fallback; install run_umap or umap-learn for true UMAP
2020,cardiovascular,3,3,1,0,1011.66666666667,37,7.63333333333333,3,1,0,0.916666666666667,2.75,1,2,548.5,554.39,2,94,6,194.116,2.06506382978723,30,834.66,25.27,137.32,1747,1.23965955441638,1.29753116880042,0.448211510594112,2.55468310645347,2.9021960393881,2,1.23965955441638,1.29753116880042,PCA fallback; install run_umap or umap-learn for true UMAP
2020,dermatology,0,0,0.571428571428571,0.25,668.75,27,2.0125,0,0,0,0.584,0,0,0,0,0,0,94,6,194.116,2.06506382978723,30,834.66,25.27,137.32,1747,-1.71756746493283,1.77376719066019,2.05889462750068,-0.5430391260172,-0.408760157109547,2,-1.71756746493283,1.77376719066019,PCA fallback; install run_umap or umap-learn for true UMAP
2020,gastrointestinal,2,1,1,0,507.5,32.5,10.7,0,0,0,0.584,0,0,0,45.5,45.9,1,94,6,194.116,2.06506382978723,30,834.66,25.27,137.32,1747,-1.5792793454237,1.70703835941446,1.77503970499829,1.26885044780038,-0.202748687429295,2,-1.5792793454237,1.70703835941446,PCA fallback; install run_umap or umap-learn for true UMAP
2020,immunology,4,0,0.75,0.25,341.5,17.75,9.55,4,0,0,0.1175,0.47,0,4,0,0,0,94,6,194.116,2.06506382978723,30,834.66,25.27,137.32,1747,-0.957932490555798,1.72089499042178,2.13183454048134,0.109439701004806,-0.952026931129063,2,-0.957932490555798,1.72089499042178,PCA fallback; install run_umap or umap-learn for true UMAP
2020,infectious,4,3,1,0,1028.75,31.25,11.175,9,5,4,8.31111111111111,74.8,1,5,376,398.2,6,94,6,194.116,2.06506382978723,30,834.66,25.27,137.32,1747,8.24305824626388,0.621390321071055,0.406515432414676,7.7134029611746,-4.53649927501367,3,8.24305824626388,0.621390321071055,PCA fallback; install run_umap or umap-learn for true UMAP
2020,metabolic,3,2,0.666666666666667,0,925,29.3333333333333,8.66666666666667,2,0,0,0.65,1.3,0,1,120.5,120.29,2,94,6,194.116,2.06506382978723,30,834.66,25.27,137.32,1747,-0.546992389684309,1.52135328178035,1.45833192098264,0.956195589384291,0.68940032686333,2,-0.546992389684309,1.52135328178035,PCA fallback; install run_umap or umap-learn for true UMAP
2020,neurology,3,2,0,1,1411.33333333333,31,-15.6,7,2,1,1.15857142857143,8.11,1,3,297.5,290.12,2,94,6,194.116,2.06506382978723,30,834.66,25.27,137.32,1747,3.10868572937882,1.0513317572605,1.01974606669512,-2.16172650812166,1.49853785216067,3,3.10868572937882,1.0513317572605,PCA fallback; install run_umap or umap-learn for true UMAP
2020,oncology,6,4,0.5,0.333333333333333,726,28.8333333333333,-0.366666666666667,27,3,0,0.455555555555555,12.3,6,18,254,249.82,1,94,6,194.116,2.06506382978723,30,834.66,25.27,137.32,1747,6.66247496228546,0.736126545420271,0.955506669254194,-0.955730458430106,-0.256059303997281,3,6.66247496228546,0.736126545420271,PCA fallback; install run_umap or umap-learn for true UMAP
2020,ophthalmology,0,0,0.571428571428571,0.25,668.75,27,2.0125,1,0,0,0.71,0.71,0,0,0,0,0,94,6,194.116,2.06506382978723,30,834.66,25.27,137.32,1747,-1.60743280955239,1.76356399665233,2.05568944314844,-0.518403719749796,-0.472312394224997,2,-1.60743280955239,1.76356399665233,PCA fallback; install run_umap or umap-learn for true UMAP
2020,psychiatry,0,0,0.571428571428571,0.25,668.75,27,2.0125,1,0,0,0.32,0.32,1,0,208.5,207.39,2,94,6,194.116,2.06506382978723,30,834.66,25.27,137.32,1747,-0.92538891599149,1.7210155425752,1.50043981779102,0.394821422855397,1.22344254511273,2,-0.92538891599149,1.7210155425752,PCA fallback; install run_umap or umap-learn for true UMAP
2020,rare_disease,0,0,0.571428571428571,0.25,668.75,27,2.0125,2,0,0,0.03,0.06,0,2,0,0,0,94,6,194.116,2.06506382978723,30,834.66,25.27,137.32,1747,-1.38119472377953,1.75982746656634,2.05771218141768,-0.726520973539743,-0.376476327827865,2,-1.38119472377953,1.75982746656634,PCA fallback; install run_umap or umap-learn for true UMAP
2020,respiratory,0,0,0.571428571428571,0.25,668.75,27,2.0125,0,0,0,0.584,0,0,0,97.5,99.12,1,94,6,194.116,2.06506382978723,30,834.66,25.27,137.32,1747,-1.45686507727606,1.76340443188605,1.79861994357215,-0.0441519691105364,0.377720440685795,2,-1.45686507727606,1.76340443188605,PCA fallback; install run_umap or umap-learn for true UMAP
2021,cardiovascular,9,5,0.777777777777778,0.222222222222222,953.666666666667,29,-1.01111111111111,4,0,0,0.23,0.92,1,2,561,545.07,2,133,7,263.44,1.98075187969925,30,966.78,27.41,162.25,1823,2.42672317333664,2.41061879481296,1.31657520626058,1.20556962527565,3.79276135910578,2,2.42672317333664,2.41061879481296,PCA fallback; install run_umap or umap-learn for true UMAP
2021,dermatology,0,0,0.571428571428571,0.25,668.75,27,2.0125,0,0,0,0.584,0,0,0,0,0,0,133,7,263.44,1.98075187969925,30,966.78,27.41,162.25,1823,-1.33696025627798,3.09104211582368,2.95446693971784,-0.498052778777243,-0.193049003632772,2,-1.33696025627798,3.09104211582368,PCA fallback; install run_umap or umap-learn for true UMAP
2021,gastrointestinal,0,0,0.571428571428571,0.25,668.75,27,2.0125,0,0,0,0.584,0,0,0,47,47.79,1,133,7,263.44,1.98075187969925,30,966.78,27.41,162.25,1823,-1.18196152963663,3.08638614919176,2.789293394784,-0.150016668174849,0.310408255331208,2,-1.18196152963663,3.08638614919176,PCA fallback; install run_umap or umap-learn for true UMAP
2021,immunology,3,2,0,0.333333333333333,1073,27,-12.4,5,1,0,0.612,3.06,1,4,0,0,0,133,7,263.44,1.98075187969925,30,966.78,27.41,162.25,1823,1.28325590689912,2.66912155923686,2.70358231828027,-2.66833538010687,0.13084148624939,2,1.28325590689912,2.66912155923686,PCA fallback; install run_umap or umap-learn for true UMAP
2021,infectious,2,1,1,0,324,21,9.35,5,1,1,3.932,19.66,1,2,450,467.91,6,133,7,263.44,1.98075187969925,30,966.78,27.41,162.25,1823,2.32922854730388,2.82038555561031,1.6009246380161,5.03778669742614,0.937698487868141,2,2.32922854730388,2.82038555561031,PCA fallback; install run_umap or umap-learn for true UMAP
2021,metabolic,4,2,0.25,0.25,767.75,25.75,2.6,3,1,1,5.03333333333333,15.1,1,0,120,119.58,2,133,7,263.44,1.98075187969925,30,966.78,27.41,162.25,1823,1.94301602851089,2.58806808908198,2.38152059636683,1.20805346682152,-1.08661900344627,2,1.94301602851089,2.58806808908198,PCA fallback; install run_umap or umap-learn for true UMAP
2021,neurology,3,2,0,0.666666666666667,1494.33333333333,24.6666666666667,-24.6666666666667,2,0,0,0.11,0.22,1,0,307,304.16,2,133,7,263.44,1.98075187969925,30,966.78,27.41,162.25,1823,1.36488678866025,2.64875691642498,1.98074669225025,-2.6840396686899,3.36119986722868,2,1.36488678866025,2.64875691642498,PCA fallback; install run_umap or umap-learn for true UMAP
2021,oncology,13,5,0.307692307692308,0.538461538461538,650.615384615385,27.6923076923077,-5.11538461538461,25,3,0,0.4912,12.28,7,16,257,257.56,1,133,7,263.44,1.98075187969925,30,966.78,27.41,162.25,1823,7.91978994160115,1.7708620010455,1.7249959236506,-1.80939588111722,0.332610703239316,3,7.91978994160115,1.7708620010455,PCA fallback; install run_umap or umap-learn for true UMAP
2021,ophthalmology,0,0,0.571428571428571,0.25,668.75,27,2.0125,0,0,0,0.584,0,0,0,0,0,0,133,7,263.44,1.98075187969925,30,966.78,27.41,162.25,1823,-1.33696025627798,3.09104211582368,2.95446693971784,-0.498052778777243,-0.193049003632772,2,-1.33696025627798,3.09104211582368,PCA fallback; install run_umap or umap-learn for true UMAP
2021,psychiatry,0,0,0.571428571428571,0.25,668.75,27,2.0125,2,0,0,0.4,0.8,1,1,219,220.92,2,133,7,263.44,1.98075187969925,30,966.78,27.41,162.25,1823,-0.308365719899685,3.02255006002614,2.37077822253912,0.460865485873968,1.43537042811544,2,-0.308365719899685,3.02255006002614,PCA fallback; install run_umap or umap-learn for true UMAP
2021,rare_disease,3,0,0.666666666666667,0.333333333333333,212,15,3.36666666666667,6,2,1,2.99333333333333,17.96,0,5,0,0,0,133,7,263.44,1.98075187969925,30,966.78,27.41,162.25,1823,1.6025446889693,2.8640649240598,3.02996122892778,0.931160583927264,-2.89728585551851,2,1.6025446889693,2.8640649240598,PCA fallback; install run_umap or umap-learn for true UMAP
2021,respiratory,2,0,0.5,0.5,162.5,15.5,-7.45,1,0,0,0.13,0.13,0,1,95,95.17,1,133,7,263.44,1.98075187969925,30,966.78,27.41,162.25,1823,-0.721989487186272,3.14348333409996,2.8925214382908,-0.92084430864127,0.478837473495924,2,-0.721989487186272,3.14348333409996,PCA fallback; install run_umap or umap-learn for true UMAP
2022,cardiovascular,4,3,1,0,851,33.5,2.025,2,0,0,0.29,0.58,1,1,566.7,557.64,2,102,3,112.849,1.10636274509804,30,1036.1,27.3533333333333,173.46,1861,0.617904775064863,1.93711521646272,-1.20325772546731,1.96177374201454,2.98742297877315,2,0.617904775064863,1.93711521646272,PCA fallback; install run_umap or umap-learn for true UMAP
2022,dermatology,0,0,0.571428571428571,0.25,668.75,27,2.0125,0,0,0,0.584,0,0,0,0,0,0,102,3,112.849,1.10636274509804,30,1036.1,27.3533333333333,173.46,1861,-1.87662894970259,2.31577360185323,0.334650358653332,-0.765291952366007,-0.768802684113129,2,-1.87662894970259,2.31577360185323,PCA fallback; install run_umap or umap-learn for true UMAP
2022,gastrointestinal,3,1,0.666666666666667,0,419.333333333333,24.6666666666667,2.66666666666667,0,0,0,0.584,0,0,0,47,46.77,1,102,3,112.849,1.10636274509804,30,1036.1,27.3533333333333,173.46,1861,-1.49095895722024,2.26778846142143,0.133240608100625,0.182012408716798,-0.483070394938417,2,-1.49095895722024,2.26778846142143,PCA fallback; install run_umap or umap-learn for true UMAP
2022,immunology,7,4,0.571428571428571,0,551,25.8571428571429,2.82857142857143,3,0,0,0.0533333333333333,0.16,1,2,0,0,0,102,3,112.849,1.10636274509804,30,1036.1,27.3533333333333,173.46,1861,-0.0856167012129448,1.91705830667949,0.0664798159635029,-0.710478652779619,-0.708167660561767,2,-0.0856167012129448,1.91705830667949,PCA fallback; install run_umap or umap-learn for true UMAP
2022,infectious,5,3,0.2,0,1334.4,32.2,1.22,3,1,0,0.556666666666667,1.67,1,1,376.7,396.04,6,102,3,112.849,1.10636274509804,30,1036.1,27.3533333333333,173.46,1861,1.42162911678827,1.74209230635011,-1.29167425808213,0.958767162748437,3.16360302070851,2,1.42162911678827,1.74209230635011,PCA fallback; install run_umap or umap-learn for true UMAP
2022,metabolic,5,4,0.8,0,966.2,31.2,3.04,5,1,1,3.712,18.56,1,4,125,124.38,2,102,3,112.849,1.10636274509804,30,1036.1,27.3533333333333,173.46,1861,2.29698841870071,1.66391348610782,-0.466737271316966,1.72808514785412,-1.55781954000334,2,2.29698841870071,1.66391348610782,PCA fallback; install run_umap or umap-learn for true UMAP
2022,neurology,2,1,0,1,1531.5,24,-10.25,6,2,1,1.73666666666667,10.42,2,4,313,318.65,2,102,3,112.849,1.10636274509804,30,1036.1,27.3533333333333,173.46,1861,2.95954307234083,1.63320695806595,-0.665045924617525,-1.76931333241515,0.802718294835533,2,2.95954307234083,1.63320695806595,PCA fallback; install run_umap or umap-learn for true UMAP
2022,oncology,8,6,0.125,0.875,1045.375,34.5,-14.8375,14,2,1,0.647857142857143,9.07,4,9,261.3,258.47,1,102,3,112.849,1.10636274509804,30,1036.1,27.3533333333333,173.46,1861,5.52238653386398,1.16222606329658,-0.829111276421061,-2.84003673268951,0.458530838989882,3,5.52238653386398,1.16222606329658,PCA fallback; install run_umap or umap-learn for true UMAP
2022,ophthalmology,0,0,0.571428571428571,0.25,668.75,27,2.0125,0,0,0,0.584,0,0,0,0,0,0,102,3,112.849,1.10636274509804,30,1036.1,27.3533333333333,173.46,1861,-1.87662894970259,2.31577360185323,0.334650358653332,-0.765291952366007,-0.768802684113129,2,-1.87662894970259,2.31577360185323,PCA fallback; install run_umap or umap-learn for true UMAP
2022,psychiatry,2,1,1,0,1213.5,34.5,5.85,2,0,0,0.205,0.41,1,1,221,221.8,2,102,3,112.849,1.10636274509804,30,1036.1,27.3533333333333,173.46,1861,-0.560509811848468,2.06169831578494,-0.540947728695146,1.1395988242462,1.13787065607406,2,-0.560509811848468,2.06169831578494,PCA fallback; install run_umap or umap-learn for true UMAP
2022,rare_disease,0,0,0.571428571428571,0.25,668.75,27,2.0125,3,2,1,3.84666666666667,11.54,0,2,0,0,0,102,3,112.849,1.10636274509804,30,1036.1,27.3533333333333,173.46,1861,0.310636481352925,2.08374483469681,0.249337266795147,0.441395207204779,-2.87710544523094,2,0.310636481352925,2.08374483469681,PCA fallback; install run_umap or umap-learn for true UMAP
2022,respiratory,4,1,1,0,673.5,24.25,10.075,0,0,0,0.584,0,0,0,96,96.48,1,102,3,112.849,1.10636274509804,30,1036.1,27.3533333333333,173.46,1861,-1.44777908732477,2.19945764602377,-0.0380488616534464,1.21988357215429,-0.295247644034145,2,-1.44777908732477,2.19945764602377,PCA fallback; install run_umap or umap-learn for true UMAP
2023,cardiovascular,2,1,0.5,0.5,390.5,22.5,-6.9,3,0,0,0.32,0.96,1,2,572.3,577.63,2,77,4,119.595,1.55318181818182,30,956.56,21.9033333333333,158.98,1834,0.438646741165194,2.22484258708341,-1.51803956646119,0.188524071862264,2.79253566057935,2,0.438646741165194,2.22484258708341,PCA fallback; install run_umap or umap-learn for true UMAP
2023,dermatology,0,0,0.571428571428571,0.25,668.75,27,2.0125,0,0,0,0.584,0,0,0,0,0,0,77,4,119.595,1.55318181818182,30,956.56,21.9033333333333,158.98,1834,-2.00659209759853,2.40593849973993,-0.313754989310693,-0.827760932122276,-0.911555132037374,2,-2.00659209759853,2.40593849973993,PCA fallback; install run_umap or umap-learn for true UMAP
2023,gastrointestinal,1,1,1,0,358,36,9.8,0,0,0,0.584,0,0,0,47,47,1,77,4,119.595,1.55318181818182,30,956.56,21.9033333333333,158.98,1834,-1.96505615080077,2.37813021893284,-0.584142409342397,0.929088406489526,-0.714082527721642,2,-1.96505615080077,2.37813021893284,PCA fallback; install run_umap or umap-learn for true UMAP
2023,immunology,6,3,0.666666666666667,0,474.5,24,3.03333333333333,5,1,0,0.374,1.87,0,4,0,0,0,77,4,119.595,1.55318181818182,30,956.56,21.9033333333333,158.98,1834,0.0122962107011293,2.06786480482496,-0.533881301902182,-0.452750488143301,-1.34483501458969,2,0.0122962107011293,2.06786480482496,PCA fallback; install run_umap or umap-learn for true UMAP
2023,infectious,3,1,0.666666666666667,0.333333333333333,587.666666666667,28.3333333333333,-8.06666666666667,4,0,0,0.1875,0.75,1,3,308.3,328.35,6,77,4,119.595,1.55318181818182,30,956.56,21.9033333333333,158.98,1834,0.432549140434609,2.18722756026446,-1.47928500509745,0.490528685703156,2.46370303795735,2,0.432549140434609,2.18722756026446,PCA fallback; install run_umap or umap-learn for true UMAP
2023,metabolic,3,3,0.333333333333333,0.333333333333333,894.666666666667,39,0.166666666666667,4,2,1,4.1825,16.73,2,1,130,129.48,2,77,4,119.595,1.55318181818182,30,956.56,21.9033333333333,158.98,1834,2.21175635534458,1.71081328726183,-1.12444481640193,0.346602903769967,-1.49237824307428,2,2.21175635534458,1.71081328726183,PCA fallback; install run_umap or umap-learn for true UMAP
2023,neurology,7,4,0.142857142857143,0.714285714285714,589,31.4285714285714,-7.27142857142857,12,3,0,0.9425,11.31,3,7,319,318,2,77,4,119.595,1.55318181818182,30,956.56,21.9033333333333,158.98,1834,4.11837749640913,1.5038293702702,-1.50056813237213,-1.71149020223796,0.707530494994623,3,4.11837749640913,1.5038293702702,PCA fallback; install run_umap or umap-learn for true UMAP
2023,oncology,12,6,0.166666666666667,0.416666666666667,638.75,25.3333333333333,-2.875,26,4,1,0.601923076923077,15.65,9,17,265.7,267.39,1,77,4,119.595,1.55318181818182,30,956.56,21.9033333333333,158.98,1834,8.72716520692298,0.936021003337927,-1.61097705049066,-1.6020759070044,-1.44856706319453,3,8.72716520692298,0.936021003337927,PCA fallback; install run_umap or umap-learn for true UMAP
2023,ophthalmology,0,0,0.571428571428571,0.25,668.75,27,2.0125,1,1,1,6.27,6.27,0,0,0,0,0,77,4,119.595,1.55318181818182,30,956.56,21.9033333333333,158.98,1834,-0.489918384124265,2.21858264938653,-0.375301445661965,0.764612049003918,-3.07294751464899,2,-0.489918384124265,2.21858264938653,PCA fallback; install run_umap or umap-learn for true UMAP
2023,psychiatry,1,1,0,1,1847,39,-27,1,0,0,0.07,0.07,0,0,223,227.47,2,77,4,119.595,1.55318181818182,30,956.56,21.9033333333333,158.98,1834,0.316041296140316,1.93472397330935,-1.22669425780612,-4.10307055544903,2.78915811859175,2,0.316041296140316,1.93472397330935,PCA fallback; install run_umap or umap-learn for true UMAP
2023,rare_disease,2,1,0.5,0.5,600,32,-7.25,5,2,0,0.758,3.79,1,1,0,0,0,77,4,119.595,1.55318181818182,30,956.56,21.9033333333333,158.98,1834,0.0393469356722056,2.09066478950509,-0.512993640720579,-1.95616495451166,-1.12472394835904,2,0.0393469356722056,2.09066478950509,PCA fallback; install run_umap or umap-learn for true UMAP
2023,respiratory,4,2,0.25,0.5,289,23,-0.875,0,0,0,0.584,0,0,0,97,95.88,1,77,4,119.595,1.55318181818182,30,956.56,21.9033333333333,158.98,1834,-0.942363023071682,2.21226912937501,-0.562250137747105,-1.34236195924098,-0.0345149989786625,2,-0.942363023071682,2.21226912937501,PCA fallback; install run_umap or umap-learn for true UMAP
2024,cardiovascular,4,0,0.75,0,268,22.5,7,5,0,0,0.152,0.76,2,3,578,586.21,2,95,1,71.831,0.756115789473684,30,1019.32,24.2966666666667,169.81,1869,0.272871885317241,2.01656117264567,-2.37526471529955,1.98438732268111,2.01357307912334,2,0.272871885317241,2.01656117264567,PCA fallback; install run_umap or umap-learn for true UMAP
2024,dermatology,0,0,0.571428571428571,0.25,668.75,27,2.0125,0,0,0,0.584,0,0,0,0,0,0,95,1,71.831,0.756115789473684,30,1019.32,24.2966666666667,169.81,1869,-2.1255144655567,2.16506526314247,-1.12484281520698,-0.938266314422784,-1.09241828176581,2,-2.1255144655567,2.16506526314247,PCA fallback; install run_umap or umap-learn for true UMAP
2024,gastrointestinal,1,1,1,0,644,38,3.9,0,0,0,0.584,0,0,0,47,45.57,1,95,1,71.831,0.756115789473684,30,1019.32,24.2966666666667,169.81,1869,-1.87373888895751,2.08549506599759,-1.47536324161673,0.37071315296586,-0.595727007985575,2,-1.87373888895751,2.08549506599759,PCA fallback; install run_umap or umap-learn for true UMAP
2024,immunology,6,2,0.666666666666667,0.333333333333333,628.333333333333,25,0.55,4,1,0,0.875,3.5,2,1,0,0,0,95,1,71.831,0.756115789473684,30,1019.32,24.2966666666667,169.81,1869,-0.000267473583801918,1.75367309612248,-1.35796795234977,-1.09279337266948,-1.42968973385112,2,-0.000267473583801918,1.75367309612248,PCA fallback; install run_umap or umap-learn for true UMAP
2024,infectious,7,7,0.714285714285714,0.142857142857143,837.714285714286,38.1428571428571,4.84285714285714,4,0,0,0.385,1.54,1,3,275,299.15,6,95,1,71.831,0.756115789473684,30,1019.32,24.2966666666667,169.81,1869,1.51439891841136,1.43565187178522,-2.66953379168195,1.05406310702296,2.31966649605549,2,1.51439891841136,1.43565187178522,PCA fallback; install run_umap or umap-learn for true UMAP
2024,metabolic,1,0,0,0,239,18,2,1,0,0,0.14,0.14,0,1,135,136.37,2,95,1,71.831,0.756115789473684,30,1019.32,24.2966666666667,169.81,1869,-1.59060619952814,2.23856614777224,-1.36464926000827,-0.52267472946869,-0.130966053934997,2,-1.59060619952814,2.23856614777224,PCA fallback; install run_umap or umap-learn for true UMAP
2024,neurology,6,1,0.166666666666667,0.833333333333333,537.166666666667,20.5,-8.9,6,4,0,1.36166666666667,8.17,2,4,325,324.23,2,95,1,71.831,0.756115789473684,30,1019.32,24.2966666666667,169.81,1869,2.60733008330481,1.53825922439372,-2.09694472021211,-1.54607661386102,0.316530817694438,2,2.60733008330481,1.53825922439372,PCA fallback; install run_umap or umap-learn for true UMAP
2024,oncology,12,10,0.25,0.583333333333333,1021.41666666667,33.4166666666667,-6.84166666666667,26,6,1,0.778461538461539,20.24,9,14,270,265.52,1,95,1,71.831,0.756115789473684,30,1019.32,24.2966666666667,169.81,1869,9.94342149844086,0.284559513798935,-2.8030511307594,-2.1353759021463,-1.45452002400375,3,9.94342149844086,0.284559513798935,PCA fallback; install run_umap or umap-learn for true UMAP
2024,ophthalmology,0,0,0.571428571428571,0.25,668.75,27,2.0125,1,0,0,0.68,0.68,0,1,0,0,0,95,1,71.831,0.756115789473684,30,1019.32,24.2966666666667,169.81,1869,-1.90545359396676,2.14972434437987,-1.12752764581672,-0.945075615802125,-1.17311228185693,2,-1.90545359396676,2.14972434437987,PCA fallback; install run_umap or umap-learn for true UMAP
2024,psychiatry,0,0,0.571428571428571,0.25,668.75,27,2.0125,2,0,0,0.24,0.48,1,0,225,226.34,2,95,1,71.831,0.756115789473684,30,1019.32,24.2966666666667,169.81,1869,-1.22210016953106,2.10540285456341,-1.71867662381656,0.0252885585275917,0.634883169920012,2,-1.22210016953106,2.10540285456341,PCA fallback; install run_umap or umap-learn for true UMAP
2024,rare_disease,3,1,0.333333333333333,0.333333333333333,348.333333333333,26.6666666666667,-2.4,4,0,0,0.2425,0.97,1,2,0,0,0,95,1,71.831,0.756115789473684,30,1019.32,24.2966666666667,169.81,1869,-0.86547046703405,2.0023446048726,-1.14984897997256,-1.86926678095592,-1.10474399574618,2,-0.86547046703405,2.0023446048726,PCA fallback; install run_umap or umap-learn for true UMAP
2024,respiratory,2,1,1,0,276.5,29,12.95,2,0,0,0.045,0.09,1,1,98,96.98,1,95,1,71.831,0.756115789473684,30,1019.32,24.2966666666667,169.81,1869,-1.62076156550394,2.11185952434176,-1.44207049258904,1.07477313379169,-0.805869733553718,2,-1.62076156550394,2.11185952434176,PCA fallback; install run_umap or umap-learn for true UMAP
2025,cardiovascular,4,2,1,0,354.25,29,7.425,5,1,1,1.77,8.85,1,3,585,590.27,2,81,3,141.415,1.74586419753086,30,1096.55,23.1533333333333,182.76,1917,1.8354158275021,2.8575878701153,-1.90893892956545,3.25191077027864,1.01161746979663,2,1.8354158275021,2.8575878701153,PCA fallback; install run_umap or umap-learn for true UMAP
2025,dermatology,0,0,0.571428571428571,0.25,668.75,27,2.0125,1,0,0,0.14,0.14,1,0,0,0,0,81,3,141.415,1.74586419753086,30,1096.55,23.1533333333333,182.76,1917,-1.68392890722362,3.20684633692566,-0.491467786375208,-0.989451522225288,-0.885816577518022,2,-1.68392890722362,3.20684633692566,PCA fallback; install run_umap or umap-learn for true UMAP
2025,gastrointestinal,2,1,0.5,0.5,296.5,23.5,-2.8,0,0,0,0.584,0,0,0,47,47.59,1,81,3,141.415,1.74586419753086,30,1096.55,23.1533333333333,182.76,1917,-1.35410714499565,3.17176157020177,-0.583085375821959,-1.20283218708333,-0.404468743117152,2,-1.35410714499565,3.17176157020177,PCA fallback; install run_umap or umap-learn for true UMAP
2025,immunology,6,3,0.166666666666667,0.5,942.833333333333,25.8333333333333,-2.05,5,1,0,0.982,4.91,1,4,0,0,0,81,3,141.415,1.74586419753086,30,1096.55,23.1533333333333,182.76,1917,1.04201071982174,2.65926925170315,-0.766712335605996,-2.3141273441787,-0.925449538318664,2,1.04201071982174,2.65926925170315,PCA fallback; install run_umap or umap-learn for true UMAP
2025,infectious,4,3,0.75,0,1513.75,30.25,3.15,8,4,0,1.1025,8.82,0,6,263,283.75,6,81,3,141.415,1.74586419753086,30,1096.55,23.1533333333333,182.76,1917,2.78093106830245,2.5230850357152,-2.04629930523973,1.66175594741515,1.22807424223612,2,2.78093106830245,2.5230850357152,PCA fallback; install run_umap or umap-learn for true UMAP
2025,metabolic,2,0,0.5,0,188.5,12,4.3,2,1,1,3.24,6.48,0,2,140,143.41,2,81,3,141.415,1.74586419753086,30,1096.55,23.1533333333333,182.76,1917,-0.106047394291872,3.19656728211441,-0.745986463244819,1.66419308533882,-1.89142217988489,2,-0.106047394291872,3.19656728211441,PCA fallback; install run_umap or umap-learn for true UMAP
2025,neurology,4,4,0.5,0.25,1157.25,30.75,-3.6,4,0,0,0.425,1.7,3,1,331.5,335.23,2,81,3,141.415,1.74586419753086,30,1096.55,23.1533333333333,182.76,1917,1.24615123541085,2.65883395669791,-1.65891815359176,-0.413334621491407,1.88796481650772,2,1.24615123541085,2.65883395669791,PCA fallback; install run_umap or umap-learn for true UMAP
2025,oncology,11,6,0.545454545454545,0.454545454545455,600.727272727273,28.7272727272727,-2.58181818181818,18,4,0,0.612222222222222,11.02,5,10,275,278.6,1,81,3,141.415,1.74586419753086,30,1096.55,23.1533333333333,182.76,1917,5.86106570765142,2.03881487960483,-1.75577525528932,-1.12771787647745,-0.273186069942502,3,5.86106570765142,2.03881487960483,PCA fallback; install run_umap or umap-learn for true UMAP
2025,ophthalmology,0,0,0.571428571428571,0.25,668.75,27,2.0125,0,0,0,0.584,0,0,0,0,0,0,81,3,141.415,1.74586419753086,30,1096.55,23.1533333333333,182.76,1917,-1.91100166920316,3.23404255845551,-0.475907560356564,-0.858269110507877,-0.92407852913443,2,-1.91100166920316,3.23404255845551,PCA fallback; install run_umap or umap-learn for true UMAP
2025,psychiatry,3,2,0.333333333333333,0.666666666666667,1349.33333333333,28,-6.1,1,0,0,0.36,0.36,0,0,227.5,223.01,2,81,3,141.415,1.74586419753086,30,1096.55,23.1533333333333,182.76,1917,-0.0487325142162753,2.82967083149215,-1.28762981643956,-1.57870193862693,1.70634750837977,2,-0.0487325142162753,2.82967083149215,PCA fallback; install run_umap or umap-learn for true UMAP
2025,rare_disease,4,1,0.75,0.25,948.75,22.75,7.85,5,1,1,1.384,6.92,1,4,0,0,0,81,3,141.415,1.74586419753086,30,1096.55,23.1533333333333,182.76,1917,0.648563107177304,2.8558403437692,-0.655850339563013,0.188213126995093,-2.30322915985819,2,0.648563107177304,2.8558403437692,PCA fallback; install run_umap or umap-learn for true UMAP
2025,respiratory,0,0,0.571428571428571,0.25,668.75,27,2.0125,1,0,0,0.03,0.03,0,1,99,97.12,1,81,3,141.415,1.74586419753086,30,1096.55,23.1533333333333,182.76,1917,-1.50337302463695,3.2212903503741,-0.734180871078293,-0.503408130431511,-0.0677523504617712,2,-1.50337302463695,3.2212903503741,PCA fallback; install run_umap or umap-learn for true UMAP
2026,cardiovascular,0,0,0.571428571428571,0.25,668.75,27,2.0125,1,0,0,0.34,0.34,1,0,592,596.22,2,6,0,0.652,0.108666666666667,30,1134.88,22.44,189.89,1938,-1.06690662661273,1.90168295556484,-4.95992254861703,0.936473761844649,2.14808453750521,2,-1.06690662661273,1.90168295556484,PCA fallback; install run_umap or umap-learn for true UMAP
2026,dermatology,0,0,0.571428571428571,0.25,668.75,27,2.0125,0,0,0,0.584,0,0,0,0,0,0,6,0,0.652,0.108666666666667,30,1134.88,22.44,189.89,1938,-2.66304498256467,1.99811187576461,-3.68003840389141,-1.14970105556022,-1.6260543472004,2,-2.66304498256467,1.99811187576461,PCA fallback; install run_umap or umap-learn for true UMAP
2026,gastrointestinal,0,0,0.571428571428571,0.25,668.75,27,2.0125,1,0,0,0.18,0.18,0,0,47,46.8,1,6,0,0.652,0.108666666666667,30,1134.88,22.44,189.89,1938,-2.45817622185493,1.99383958027993,-3.84404426295375,-0.889750047601754,-1.06505391207791,2,-2.45817622185493,1.99383958027993,PCA fallback; install run_umap or umap-learn for true UMAP
2026,immunology,0,0,0.571428571428571,0.25,668.75,27,2.0125,0,0,0,0.584,0,0,0,0,0,0,6,0,0.652,0.108666666666667,30,1134.88,22.44,189.89,1938,-2.66304498256467,1.99811187576461,-3.68003840389141,-1.14970105556022,-1.6260543472004,2,-2.66304498256467,1.99811187576461,PCA fallback; install run_umap or umap-learn for true UMAP
2026,infectious,1,0,1,0,301,12,-3.1,0,0,0,0.584,0,0,0,251,271.89,6,6,0,0.652,0.108666666666667,30,1134.88,22.44,189.89,1938,-2.08996401463851,2.16074284319993,-4.47868646237851,1.91214211571442,0.724687947783701,2,-2.08996401463851,2.16074284319993,PCA fallback; install run_umap or umap-learn for true UMAP
2026,metabolic,0,0,0.571428571428571,0.25,668.75,27,2.0125,1,1,1,7.05,7.05,0,0,145,143.02,2,6,0,0.652,0.108666666666667,30,1134.88,22.44,189.89,1938,-0.646925270561121,1.78044752873237,-4.16896674753155,1.44822260053218,-2.68909128664774,2,-0.646925270561121,1.78044752873237,PCA fallback; install run_umap or umap-learn for true UMAP
2026,neurology,0,0,0.571428571428571,0.25,668.75,27,2.0125,0,0,0,0.584,0,0,0,338,335.98,2,6,0,0.652,0.108666666666667,30,1134.88,22.44,189.89,1938,-1.8501103545037,1.96167806566295,-4.4628088987358,0.263854067097052,0.727323955608933,2,-1.8501103545037,1.96167806566295,PCA fallback; install run_umap or umap-learn for true UMAP
2026,oncology,1,1,1,0,559,20,-0.8,4,0,0,0.2675,1.07,1,1,280,281.08,1,6,0,0.652,0.108666666666667,30,1134.88,22.44,189.89,1938,-1.44599699524555,1.95753126536583,-4.31659228928045,0.701981404271523,-0.18025955075724,2,-1.44599699524555,1.95753126536583,PCA fallback; install run_umap or umap-learn for true UMAP
2026,ophthalmology,0,0,0.571428571428571,0.25,668.75,27,2.0125,0,0,0,0.584,0,0,0,0,0,0,6,0,0.652,0.108666666666667,30,1134.88,22.44,189.89,1938,-2.66304498256467,1.99811187576461,-3.68003840389141,-1.14970105556022,-1.6260543472004,2,-2.66304498256467,1.99811187576461,PCA fallback; install run_umap or umap-learn for true UMAP
2026,psychiatry,0,0,0.571428571428571,0.25,668.75,27,2.0125,0,0,0,0.584,0,0,0,230,235.23,2,6,0,0.652,0.108666666666667,30,1134.88,22.44,189.89,1938,-2.06693219185105,1.97334721554403,-4.26781472427508,-0.0452606822559373,0.146968380407505,2,-2.06693219185105,1.97334721554403,PCA fallback; install run_umap or umap-learn for true UMAP
2026,rare_disease,2,1,1,0,664,29.5,6.6,0,0,0,0.584,0,0,0,0,0,0,6,0,0.652,0.108666666666667,30,1134.88,22.44,189.89,1938,-2.58698986305951,1.93115519749154,-3.81035475652385,0.0839334068332573,-1.80281695455221,2,-2.58698986305951,1.93115519749154,PCA fallback; install run_umap or umap-learn for true UMAP
2026,respiratory,0,0,0.571428571428571,0.25,668.75,27,2.0125,0,0,0,0.584,0,0,0,100,99.91,1,6,0,0.652,0.108666666666667,30,1134.88,22.44,189.89,1938,-2.39890204590523,1.98757049827527,-3.9433931063433,-0.64596486182959,-0.830398206491485,2,-2.39890204590523,1.98757049827527,PCA fallback; install run_umap or umap-learn for true UMAP
