component,explained_variance_ratio,cumulative_explained_variance_ratio
1,0.22078191318474463,0.22078191318474463
2,0.1437821168618923,0.36456403004663696
3,0.05414779132641872,0.4187118213730557
4,0.05196772256505864,0.47067954393811434
5,0.040331002197077255,0.5110105461351916
6,0.03087919556750691,0.5418897417026985
7,0.027899454257147533,0.5697891959598461
8,0.023265588785244685,0.5930547847450908
9,0.017765416939521054,0.6108202016846118
10,0.013425154054061115,0.6242453557386729
11,0.01174112757809057,0.6359864833167634
12,0.010472830856640407,0.6464593141734039
13,0.009351480745939755,0.6558107949193436
14,0.008663790856230773,0.6644745857755744
15,0.008189493104307275,0.6726640788798817
16,0.007498089851433694,0.6801621687313154
17,0.006743647367773082,0.6869058160990885
18,0.006647866198465289,0.6935536822975538
19,0.006432730235153351,0.6999864125327071
20,0.006133005559548281,0.7061194180922554
21,0.0055071055750545396,0.7116265236673099
22,0.005211697936799267,0.7168382216041093
23,0.0048012663988023655,0.7216394880029117
24,0.004657251539090616,0.7262967395420022
25,0.004611614761104764,0.730908354303107
26,0.004280620414096552,0.7351889747172036
27,0.004194534771162751,0.7393835094883663
28,0.004097109046292217,0.7434806185346585
29,0.004041521089317482,0.747522139623976
30,0.003843406397590378,0.7513655460215664
31,0.0037506006307979844,0.7551161466523644
32,0.003557437952311778,0.7586735846046762
33,0.0035491510705065953,0.7622227356751827
34,0.003490767102592338,0.7657135027777751
35,0.003358835105760783,0.7690723378835358
36,0.003305797968961288,0.772378135852497
37,0.003164353078453165,0.7755424889309502
38,0.003097687773966455,0.7786401767049167
39,0.003004703998137818,0.7816448807030545
40,0.0028831572909156066,0.7845280379939701
41,0.0028550058842027816,0.7873830438781728
42,0.0027409862098242734,0.7901240300879971
43,0.0027138186975709175,0.7928378487855681
44,0.0026071855606727076,0.7954450343462408
45,0.002490300870566842,0.7979353352168077
46,0.002460203562703009,0.8003955387795108
47,0.002412968875785384,0.8028085076552961
48,0.0023710694127589806,0.8051795770680551
49,0.002324899745661569,0.8075044768137166
50,0.002319697311852537,0.8098241741255692
51,0.002248677364482304,0.8120728514900515
52,0.0021973845144331967,0.8142702360044847
53,0.002123536577020301,0.8163937725815049
54,0.0020953010381531034,0.8184890736196581
55,0.00204629753108131,0.8205353711507394
56,0.0019949319857366613,0.822530303136476
57,0.0019722405347339903,0.82450254367121
58,0.0019485207069869694,0.8264510643781969
59,0.0018974358552404813,0.8283485002334374
60,0.0018417170594557091,0.8301902172928931
61,0.0018151961899903098,0.8320054134828834
62,0.0017893246082637565,0.8337947380911471
63,0.0017697672534294955,0.8355645053445766
64,0.0017298410436871806,0.8372943463882638
65,0.001680301033422192,0.838974647421686
66,0.0016573237568907756,0.8406319711785768
67,0.0016024414133558448,0.8422344125919327
68,0.0015796625208285627,0.8438140751127612
69,0.0015559095238207798,0.845369984636582
70,0.0015314495667101196,0.8469014342032921
71,0.0015042238709363372,0.8484056580742284
72,0.0015027832627918392,0.8499084413370203
73,0.0014628095093710423,0.8513712508463913
74,0.0014227507003920284,0.8527940015467833
75,0.0014057851171379147,0.8541997866639213
76,0.0013727566505712498,0.8555725433144925
77,0.00134595689438572,0.8569185002088783
78,0.0013396330906245723,0.8582581332995028
79,0.0013160258313155322,0.8595741591308184
80,0.0013040417265149087,0.8608782008573332
81,0.0012823604266222442,0.8621605612839555
82,0.00126791593079348,0.8634284772147489
83,0.0012609177384814499,0.8646893949532304
84,0.001233217890027909,0.8659226128432583
85,0.0012106960441106188,0.867133308887369
86,0.0011914618517867303,0.8683247707391557
87,0.0011794499623175843,0.8695042207014733
88,0.0011737783480193914,0.8706779990494926
89,0.0011356284314092077,0.8718136274809019
90,0.0011327417495415996,0.8729463692304434
91,0.0011146970687495295,0.874061066299193
92,0.001100041876392189,0.8751611081755852
93,0.0010792804178819315,0.8762403885934672
94,0.0010681786537036398,0.8773085672471709
95,0.0010540569011483827,0.8783626241483192
96,0.0010454218224221535,0.8794080459707414
97,0.0010219655152107444,0.8804300114859521
98,0.0010119403889256003,0.8814419518748777
99,0.0009939148139549614,0.8824358666888327
100,0.0009634504377972163,0.8833993171266299
101,0.0009584001474644106,0.8843577172740943
102,0.000946152329337926,0.8853038696034322
103,0.0009386662446183857,0.8862425358480506
104,0.0009317684989591423,0.8871743043470097
105,0.0009094358815959158,0.8880837402286056
106,0.0009040802810384544,0.8889878205096441
107,0.0008852184286291948,0.8898730389382733
108,0.0008738012212643546,0.8907468401595376
109,0.0008653868128674842,0.8916122269724052
110,0.0008605930484244957,0.8924728200208296
111,0.0008463734198224727,0.8933191934406521
112,0.0008331836207679461,0.89415237706142
113,0.0008234391327409108,0.894975816194161
114,0.0008223821242893897,0.8957981983184504
115,0.000817629283740412,0.8966158276021908
116,0.0008016752564522465,0.8974175028586431
117,0.0008005439841353923,0.8982180468427785
118,0.0007933734509010774,0.8990114202936795
119,0.0007834389051542728,0.8997948591988338
120,0.0007714635904061356,0.90056632278924
121,0.0007659257589270514,0.9013322485481671
122,0.0007597260808840489,0.9020919746290511
123,0.0007531223981811444,0.9028450970272323
124,0.0007446587277089832,0.9035897557549413
125,0.0007340445475386208,0.9043238003024799
126,0.0007268852635011745,0.9050506855659811
127,0.0007214546339967651,0.9057721401999779
128,0.0007087288133447889,0.9064808690133227
129,0.0006985580907501848,0.9071794271040728
130,0.0006966598438061699,0.907876086947879
131,0.0006843363096469728,0.908560423257526
132,0.0006795903208310743,0.909240013578357
133,0.0006650684287953754,0.9099050820071524
134,0.0006638880942252446,0.9105689701013776
135,0.0006605794999962265,0.9112295496013738
136,0.0006554011603892513,0.911884950761763
137,0.0006481256818089722,0.912533076443572
138,0.0006417101570528293,0.9131747866006248
139,0.0006368425497240847,0.9138116291503489
140,0.0006279418258343123,0.9144395709761832
141,0.0006251599043343106,0.9150647308805175
142,0.0006162047190842642,0.9156809355996018
143,0.0006126497521530444,0.9162935853517549
144,0.0006083511726638087,0.9169019365244186
145,0.0006020115181912079,0.9175039480426098
146,0.0005913844289093653,0.9180953324715192
147,0.0005843472092029175,0.9186796796807221
148,0.0005816501498467983,0.9192613298305689
149,0.0005750818416511564,0.91983641167222
150,0.0005642209090348387,0.9204006325812548
151,0.0005618621065769779,0.9209624946878318
152,0.0005601206727176447,0.9215226153605494
153,0.0005565897875038719,0.9220792051480532
154,0.0005517615979968564,0.92263096674605
155,0.0005457079625433553,0.9231766747085934
156,0.0005425862664003801,0.9237192609749938
157,0.0005356296499612122,0.924254890624955
158,0.0005321785497976656,0.9247870691747527
159,0.0005262207570722719,0.925313289931825
160,0.0005187058335804906,0.9258319957654055
161,0.0005127641846276004,0.9263447599500332
162,0.0005094249413894423,0.9268541848914226
163,0.0005033589817229048,0.9273575438731455
164,0.0005001284646858523,0.9278576723378313
165,0.0004972641334750049,0.9283549364713063
166,0.0004924791102939865,0.9288474155816003
167,0.0004871470216264313,0.9293345626032268
168,0.00048247586802694584,0.9298170384712537
169,0.0004760937253434051,0.9302931321965972
170,0.00047240827446438265,0.9307655404710615
171,0.0004709203136056383,0.9312364607846672
172,0.0004660834627755025,0.9317025442474427
173,0.0004591626599559259,0.9321617069073986
174,0.0004563080163076268,0.9326180149237062
175,0.00045456321432589937,0.9330725781380321
176,0.00045282176178731894,0.9335253998998194
177,0.0004472775554674818,0.9339726774552869
178,0.0004441555871155189,0.9344168330424024
179,0.0004405941769784655,0.9348574272193809
180,0.0004381954598414011,0.9352956226792223
181,0.0004346649027485169,0.9357302875819709
182,0.00043048877826041415,0.9361607763602313
183,0.00042542341794731903,0.9365861997781786
184,0.0004223454232705899,0.9370085452014492
185,0.00041733516922849527,0.9374258803706776
186,0.0004156174269918798,0.9378414977976696
187,0.00041234505796598807,0.9382538428556355
188,0.0004084084777572987,0.9386622513333928
189,0.00040332742269793263,0.9390655787560906
190,0.0004028243294072419,0.9394684030854978
191,0.0003977335121361855,0.9398661365976341
192,0.000396051695372034,0.9402621882930061
193,0.0003939126491204782,0.9406561009421266
194,0.0003904530831762081,0.9410465540253028
195,0.0003880705591427044,0.9414346245844455
196,0.00038112897655094585,0.9418157535609964
197,0.00037875681323658826,0.9421945103742331
198,0.0003767230355966381,0.9425712334098297
199,0.00037561794309948313,0.9429468513529292
200,0.0003743028262814818,0.9433211541792107
201,0.0003709274290233375,0.943692081608234
202,0.00036918772257176326,0.9440612693308058
203,0.0003662675600614766,0.9444275368908673
204,0.0003641308365846366,0.9447916677274519
205,0.00036109164028448826,0.9451527593677365
206,0.00035595352670840324,0.9455087128944448
207,0.00035370102546747285,0.9458624139199123
208,0.00034881410369604104,0.9462112280236084
209,0.0003483759210691501,0.9465596039446775
210,0.0003459547226477899,0.9469055586673253
211,0.00034418334719614734,0.9472497420145214
212,0.0003433516433253391,0.9475930936578467
213,0.00034038957439786133,0.9479334832322446
214,0.00033440700561458106,0.9482678902378592
215,0.00033280293337219295,0.9486006931712314
216,0.0003314307556255109,0.9489321239268569
217,0.00032876555958489195,0.9492608894864418
218,0.00032786526240961427,0.9495887547488514
219,0.0003240778403922418,0.9499128325892436
220,0.00032281025546529267,0.950235642844709
221,0.0003195969772293265,0.9505552398219382
222,0.00031704695481510315,0.9508722867767533
223,0.0003151655928817084,0.951187452369635
224,0.00031339465026383615,0.9515008470198988
225,0.00031048539949457565,0.9518113324193934
226,0.0003085561936044974,0.9521198886129979
227,0.0003042196356997102,0.9524241082486976
228,0.0003026129694618298,0.9527267212181595
229,0.0003014376615307785,0.9530281588796903
230,0.0003001791398044472,0.9533283380194947
231,0.00029709604962092483,0.9536254340691156
232,0.00029542957336028573,0.9539208636424759
233,0.00029342322233525113,0.9542142868648111
234,0.0002901112946900453,0.9545043981595012
235,0.00028794471248433135,0.9547923428719854
236,0.00028639571510236534,0.9550787385870878
237,0.0002848498368345554,0.9553635884239223
238,0.000280810781325705,0.955644399205248
239,0.00027966945541180687,0.9559240686606598
240,0.00027802120139528834,0.9562020898620551
241,0.00027620745133806793,0.9564782973133932
242,0.0002712092254961426,0.9567495065388893
243,0.00026932181307064753,0.95701882835196
244,0.0002686049977724959,0.9572874333497324
245,0.00026809546703658826,0.957555528816769
246,0.00026511488218473487,0.9578206436989537
247,0.00026352440784480476,0.9580841681067985
248,0.00026259839865566204,0.9583467665054541
249,0.0002620908286517394,0.9586088573341058
250,0.0002580793868191993,0.958866936720925
251,0.0002573747479255949,0.9591243114688507
252,0.0002561102664739115,0.9593804217353246
253,0.0002529499161072151,0.9596333716514318
254,0.00025185548650744343,0.9598852271379392
255,0.00025064617926932176,0.9601358733172085
256,0.0002498319064330332,0.9603857052236415
257,0.0002486946419346835,0.9606343998655762
258,0.0002473243597122498,0.9608817242252884
259,0.0002458891006929987,0.9611276133259814
260,0.00024390384535718252,0.9613715171713386
261,0.0002433915013664055,0.961614908672705
262,0.00024069857594354914,0.9618556072486486
263,0.00023885112828385266,0.9620944583769324
264,0.00023641241265165164,0.962330870789584
265,0.00023582569285219933,0.9625666964824362
266,0.00023411875331768832,0.9628008152357539
267,0.00023340786459355038,0.9630342231003475
268,0.00023171895341764275,0.9632659420537651
269,0.0002300685888715278,0.9634960106426367
270,0.00022965506085523277,0.9637256657034919
271,0.00022862498495769234,0.9639542906884496
272,0.00022563988213045427,0.96417993057058
273,0.00022504106916420089,0.9644049716397443
274,0.00022358739836092348,0.9646285590381052
275,0.0002228063803983829,0.9648513654185036
276,0.00022001637598970686,0.9650713817944933
277,0.0002191152846001274,0.9652904970790934
278,0.00021839323707591627,0.9655088903161694
279,0.00021734058849869143,0.965726230904668
280,0.0002151559326190271,0.965941386837287
281,0.00021215075807975268,0.9661535375953668
282,0.00021155770539722486,0.9663650953007641
283,0.0002104562302927077,0.9665755515310568
284,0.00020971359069374892,0.9667852651217506
285,0.00020692979439867012,0.9669921949161492
286,0.0002061830850313604,0.9671983780011806
287,0.00020486575037206782,0.9674032437515526
288,0.00020448939828330372,0.967607733149836
289,0.0002032615983961218,0.9678109947482321
290,0.00020115980925603205,0.9680121545574881
291,0.00020028863586969922,0.9682124431933579
292,0.00020007778364799017,0.9684125209770058
293,0.00019918908153520102,0.968611710058541
294,0.00019740388205377057,0.9688091139405948
295,0.0001953924580564555,0.9690045063986512
296,0.00019518087702845795,0.9691996872756796
297,0.00019305631199098664,0.9693927435876706
298,0.00019239719369314406,0.9695851407813637
299,0.00019164732045907147,0.9697767881018228
300,0.0001908250220410284,0.9699676131238638
301,0.0001897058064428362,0.9701573189303067
302,0.0001882978641247585,0.9703456167944314
303,0.00018605044560460966,0.970531667240036
304,0.00018503030536752853,0.9707166975454036
305,0.00018388961470389476,0.9709005871601075
306,0.0001836770852184073,0.9710842642453259
307,0.00018259845811604316,0.971266862703442
308,0.0001811254331127647,0.9714479881365548
309,0.0001806034987409309,0.9716285916352957
310,0.00017909300992236907,0.971807684645218
311,0.00017792598069322035,0.9719856106259113
312,0.0001774895633217254,0.972163100189233
313,0.0001759070602951343,0.9723390072495282
314,0.00017526944563971201,0.9725142766951679
315,0.00017481059000131236,0.9726890872851692
316,0.00017394270624513983,0.9728630299914144
317,0.0001722612039139655,0.9730352911953284
318,0.00017032006607124834,0.9732056112613996
319,0.0001697057808804688,0.9733753170422801
320,0.0001691606912379404,0.973544477733518
321,0.00016826444073845184,0.9737127421742565
322,0.00016667770826914806,0.9738794198825257
323,0.00016598496476297054,0.9740454048472886
324,0.00016438747255790055,0.9742097923198465
325,0.00016355790225490744,0.9743733502221014
326,0.00016175912941035839,0.9745351093515118
327,0.0001609078648256725,0.9746960172163375
328,0.00016039867458079519,0.9748564158909183
329,0.0001586569264763776,0.9750150728173947
330,0.0001575622962592345,0.9751726351136539
331,0.00015633039620752866,0.9753289655098615
332,0.00015576896819250108,0.975484734478054
333,0.00015485928806450603,0.9756395937661184
334,0.00015412556689602515,0.9757937193330144
335,0.0001528653795904205,0.9759465847126049
336,0.0001518471874884901,0.9760984319000934
337,0.00015104332059647825,0.9762494752206898
338,0.0001499687178134006,0.9763994439385032
339,0.000149290745769571,0.9765487346842727
340,0.00014835173967332114,0.976697086423946
341,0.00014800151152611645,0.9768450879354722
342,0.00014686167058605096,0.9769919496060583
343,0.0001465684534616845,0.97713851805952
344,0.00014506263467876302,0.9772835806941987
345,0.00014375259910164937,0.9774273332933003
346,0.00014330908002325548,0.9775706423733236
347,0.00014297315977765244,0.9777136155331012
348,0.00014130659405562075,0.9778549221271569
349,0.0001406006962149139,0.9779955228233718
350,0.00014039394157536991,0.9781359167649472
351,0.00013883205415081586,0.9782747488190979
352,0.00013797970486116836,0.9784127285239591
353,0.00013775245108376018,0.9785504809750428
354,0.00013699684823311375,0.9786874778232759
355,0.0001359775893371566,0.9788234554126131
356,0.00013514412945829748,0.9789585995420713
357,0.00013479248965523732,0.9790933920317265
358,0.00013412007747596634,0.9792275121092024
359,0.0001331566974036048,0.9793606688066061
360,0.00013215861290672795,0.9794928274195128
361,0.0001313514576010513,0.9796241788771138
362,0.00013062946175970518,0.9797548083388735
363,0.00012995876203180368,0.9798847671009053
364,0.0001294007798907677,0.9800141678807961
365,0.00012851827342184565,0.980142686154218
366,0.00012807763446355658,0.9802707637886815
367,0.00012691007173381392,0.9803976738604153
368,0.0001259647788996033,0.9805236386393149
369,0.00012580313125458236,0.9806494417705695
370,0.00012554109010215052,0.9807749828606716
371,0.00012386475496916035,0.9808988476156407
372,0.00012353496896180387,0.9810223825846025
373,0.00012318569123665008,0.9811455682758392
374,0.00012205877739763731,0.9812676270532369
375,0.00012181949500171915,0.9813894465482386
376,0.00012091693182318234,0.9815103634800617
377,0.00011974912764794871,0.9816301126077096
378,0.00011913349087626452,0.9817492460985858
379,0.0001182703679901143,0.981867516466576
380,0.00011787927808428192,0.9819853957446603
381,0.00011747763200069613,0.9821028733766609
382,0.00011643047979282185,0.9822193038564537
383,0.00011617168259749399,0.9823354755390512
384,0.00011565556993394755,0.9824511311089852
385,0.00011478926649179777,0.982565920375477
386,0.00011450148755414295,0.9826804218630311
387,0.00011411027749487426,0.9827945321405259
388,0.0001130646833990887,0.982907596823925
389,0.00011277974078077633,0.9830203765647058
390,0.00011161400071810944,0.9831319905654239
391,0.00011152487786382783,0.9832435154432877
392,0.00011057255432427894,0.9833540879976119
393,0.00011012100641018838,0.9834642090040221
394,0.00010962185602459661,0.9835738308600467
395,0.00010888171261879899,0.9836827125726655
396,0.00010883593971359895,0.983791548512379
397,0.00010798766648211644,0.9838995361788612
398,0.00010708588481466988,0.9840066220636758
399,0.00010647874340745656,0.9841131008070833
400,0.00010551348937816355,0.9842186142964614
401,0.00010485644612734329,0.9843234707425887
402,0.00010462856296163051,0.9844280993055504
403,0.0001032700053463536,0.9845313693108968
404,0.0001028814338540228,0.9846342507447509
405,0.00010251841306378922,0.9847367691578146
406,0.00010195275753500631,0.9848387219153496
407,0.00010125443272511864,0.9849399763480747
408,0.0001008672340864437,0.9850408435821612
409,9.966842905011599e-05,0.9851405120112112
410,9.931179094221701e-05,0.9852398238021535
411,9.872902373629713e-05,0.9853385528258898
412,9.829743657953646e-05,0.9854368502624693
413,9.736805782781707e-05,0.9855342183202971
414,9.703024416989657e-05,0.9856312485644669
415,9.684193517072267e-05,0.9857280904996376
416,9.622420047020365e-05,0.9858243147001078
417,9.603450667890158e-05,0.9859203492067867
418,9.527180027160153e-05,0.9860156210070583
419,9.493326083219729e-05,0.9861105542678905
420,9.428415061721805e-05,0.9862048384185077
421,9.401030774742633e-05,0.9862988487262552
422,9.369282882487379e-05,0.98639254155508
423,9.279132320109604e-05,0.9864853328782811
424,9.271858349391957e-05,0.986578051461775
425,9.233366178127771e-05,0.9866703851235563
426,9.173287086044606e-05,0.9867621179944167
427,9.149969782182167e-05,0.9868536176922386
428,9.085421767288659e-05,0.9869444719099114
429,8.98379345150748e-05,0.9870343098444265
430,8.946093049059693e-05,0.9871237707749171
431,8.92395496765874e-05,0.9872130103245936
432,8.842024836200239e-05,0.9873014305729556
433,8.82400808446098e-05,0.9873896706538002
434,8.79715760317872e-05,0.987477642229832
435,8.68057996811505e-05,0.9875644480295132
436,8.628269618784583e-05,0.987650730725701
437,8.611597512293873e-05,0.987736846700824
438,8.571431181626756e-05,0.9878225610126402
439,8.518094919832306e-05,0.9879077419618385
440,8.465079658146318e-05,0.98799239275842
441,8.419267448570887e-05,0.9880765854329057
442,8.4092382200831e-05,0.9881606778151065
443,8.330874082065743e-05,0.9882439865559272
444,8.311148557923997e-05,0.9883270980415064
445,8.222688366586347e-05,0.9884093249251723
446,8.206813083619155e-05,0.9884913930560085
447,8.077437138978581e-05,0.9885721674273983
448,8.058189375345161e-05,0.9886527493211518
449,8.044978933015242e-05,0.988733199110482
450,8.015820493432816e-05,0.9888133573154163
451,7.917352714957851e-05,0.9888925308425659
452,7.880278122713861e-05,0.9889713336237931
453,7.830717251491888e-05,0.989049640796308
454,7.823164280042425e-05,0.9891278724391084
455,7.777236049772007e-05,0.9892056447996062
456,7.719553248837542e-05,0.9892828403320946
457,7.671536536791963e-05,0.9893595556974625
458,7.609296803963138e-05,0.9894356486655022
459,7.595366768568655e-05,0.9895116023331878
460,7.542643587219559e-05,0.98958702876906
461,7.474634177632934e-05,0.9896617751108363
462,7.420292891252015e-05,0.9897359780397488
463,7.392590572803067e-05,0.9898099039454769
464,7.360204562762363e-05,0.9898835059911045
465,7.326046330072751e-05,0.9899567664544052
466,7.296326303253785e-05,0.9900297297174377
467,7.236231850896066e-05,0.9901020920359467
468,7.207783764884985e-05,0.9901741698735955
469,7.173336413962482e-05,0.9902459032377351
470,7.126893116435444e-05,0.9903171721688995
471,7.107341420562205e-05,0.9903882455831051
472,7.037997408714124e-05,0.9904586255571922
473,6.942838668207927e-05,0.9905280539438743
474,6.923010313877207e-05,0.9905972840470131
475,6.890234446008331e-05,0.9906661863914732
476,6.875808127761487e-05,0.9907349444727508
477,6.833281609465401e-05,0.9908032772888454
478,6.773692128462503e-05,0.99087101421013
479,6.745890674696915e-05,0.990938473116877
480,6.718442800747127e-05,0.9910056575448845
481,6.692670141208002e-05,0.9910725842462965
482,6.673398688594388e-05,0.9911393182331825
483,6.650601015223702e-05,0.9912058242433347
484,6.622833314747889e-05,0.9912720525764822
485,6.568389332230244e-05,0.9913377364698045
486,6.521666175221395e-05,0.9914029531315567
487,6.474110568619072e-05,0.9914676942372429
488,6.463724515708247e-05,0.9915323314823999
489,6.434124383876134e-05,0.9915966727262387
490,6.369884757755843e-05,0.9916603715738163
491,6.348040644367693e-05,0.9917238519802599
492,6.324508281343503e-05,0.9917870970630733
493,6.236027338426155e-05,0.9918494573364576
494,6.208531096071258e-05,0.9919115426474183
495,6.194194858691447e-05,0.9919734845960052
496,6.166329332789168e-05,0.9920351478893331
497,6.140349267175003e-05,0.9920965513820048
498,6.0945258689007715e-05,0.9921574966406939
499,6.052796478481811e-05,0.9922180246054787
500,6.022062280454688e-05,0.9922782452282832
501,5.9744730455720124e-05,0.9923379899587389
502,5.959109775077041e-05,0.9923975810564897
503,5.9374309727931404e-05,0.9924569553662176
504,5.885211218939287e-05,0.992515807478407
505,5.878441702450033e-05,0.9925745918954314
506,5.84399707108414e-05,0.9926330318661423
507,5.787641015463092e-05,0.9926909082762969
508,5.741371402560169e-05,0.9927483219903225
509,5.7095658979913085e-05,0.9928054176493024
510,5.6906303330686713e-05,0.9928623239526331
511,5.655060317645366e-05,0.9929188745558095
512,5.6364569639085e-05,0.9929752391254486
513,5.60647557577631e-05,0.9930313038812064
514,5.521693303640047e-05,0.9930865208142429
515,5.506940866983273e-05,0.9931415902229127
516,5.4657974919655234e-05,0.9931962481978324
517,5.446483284628102e-05,0.9932507130306787
518,5.4260179722369344e-05,0.993304973210401
519,5.397094791658521e-05,0.9933589441583176
520,5.3892472070464084e-05,0.993412836630388
521,5.340660373909125e-05,0.9934662432341271
522,5.320607345352092e-05,0.9935194493075806
523,5.2601004802549234e-05,0.9935720503123832
524,5.2449128071094405e-05,0.9936244994404543
525,5.214572117100285e-05,0.9936766451616252
526,5.179643378092872e-05,0.9937284415954062
527,5.169399223138761e-05,0.9937801355876376
528,5.127226474459519e-05,0.9938314078523821
529,5.087675554471226e-05,0.9938822846079268
530,5.072647869264908e-05,0.9939330110866195
531,5.048870648858414e-05,0.9939834997931081
532,5.007984839241784e-05,0.9940335796415005
533,4.9800080174596025e-05,0.9940833797216752
534,4.9248664664968294e-05,0.9941326283863401
535,4.9027046828385194e-05,0.9941816554331685
536,4.876154140746511e-05,0.9942304169745759
537,4.846293055771849e-05,0.9942788799051336
538,4.8198133123327325e-05,0.9943270780382569
539,4.778921976181509e-05,0.9943748672580187
540,4.738645408978276e-05,0.9944222537121085
541,4.7292930986493545e-05,0.994469546643095
542,4.692348244496721e-05,0.9945164701255399
543,4.672521992227565e-05,0.9945631953454622
544,4.658314316908614e-05,0.9946097784886313
545,4.650004913720768e-05,0.9946562785377685
546,4.6065790852181364e-05,0.9947023443286207
547,4.5856396531798454e-05,0.9947482007251525
548,4.554507253715474e-05,0.9947937457976896
549,4.522262218030059e-05,0.99483896841987
550,4.4899995410340686e-05,0.9948838684152803
551,4.480786667057664e-05,0.9949286762819509
552,4.452522267222306e-05,0.9949732015046231
553,4.406188385255149e-05,0.9950172633884756
554,4.3945742264365966e-05,0.99506120913074
555,4.3726072870773774e-05,0.9951049352036108
556,4.3546601476485506e-05,0.9951484818050873
557,4.341783099635501e-05,0.9951918996360837
558,4.29054221053674e-05,0.9952348050581891
559,4.272378950914894e-05,0.9952775288476983
560,4.2527090351038494e-05,0.9953200559380493
561,4.222459504342288e-05,0.9953622805330927
562,4.198436053516368e-05,0.9954042648936279
563,4.144803869095534e-05,0.9954457129323189
564,4.1300114542722815e-05,0.9954870130468616
565,4.116543416409853e-05,0.9955281784810257
566,4.087849655250771e-05,0.9955690569775782
567,4.0637057011905475e-05,0.9956096940345902
568,4.0460791511471514e-05,0.9956501548261016
569,4.024027382969064e-05,0.9956903950999313
570,3.992822642273024e-05,0.995730323326354
571,3.969809433648083e-05,0.9957700214206905
572,3.9546822508434385e-05,0.9958095682431989
573,3.9332793809615875e-05,0.9958489010370085
574,3.871772084035765e-05,0.9958876187578489
575,3.8609684997279354e-05,0.9959262284428462
576,3.811895362212974e-05,0.9959643473964683
577,3.796517729903959e-05,0.9960023125737674
578,3.781184206108439e-05,0.9960401244158285
579,3.736548637768237e-05,0.9960774899022061
580,3.7228946672797075e-05,0.9961147188488789
581,3.692918675160421e-05,0.9961516480356305
582,3.682782672258129e-05,0.996188475862353
583,3.664509415268682e-05,0.9962251209565057
584,3.6471042728721715e-05,0.9962615919992345
585,3.619958893527295e-05,0.9962977915881698
586,3.568879054269194e-05,0.9963334803787125
587,3.566938455312137e-05,0.9963691497632656
588,3.552832165738818e-05,0.9964046780849231
589,3.536543183533217e-05,0.9964400435167584
590,3.518318920484958e-05,0.9964752267059632
591,3.496454400499515e-05,0.9965101912499682
592,3.481607465178302e-05,0.99654500732462
593,3.4460736073687386e-05,0.9965794680606938
594,3.4215701263547574e-05,0.9966136837619572
595,3.4017025152572194e-05,0.9966477007871098
596,3.386582392873728e-05,0.9966815666110386
597,3.3559119147672226e-05,0.9967151257301863
598,3.328269482113975e-05,0.9967484084250074
599,3.317989271898885e-05,0.9967815883177265
600,3.290778870858679e-05,0.996814496106435
601,3.282081434382258e-05,0.9968473169207789
602,3.268775977594759e-05,0.9968800046805548
603,3.26134105525483e-05,0.9969126180911073
604,3.243759918491165e-05,0.9969450556902922
605,3.2226757915999966e-05,0.9969772824482083
606,3.200457234735163e-05,0.9970092870205556
607,3.179238010835161e-05,0.9970410794006639
608,3.1585658075109525e-05,0.997072665058739
609,3.14016815028052e-05,0.9971040667402419
610,3.1177260039086e-05,0.997135244000281
611,3.085390068177456e-05,0.9971660979009628
612,3.0811526892912554e-05,0.9971969094278557
613,3.048274516945721e-05,0.9972273921730251
614,3.0185800033284422e-05,0.9972575779730585
615,3.005149949641048e-05,0.9972876294725549
616,2.9875751668797905e-05,0.9973175052242237
617,2.947421676253925e-05,0.9973469794409863
618,2.9215130217920547e-05,0.9973761945712042
619,2.9087042328004394e-05,0.9974052816135321
620,2.855362641056331e-05,0.9974338352399427
621,2.843471264655355e-05,0.9974622699525892
622,2.8333796772996324e-05,0.9974906037493623
623,2.8251505286310224e-05,0.9975188552546486
624,2.813437773884325e-05,0.9975469896323874
625,2.7840246094748137e-05,0.9975748298784821
626,2.7586204580291513e-05,0.9976024160830624
627,2.740346916453027e-05,0.997629819552227
628,2.725235948597157e-05,0.9976570719117129
629,2.7102164287076292e-05,0.997684174076
630,2.707191871603642e-05,0.997711245994716
631,2.680746919872575e-05,0.9977380534639146
632,2.6546197548096286e-05,0.9977645996614627
633,2.6430648281799102e-05,0.9977910303097445
634,2.6246477459676534e-05,0.9978172767872041
635,2.615778953495863e-05,0.9978434345767391
636,2.585542440563185e-05,0.9978692900011447
637,2.5711269640079733e-05,0.9978950012707848
638,2.5588571397096203e-05,0.9979205898421819
639,2.5450925021281864e-05,0.9979460407672032
640,2.5086520253628887e-05,0.9979711272874568
641,2.4986983255404408e-05,0.9979961142707122
642,2.4812376086674494e-05,0.9980209266467989
643,2.4575123859769783e-05,0.9980455017706586
644,2.4464997521365407e-05,0.99806996676818
645,2.4264797403457832e-05,0.9980942315655835
646,2.420441542821865e-05,0.9981184359810117
647,2.399036826717891e-05,0.9981424263492789
648,2.3767760558832122e-05,0.9981661941098376
649,2.360124644206074e-05,0.9981897953562797
650,2.3401319198958554e-05,0.9982131966754787
651,2.337325837286384e-05,0.9982365699338516
652,2.3279967619200584e-05,0.9982598499014708
653,2.3199964801649362e-05,0.9982830498662724
654,2.29126307962053e-05,0.9983059624970686
655,2.2745000326878176e-05,0.9983287074973954
656,2.2514533743661558e-05,0.9983512220311391
657,2.2376550295943278e-05,0.998373598581435
658,2.2111096982905334e-05,0.998395709678418
659,2.2027635792106e-05,0.99841773731421
660,2.173273478487381e-05,0.9984394700489949
661,2.1573953505673227e-05,0.9984610440025006
662,2.1352072907435024e-05,0.998482396075408
663,2.1341331111762213e-05,0.9985037374065198
664,2.110640857610398e-05,0.9985248438150959
665,2.0872839577755753e-05,0.9985457166546736
666,2.0756476090794642e-05,0.9985664731307644
667,2.0673835680982656e-05,0.9985871469664453
668,2.058991267387574e-05,0.9986077368791192
669,2.01294085261416e-05,0.9986278662876453
670,2.0116273604767137e-05,0.9986479825612501
671,1.9927840420413292e-05,0.9986679104016705
672,1.98532279313043e-05,0.9986877636296018
673,1.957186847501014e-05,0.9987073354980768
674,1.9521551885918345e-05,0.9987268570499627
675,1.9285816490959834e-05,0.9987461428664536
676,1.9142259656944638e-05,0.9987652851261105
677,1.9072179433542836e-05,0.998784357305544
678,1.8935155740420706e-05,0.9988032924612845
679,1.8741073551949032e-05,0.9988220335348365
680,1.8573838485214203e-05,0.9988406073733217
681,1.834022279211419e-05,0.9988589475961138
682,1.828931029937194e-05,0.9988772369064132
683,1.8131807643412387e-05,0.9988953687140566
684,1.80287080730613e-05,0.9989133974221297
685,1.7846611527055484e-05,0.9989312440336567
686,1.7624279139759443e-05,0.9989488683127965
687,1.747969079882185e-05,0.9989663480035953
688,1.7349711193244805e-05,0.9989836977147886
689,1.7193639294908396e-05,0.9990008913540834
690,1.6997407240409096e-05,0.9990178887613238
691,1.692308473608266e-05,0.9990348118460599
692,1.674472256731429e-05,0.9990515565686272
693,1.6522472226183503e-05,0.9990680790408534
694,1.645810770519746e-05,0.9990845371485586
695,1.6376333699207085e-05,0.9991009134822578
696,1.6215522310885416e-05,0.9991171290045687
697,1.5963443101653313e-05,0.9991330924476703
698,1.58279962844098e-05,0.9991489204439548
699,1.5706404426998816e-05,0.9991646268483818
700,1.549934842493104e-05,0.9991801261968067
701,1.545061394007013e-05,0.9991955768107468
702,1.536467840485905e-05,0.9992109414891517
703,1.5127017004115949e-05,0.9992260685061558
704,1.511236426668124e-05,0.9992411808704225
705,1.5025785204089312e-05,0.9992562066556265
706,1.492558557556799e-05,0.9992711322412021
707,1.4596505612711991e-05,0.9992857287468149
708,1.4420568838736301e-05,0.9993001493156536
709,1.4313816998596717e-05,0.9993144631326522
710,1.4159690505753e-05,0.9993286228231579
711,1.4015224662678718e-05,0.9993426380478206
712,1.393344664491651e-05,0.9993565714944656
713,1.3845537177774343e-05,0.9993704170316433
714,1.3742314650514187e-05,0.9993841593462939
715,1.3616720397408442e-05,0.9993977760666913
716,1.3555840235695126e-05,0.999411331906927
717,1.3256835884057283e-05,0.999424588742811
718,1.3180362536559757e-05,0.9994377691053477
719,1.3051808167228637e-05,0.9994508209135149
720,1.2720365245495253e-05,0.9994635412787604
721,1.2577650094642886e-05,0.999476118928855
722,1.2517433159367685e-05,0.9994886363620143
723,1.2480788232669808e-05,0.999501117150247
724,1.2348161053874926e-05,0.9995134653113009
725,1.2132273530191176e-05,0.9995255975848311
726,1.2111276354813634e-05,0.9995377088611859
727,1.1797745460141875e-05,0.999549506606646
728,1.1742083610836181e-05,0.9995612486902569
729,1.1612906581316306e-05,0.9995728615968382
730,1.1530450453540518e-05,0.9995843920472918
731,1.1341954094376984e-05,0.9995957340013861
732,1.1229344849993071e-05,0.9996069633462361
733,1.117223992537752e-05,0.9996181355861615
734,1.1054007554711732e-05,0.9996291895937163
735,1.0983766875643469e-05,0.999640173360592
736,1.0825292696825526e-05,0.9996509986532888
737,1.071371247658804e-05,0.9996617123657654
738,1.0555222672501643e-05,0.9996722675884379
739,1.0409293583781119e-05,0.9996826768820216
740,1.0249878990392142e-05,0.999692926761012
741,1.0175681976110978e-05,0.9997031024429881
742,1.0045164141759922e-05,0.9997131476071298
743,9.816222608082664e-06,0.9997229638297379
744,9.744028514619888e-06,0.9997327078582525
745,9.704745682747968e-06,0.9997424126039353
746,9.386148317373672e-06,0.9997517987522526
747,9.323235484151525e-06,0.9997611219877368
748,9.162891803925078e-06,0.9997702848795408
749,9.008483071696262e-06,0.9997792933626125
750,8.953575522815471e-06,0.9997882469381353
751,8.735077381968607e-06,0.9997969820155173
752,8.619515055509276e-06,0.9998056015305727
753,8.517070328485643e-06,0.9998141186009012
754,8.47518016635253e-06,0.9998225937810675
755,8.265432274567144e-06,0.9998308592133421
756,8.176020552168794e-06,0.9998390352338943
757,8.045499692242347e-06,0.9998470807335865
758,7.89748373868038e-06,0.9998549782173252
759,7.773649476862877e-06,0.9998627518668021
760,7.59323370261009e-06,0.9998703451005047
761,7.420437445862633e-06,0.9998777655379505
762,7.3116875824979544e-06,0.999885077225533
763,7.124409530834118e-06,0.9998922016350639
764,7.025432086475732e-06,0.9998992270671504
765,6.829558707445025e-06,0.9999060566258579
766,6.6779959818363595e-06,0.9999127346218397
767,6.563632045787022e-06,0.9999192982538855
768,6.488009319167651e-06,0.9999257862632046
769,6.243497006140476e-06,0.9999320297602108
770,6.057938840715405e-06,0.9999380876990515
771,5.878327390599851e-06,0.9999439660264421
772,5.749180119080358e-06,0.9999497152065612
773,5.636584788673411e-06,0.9999553517913499
774,5.560213053311557e-06,0.9999609120044032
775,5.350606522080362e-06,0.9999662626109252
776,4.981412531398031e-06,0.9999712440234566
777,4.815830669512851e-06,0.9999760598541261
778,4.5987682041158e-06,0.9999806586223302
779,4.520013033104952e-06,0.9999851786353633
780,4.295465956782588e-06,0.9999894741013201
781,4.083287393805785e-06,0.9999935573887139
782,3.3425905774760723e-06,0.9999968999792913
783,2.7842889013560364e-06,0.9999996842681926
784,3.157318058538661e-07,0.9999999999999984
