dim1,dim2,label,label_name
7.064316,1.8172133,4,Coat
7.279633,2.4472096,4,Coat
12.169521,12.158067,1,Trouser
7.0216007,8.343275,3,Dress
-1.1382444,9.852557,7,Sneaker
6.850231,0.7386819,2,Pullover
-1.5547521,7.4059424,9,Ankle boot
3.7774053,6.2154474,5,Sandal
6.3410254,1.1209977,2,Pullover
3.7157447,6.22454,5,Sandal
5.0141172,0.46247232,2,Pullover
5.1477776,3.7713454,6,Shirt
4.501191,2.0011456,2,Pullover
12.344713,12.398006,1,Trouser
5.8589883,2.7597978,4,Coat
4.801737,5.921673,0,T-shirt/top
0.50073093,9.7430725,7,Sneaker
-0.91318244,8.252008,7,Sneaker
7.5347486,8.451797,3,Dress
0.29344174,8.376526,7,Sneaker
7.552976,7.7334557,3,Dress
-1.0039939,8.742495,7,Sneaker
7.9292955,5.6265264,6,Shirt
5.9085245,5.206869,6,Shirt
4.824677,1.1203048,2,Pullover
5.8520784,1.7659191,4,Coat
-1.8932977,4.918231,9,Ankle boot
8.489336,7.7110696,3,Dress
2.3406804,3.2775733,8,Bag
10.360049,11.796004,1,Trouser
7.035064,5.0696893,0,T-shirt/top
0.8158769,4.785403,8,Bag
4.9491415,1.1180017,6,Shirt
0.53732383,4.071462,8,Bag
8.590251,5.0508037,0,T-shirt/top
5.1848974,0.6249508,6,Shirt
-2.014528,5.1505213,9,Ankle boot
-1.6731886,5.3884745,9,Ankle boot
-1.0994192,9.690138,7,Sneaker
6.1172004,0.44682917,4,Coat
8.887938,5.170395,6,Shirt
8.493629,4.1364985,0,T-shirt/top
7.7069077,7.1885185,3,Dress
5.4917283,0.28934994,6,Shirt
9.013618,6.6755586,3,Dress
-0.5728335,9.782205,7,Sneaker
5.0089993,2.5924075,2,Pullover
9.145979,6.5073323,4,Coat
-1.5290775,6.946472,9,Ankle boot
0.5863028,7.4995217,5,Sandal
8.94908,6.4744534,3,Dress
5.257021,1.4927174,4,Coat
4.8808885,5.8879876,0,T-shirt/top
4.2977324,5.9376726,5,Sandal
6.164741,5.5272746,0,T-shirt/top
3.7135732,6.2570553,5,Sandal
0.5536553,8.040317,5,Sandal
6.8725677,2.2727149,4,Coat
8.242708,4.184484,0,T-shirt/top
0.38309312,8.262964,7,Sneaker
-1.6886224,4.797253,9,Ankle boot
6.084817,6.25277,3,Dress
4.837087,4.758992,6,Shirt
4.563777,5.8822145,2,Pullover
-1.2350396,7.6839595,5,Sandal
2.336996,3.6025589,8,Bag
4.000868,5.8618217,5,Sandal
-0.70615506,7.135377,9,Ankle boot
-0.49178222,10.290347,7,Sneaker
7.9257236,7.826542,3,Dress
-1.9442188,4.5348654,9,Ankle boot
-1.1328995,7.1447062,9,Ankle boot
0.8420133,7.28693,5,Sandal
5.7989373,0.70866334,6,Shirt
8.958068,6.4999347,3,Dress
-0.78761274,7.866904,7,Sneaker
-0.7396891,9.396871,5,Sandal
6.594148,1.5865767,2,Pullover
4.917138,2.2848954,8,Bag
0.60410434,8.793587,5,Sandal
7.2243133,1.8743848,2,Pullover
7.9354115,8.056649,3,Dress
7.9657745,4.256138,0,T-shirt/top
-0.42466605,10.437548,7,Sneaker
-1.1636674,6.632417,9,Ankle boot
6.290157,2.4326334,6,Shirt
11.030634,12.224146,1,Trouser
5.1487975,1.2293446,6,Shirt
4.956417,3.8059535,4,Coat
-1.2361491,7.3827324,9,Ankle boot
5.8383336,5.3804564,6,Shirt
6.6096396,1.4943824,2,Pullover
0.65476984,3.8273866,8,Bag
-0.41661558,10.024082,7,Sneaker
6.145916,2.6206136,2,Pullover
5.364502,1.1401106,6,Shirt
1.1132566,5.0792527,8,Bag
12.178729,11.192274,1,Trouser
12.295238,11.36522,1,Trouser
1.1436869,9.018535,5,Sandal
4.61994,0.67331326,2,Pullover
7.5849924,8.2485695,3,Dress
5.2403407,3.5073636,1,Trouser
11.848118,12.036502,1,Trouser
0.38882682,8.314816,5,Sandal
4.2284713,5.5901484,5,Sandal
2.4310918,3.1696506,8,Bag
4.844461,3.7330592,6,Shirt
0.7337317,8.749514,5,Sandal
8.519318,4.145671,0,T-shirt/top
3.1357698,3.853359,8,Bag
-1.85855,4.0969706,9,Ankle boot
4.8703976,3.8021193,2,Pullover
10.792408,12.078675,1,Trouser
-0.3609658,10.099618,7,Sneaker
0.57180125,9.538634,7,Sneaker
-0.88771844,9.255264,5,Sandal
5.3425117,4.64672,3,Dress
8.460391,5.148159,6,Shirt
7.814234,5.116249,0,T-shirt/top
6.3194275,5.4691963,0,T-shirt/top
8.516115,4.360704,0,T-shirt/top
5.4559116,3.606989,2,Pullover
-1.9445513,5.438094,9,Ankle boot
3.2523425,4.15027,8,Bag
4.8931656,3.462454,2,Pullover
1.071165,4.2290735,8,Bag
-0.19888714,10.059598,5,Sandal
7.195638,2.799569,4,Coat
-1.6867751,6.040505,9,Ankle boot
5.7186313,3.3205864,2,Pullover
12.122966,12.286401,1,Trouser
0.5685273,9.769703,7,Sneaker
0.6562991,7.4165764,5,Sandal
2.413602,3.1571536,8,Bag
6.060048,0.42343524,2,Pullover
0.6249618,4.311266,8,Bag
5.8012486,0.6253865,6,Shirt
6.113283,1.4633312,6,Shirt
7.676883,8.24463,3,Dress
-0.80409086,9.7480755,7,Sneaker
5.276144,0.28205508,4,Coat
5.9324193,0.7184525,4,Coat
6.18451,0.93458885,4,Coat
6.7113924,2.1126285,6,Shirt
1.2940851,9.547846,5,Sandal
7.908782,7.4826283,3,Dress
6.40367,5.130686,6,Shirt
-0.67295116,9.951525,5,Sandal
4.6580467,6.077548,0,T-shirt/top
3.139209,4.050052,8,Bag
5.560066,4.531638,3,Dress
11.030223,11.780009,1,Trouser
11.638809,12.266695,1,Trouser
0.5218223,4.056559,8,Bag
8.01558,6.4162083,6,Shirt
0.89626926,9.158486,5,Sandal
-0.39821184,9.996823,7,Sneaker
5.8816943,0.5948187,2,Pullover
4.994734,5.0333223,4,Coat
0.94261444,4.4462495,8,Bag
6.9865866,8.182746,3,Dress
-0.7379796,9.604716,7,Sneaker
-0.7253082,9.483991,7,Sneaker
7.0353885,7.516751,3,Dress
2.961973,3.686069,8,Bag
-0.30320147,10.226931,7,Sneaker
4.5999656,6.066296,6,Shirt
-0.8802952,9.290883,7,Sneaker
2.753145,3.4298558,8,Bag
7.159784,1.8345848,4,Coat
7.1463313,1.7462063,2,Pullover
3.2725356,4.311596,8,Bag
0.12629725,10.301188,7,Sneaker
7.197341,1.2562078,2,Pullover
-0.48894754,10.11252,7,Sneaker
8.741147,5.3763404,3,Dress
0.3452014,7.254323,9,Ankle boot
7.483896,5.3098736,0,T-shirt/top
-1.3822333,6.4907956,9,Ankle boot
-1.9648324,4.009227,9,Ankle boot
-1.7428563,6.3221903,9,Ankle boot
5.860673,0.49770346,2,Pullover
4.362894,5.6412473,2,Pullover
1.0853122,8.938907,5,Sandal
8.263076,7.794218,3,Dress
0.5690218,9.524781,5,Sandal
-0.34634396,10.509408,7,Sneaker
4.4549756,5.4464664,4,Coat
-1.292371,6.3385262,9,Ankle boot
12.335441,12.459206,1,Trouser
11.014717,11.629657,1,Trouser
8.869614,7.0792727,3,Dress
8.108847,5.45039,6,Shirt
6.905059,7.152751,3,Dress
7.803787,4.9429655,0,T-shirt/top
12.251584,11.733507,1,Trouser
-1.2308099,7.0436606,9,Ankle boot
0.47536564,9.572496,7,Sneaker
5.6573997,2.8234155,2,Pullover
12.193378,11.185556,1,Trouser
5.012426,4.928882,6,Shirt
-1.1823931,7.0109816,7,Sneaker
11.950725,12.105478,1,Trouser
-1.8739651,5.7949266,9,Ankle boot
3.5360365,4.1292496,8,Bag
8.582694,4.0832844,0,T-shirt/top
0.8988993,7.2337418,5,Sandal
11.089682,12.074909,1,Trouser
0.5618542,8.427545,5,Sandal
6.734799,0.40019223,2,Pullover
8.647561,4.457735,0,T-shirt/top
-1.2785435,6.9207883,5,Sandal
5.041973,6.2983932,1,Trouser
5.9482584,2.5051634,4,Coat
12.312434,11.575698,1,Trouser
6.862026,1.5722741,4,Coat
7.186515,1.7709212,4,Coat
5.8832746,1.3786957,6,Shirt
4.8567543,5.780667,0,T-shirt/top
8.504471,4.1353827,0,T-shirt/top
9.185741,6.692004,4,Coat
0.055236593,9.045799,5,Sandal
11.895461,10.818077,1,Trouser
6.6691837,2.4572897,4,Coat
8.99092,4.7151694,0,T-shirt/top
1.0877433,8.959375,5,Sandal
-0.15341267,9.387117,7,Sneaker
3.4606402,6.370295,5,Sandal
8.294779,4.822111,6,Shirt
5.425549,5.786199,0,T-shirt/top
5.433039,3.1805024,2,Pullover
-0.74202657,8.905262,5,Sandal
-0.82494277,10.31479,7,Sneaker
-1.9401256,5.7881393,9,Ankle boot
-0.07746265,9.795016,7,Sneaker
12.195048,12.205501,1,Trouser
8.200165,4.243336,0,T-shirt/top
3.9272387,6.162311,5,Sandal
-0.42807084,9.847039,7,Sneaker
-0.3408961,8.471339,7,Sneaker
5.81537,0.62263167,2,Pullover
9.0545225,6.8488784,3,Dress
0.5798206,7.8344183,5,Sandal
6.7546797,0.41982797,2,Pullover
3.3217547,4.417871,8,Bag
5.1629915,1.3896769,2,Pullover
6.745622,7.9086003,3,Dress
-1.4243855,5.3898735,9,Ankle boot
9.036719,4.713588,0,T-shirt/top
3.1007957,3.797088,8,Bag
1.2694232,9.750896,5,Sandal
0.8888548,8.447877,5,Sandal
0.31848025,7.673003,5,Sandal
0.5903198,7.393545,5,Sandal
-1.6066767,5.3959436,9,Ankle boot
-1.8599789,5.699604,9,Ankle boot
-0.68505347,7.959023,7,Sneaker
7.0130854,4.953988,0,T-shirt/top
5.8198056,1.7922859,4,Coat
4.685355,5.652288,2,Pullover
1.318985,9.703677,5,Sandal
7.247999,7.6274157,3,Dress
0.5570217,9.547624,7,Sneaker
6.868466,1.4243008,2,Pullover
5.476126,4.428947,4,Coat
3.8440816,6.0680814,5,Sandal
3.1409883,3.9567504,8,Bag
10.897125,11.660651,1,Trouser
7.322647,4.8602543,0,T-shirt/top
2.8038,3.5429485,8,Bag
7.3089895,2.423964,4,Coat
-1.6089948,5.3510447,9,Ankle boot
6.3375745,5.330882,0,T-shirt/top
-1.3059493,7.5544095,9,Ankle boot
5.9659033,2.244525,6,Shirt
3.5726128,5.896497,5,Sandal
1.0030848,4.8569407,8,Bag
-2.000469,4.4555407,9,Ankle boot
-1.4838101,5.4931693,9,Ankle boot
4.5090375,5.3472996,2,Pullover
11.359741,12.285997,1,Trouser
12.179099,11.294183,1,Trouser
1.1545309,8.939058,5,Sandal
0.3608224,9.200083,5,Sandal
0.40476894,8.507156,5,Sandal
6.8391185,2.88353,4,Coat
12.371122,12.468997,1,Trouser
5.897037,0.5639841,2,Pullover
-1.4611057,6.7295694,9,Ankle boot
0.21323934,7.492233,5,Sandal
4.776991,0.3558606,2,Pullover
8.39056,5.1014,6,Shirt
7.325654,8.301954,3,Dress
10.630696,12.0913725,1,Trouser
7.066005,2.1641734,1,Trouser
-1.8354106,5.98208,9,Ankle boot
4.6873736,0.57589334,2,Pullover
10.573069,11.954099,1,Trouser
11.034561,11.70562,1,Trouser
11.540647,12.4734955,1,Trouser
0.97289085,4.3480916,8,Bag
4.4088054,1.6582214,8,Bag
-1.6953654,6.55132,7,Sneaker
-1.897328,5.975134,9,Ankle boot
0.7887678,4.224257,8,Bag
9.023932,4.8586016,6,Shirt
5.7219844,1.7467045,4,Coat
11.261857,12.521741,1,Trouser
8.189828,7.827538,3,Dress
6.566742,0.7044683,4,Coat
5.010669,2.0609932,2,Pullover
7.1738915,1.2408906,2,Pullover
7.8136945,5.0282483,0,T-shirt/top
6.7722607,0.87043273,2,Pullover
3.3222625,4.259013,8,Bag
1.14308,8.946731,5,Sandal
4.975942,4.1325173,2,Pullover
8.08326,7.930546,3,Dress
7.979405,7.373343,0,T-shirt/top
3.226587,3.9127846,8,Bag
5.811985,2.9732652,2,Pullover
3.2937508,6.258788,5,Sandal
5.651305,5.28536,3,Dress
3.2502074,4.231396,8,Bag
0.4838068,8.648603,7,Sneaker
11.247361,11.752477,1,Trouser
8.662706,4.9957166,0,T-shirt/top
-1.8552386,4.713505,9,Ankle boot
-0.9717201,7.362639,7,Sneaker
1.1314938,5.36645,8,Bag
-1.9106091,4.034458,9,Ankle boot
7.9522815,7.5460577,0,T-shirt/top
11.539234,11.685535,1,Trouser
10.963143,11.877769,1,Trouser
-1.2384806,7.9017887,9,Ankle boot
5.243944,0.24998455,4,Coat
5.0474696,2.114176,2,Pullover
0.16426393,8.562342,5,Sandal
4.8206124,4.7670407,4,Coat
-1.5947915,5.051362,9,Ankle boot
6.2273803,6.5129924,0,T-shirt/top
6.335473,2.162614,4,Coat
-1.0739447,8.3866205,7,Sneaker
0.7862353,4.2253566,8,Bag
1.1191027,4.2808166,8,Bag
9.014091,6.862572,3,Dress
-0.9849951,6.755115,5,Sandal
0.2202208,10.496984,7,Sneaker
7.396511,5.3501816,0,T-shirt/top
7.300913,7.0585175,3,Dress
8.168197,7.0545406,3,Dress
-1.9656012,5.3274975,9,Ankle boot
-1.5388423,7.0195885,9,Ankle boot
-1.4972456,7.067947,9,Ankle boot
-1.752038,4.0100956,9,Ankle boot
10.526944,11.62604,1,Trouser
5.429363,3.6664479,6,Shirt
-1.5277665,6.989658,9,Ankle boot
0.08355893,8.010886,7,Sneaker
6.0396934,5.6291685,6,Shirt
3.4724,6.3723745,5,Sandal
-1.9604741,4.847662,9,Ankle boot
4.9036026,0.86827254,4,Coat
10.261267,11.917523,1,Trouser
11.848213,12.406443,1,Trouser
4.1685133,1.1020128,2,Pullover
4.063443,1.2996657,2,Pullover
4.56725,5.5255947,6,Shirt
-1.5951984,6.0862603,9,Ankle boot
5.6983633,4.5414057,6,Shirt
3.2841763,6.281582,5,Sandal
6.7632504,0.5774408,2,Pullover
0.6954071,9.556206,7,Sneaker
7.6270924,6.587719,0,T-shirt/top
-0.990236,8.469093,9,Ankle boot
2.370119,3.2097466,8,Bag
6.7578955,8.116681,3,Dress
7.1045337,1.1515619,2,Pullover
4.033834,1.0950572,2,Pullover
-0.33887702,8.715241,7,Sneaker
-0.012162569,8.668913,7,Sneaker
9.222664,6.6619267,6,Shirt
3.3452253,4.452083,8,Bag
-0.5916112,10.309603,7,Sneaker
6.8526363,1.3209399,2,Pullover
6.4580517,5.2912626,0,T-shirt/top
11.447838,12.073275,1,Trouser
-0.9353432,8.286912,7,Sneaker
-1.0239387,9.944277,7,Sneaker
8.246164,6.495419,4,Coat
6.751903,5.1732817,0,T-shirt/top
4.7162104,3.7253609,2,Pullover
8.600452,6.833269,4,Coat
0.45612046,10.513947,7,Sneaker
1.0930947,8.939911,5,Sandal
5.5331254,3.6615713,6,Shirt
10.807533,12.241023,1,Trouser
-1.5241181,7.06924,9,Ankle boot
6.1034336,2.256924,4,Coat
5.458823,5.9598117,8,Bag
6.1391573,5.3300915,6,Shirt
8.386535,6.9848747,3,Dress
7.3486004,4.732129,8,Bag
4.443951,1.238185,4,Coat
-1.894923,5.9200807,9,Ankle boot
0.3543966,10.646034,7,Sneaker
1.2242972,4.5069065,4,Coat
4.5873566,0.97490066,2,Pullover
8.2195215,3.7626114,2,Pullover
7.4816594,5.2427754,6,Shirt
-1.7967693,4.6039963,9,Ankle boot
8.051167,6.688203,1,Trouser
11.392547,12.41464,1,Trouser
3.8357527,6.1837506,5,Sandal
8.776448,4.2880445,6,Shirt
12.199124,12.477712,1,Trouser
12.326868,12.397803,1,Trouser
4.652158,0.6714367,2,Pullover
-1.4541287,6.98672,9,Ankle boot
10.934722,11.940679,1,Trouser
0.5782553,7.2402563,5,Sandal
4.3532934,5.9684134,5,Sandal
7.956413,4.5349803,6,Shirt
5.0746937,3.9713151,6,Shirt
-0.45766932,10.391119,7,Sneaker
0.6767749,10.385615,7,Sneaker
8.808948,5.1111383,0,T-shirt/top
6.5879574,1.8075907,4,Coat
-0.3962228,7.9692516,9,Ankle boot
12.114196,12.167923,1,Trouser
5.7538843,0.6943455,4,Coat
0.9788405,7.2052617,5,Sandal
1.1539037,9.6776085,5,Sandal
0.3244714,10.714235,7,Sneaker
2.9255567,3.6735494,8,Bag
3.2518837,4.327387,8,Bag
0.5025251,9.6488495,7,Sneaker
8.2339115,6.3411126,1,Trouser
1.1092849,4.2665353,8,Bag
7.904992,6.487363,0,T-shirt/top
7.3990307,7.259524,3,Dress
-0.79917175,9.8792095,7,Sneaker
3.3173585,6.4249163,5,Sandal
8.336677,4.13945,0,T-shirt/top
4.9086337,2.700395,2,Pullover
-1.5492404,6.6604643,7,Sneaker
11.414976,11.621971,1,Trouser
6.4806056,1.1057411,2,Pullover
11.57963,11.650384,1,Trouser
-1.1160579,9.692414,7,Sneaker
8.584916,4.521372,0,T-shirt/top
7.209263,1.7947544,4,Coat
-1.0928104,6.9227247,9,Ankle boot
4.678073,0.9227221,2,Pullover
6.8598886,1.2645329,4,Coat
7.7644305,8.441742,3,Dress
1.056728,4.6822453,8,Bag
9.14381,7.0190725,4,Coat
0.73048687,8.849446,7,Sneaker
5.457492,6.1108828,8,Bag
0.41811973,9.658443,5,Sandal
7.0854964,4.9797764,0,T-shirt/top
0.3804487,9.013696,7,Sneaker
4.945945,6.2671776,3,Dress
0.91959834,5.2230625,8,Bag
8.289475,7.83991,3,Dress
-1.455544,6.6357036,9,Ankle boot
2.7191012,3.2995663,8,Bag
10.881196,11.928664,1,Trouser
-2.0743248,5.3804617,9,Ankle boot
7.657299,8.284459,3,Dress
5.1653585,0.7376594,6,Shirt
8.079979,7.7890987,3,Dress
-1.3655642,7.511477,9,Ankle boot
4.3081484,1.5249372,2,Pullover
-0.19043651,9.691237,5,Sandal
6.325901,1.062446,2,Pullover
-0.043504935,10.657041,7,Sneaker
3.4311495,4.021715,8,Bag
2.8488495,3.397169,8,Bag
4.9303308,1.4384601,2,Pullover
2.6764333,3.4616048,8,Bag
8.927831,5.2389994,0,T-shirt/top
-0.27004033,10.206006,7,Sneaker
1.0356414,5.001035,8,Bag
-0.29838276,10.257846,7,Sneaker
4.6474085,3.7482624,2,Pullover
-0.05229752,9.676889,5,Sandal
-0.74201435,10.280278,5,Sandal
4.9994693,1.1096586,3,Dress
8.279724,7.792906,3,Dress
8.82086,4.2309966,0,T-shirt/top
-1.1045301,6.694823,9,Ankle boot
1.0065752,4.8650236,8,Bag
6.9069495,7.9715295,3,Dress
-0.4617749,10.439048,7,Sneaker
6.381116,5.746046,6,Shirt
7.223026,6.9538655,3,Dress
7.434474,2.5178492,4,Coat
8.370108,3.920002,6,Shirt
-1.8148333,5.5059996,9,Ankle boot
8.360845,5.888884,0,T-shirt/top
8.292564,4.9223413,6,Shirt
9.186963,6.541853,4,Coat
4.7846913,0.7208286,2,Pullover
-1.0355678,10.01223,7,Sneaker
1.1433793,4.3743625,8,Bag
6.488473,1.7459816,4,Coat
6.031032,0.43441457,2,Pullover
6.828094,0.50282747,2,Pullover
8.717331,4.913359,0,T-shirt/top
7.7379436,7.5027475,3,Dress
6.994415,2.2430482,6,Shirt
4.790194,3.84085,6,Shirt
-1.7837173,4.6434937,9,Ankle boot
8.676404,7.320288,3,Dress
11.310911,11.775755,1,Trouser
-1.3086625,6.668411,9,Ankle boot
-0.8776351,9.230336,9,Ankle boot
5.9286156,6.2357764,0,T-shirt/top
4.401249,5.779062,1,Trouser
6.9906034,4.856012,0,T-shirt/top
0.6619205,8.837612,5,Sandal
0.87219524,4.677281,8,Bag
8.370822,7.3184905,0,T-shirt/top
8.525057,5.0135417,0,T-shirt/top
4.7912865,6.069877,3,Dress
4.310621,0.9293357,4,Coat
8.737561,7.4106197,3,Dress
-0.89317507,6.968561,9,Ankle boot
11.914348,12.409036,1,Trouser
8.045705,6.5296383,3,Dress
9.2313385,6.7026286,4,Coat
3.4649432,4.009143,8,Bag
6.7577043,0.4365065,2,Pullover
12.310141,11.4588585,1,Trouser
1.2984537,9.529013,5,Sandal
1.0892274,8.837226,5,Sandal
4.894456,5.200907,4,Coat
4.705528,1.8062421,8,Bag
6.269648,5.311203,0,T-shirt/top
3.6358643,6.303692,5,Sandal
-1.1052238,8.17293,9,Ankle boot
5.888376,1.3536582,6,Shirt
11.781505,11.086416,1,Trouser
1.0038265,4.455172,8,Bag
8.299039,4.458572,0,T-shirt/top
8.111514,6.4496255,0,T-shirt/top
0.80765,8.682355,5,Sandal
-1.0063628,8.715538,9,Ankle boot
0.9038995,4.849484,8,Bag
8.368311,4.692824,0,T-shirt/top
-0.1627571,10.265885,7,Sneaker
-1.0476477,7.1184683,9,Ankle boot
0.8003153,8.666906,5,Sandal
0.6729003,4.39502,8,Bag
8.771135,5.7478676,0,T-shirt/top
8.982301,4.6113076,0,T-shirt/top
11.034424,11.680082,1,Trouser
2.2907698,3.4078772,8,Bag
12.132732,12.304651,1,Trouser
0.63743603,3.7677329,8,Bag
6.728566,0.8126905,2,Pullover
8.072647,7.852368,3,Dress
6.7440534,0.55288976,2,Pullover
7.814421,4.305999,0,T-shirt/top
7.7940874,4.7372746,0,T-shirt/top
7.6305737,7.8166,3,Dress
4.999338,1.8028768,2,Pullover
8.697624,4.2433934,0,T-shirt/top
6.16116,1.0506909,4,Coat
-0.732623,8.9690275,5,Sandal
6.344585,1.1919454,2,Pullover
0.35486367,8.331999,7,Sneaker
5.4140368,1.8725388,6,Shirt
11.66819,11.168668,1,Trouser
7.240524,2.3780994,6,Shirt
-1.9228325,4.973388,9,Ankle boot
-1.7615858,4.5273023,9,Ankle boot
11.184815,12.463349,1,Trouser
8.699025,4.3871684,0,T-shirt/top
-1.2169526,8.124625,9,Ankle boot
-1.3914589,7.5621195,7,Sneaker
-0.9199472,8.55353,7,Sneaker
8.184693,6.925493,4,Coat
1.0430856,4.1034327,8,Bag
6.9247446,5.4579043,0,T-shirt/top
7.9681273,6.4265428,6,Shirt
6.7236066,1.282539,4,Coat
6.11399,1.6600296,6,Shirt
12.300561,11.634083,1,Trouser
-0.93871015,8.536731,7,Sneaker
7.7079177,7.792577,3,Dress
0.90799195,4.071335,8,Bag
5.118869,5.855053,0,T-shirt/top
11.651,11.080459,1,Trouser
-1.3420646,5.9737864,8,Bag
5.174437,0.39415467,2,Pullover
-2.0219026,5.2503915,9,Ankle boot
12.326085,11.340285,1,Trouser
6.2997184,2.44943,6,Shirt
12.1857195,11.851801,1,Trouser
5.274117,4.677861,2,Pullover
-1.7257167,4.6388865,9,Ankle boot
6.4988227,5.159259,6,Shirt
-0.5206385,10.22518,7,Sneaker
4.6065993,0.95954055,2,Pullover
12.010426,10.858254,3,Dress
4.7655606,1.5609674,1,Trouser
-2.0231993,5.387217,9,Ankle boot
8.06255,6.3593936,6,Shirt
3.274193,4.3342957,8,Bag
12.204732,11.146121,1,Trouser
8.338421,4.2529964,0,T-shirt/top
6.0450635,2.2711828,4,Coat
7.851162,7.908248,3,Dress
0.58197284,8.326677,5,Sandal
0.94464856,4.0420394,8,Bag
4.566127,1.6829417,6,Shirt
12.196411,11.164584,1,Trouser
6.2418227,2.4326925,6,Shirt
7.3073235,2.3900845,4,Coat
2.5007303,3.3748765,8,Bag
6.0787125,1.9758837,4,Coat
-1.7035942,4.677831,9,Ankle boot
7.397192,7.556194,3,Dress
8.667987,6.945404,3,Dress
11.730425,12.395083,1,Trouser
5.009393,1.9354628,2,Pullover
7.3316307,2.470899,4,Coat
6.7508388,8.064202,3,Dress
11.27224,12.265441,1,Trouser
0.6608593,4.3059855,8,Bag
2.3418868,3.302732,8,Bag
6.743239,0.4698432,2,Pullover
7.184766,2.159546,4,Coat
7.143808,5.108753,0,T-shirt/top
6.514481,5.595553,6,Shirt
5.309496,5.739133,5,Sandal
3.9542074,6.0115047,5,Sandal
12.32654,12.167276,1,Trouser
-1.6378744,6.5799847,9,Ankle boot
-1.9091923,5.643186,9,Ankle boot
4.514703,5.605434,6,Shirt
0.72924954,4.437495,8,Bag
5.103923,3.6402807,2,Pullover
6.284803,2.487353,4,Coat
-1.8118273,5.6227837,9,Ankle boot
-0.5103374,10.027488,7,Sneaker
7.3330455,6.5526953,3,Dress
4.477935,5.6552043,6,Shirt
11.94626,11.693356,1,Trouser
-1.0147946,9.51326,7,Sneaker
11.151443,11.529075,1,Trouser
4.808932,3.5455058,6,Shirt
10.810903,12.100625,1,Trouser
5.0251694,4.193896,4,Coat
-1.6204821,5.271203,9,Ankle boot
4.827821,4.7920594,6,Shirt
-1.7294745,5.4473243,9,Ankle boot
-0.05005772,9.36588,5,Sandal
11.886371,10.846815,1,Trouser
5.4286637,3.6139517,6,Shirt
2.42069,3.3549883,8,Bag
9.137538,6.909111,4,Coat
10.829033,12.181365,1,Trouser
7.8942294,4.3160644,0,T-shirt/top
-2.0604057,5.186436,9,Ankle boot
6.047478,1.9240798,2,Pullover
0.9091113,4.207787,8,Bag
6.1339803,2.0426762,6,Shirt
7.459284,7.3712373,0,T-shirt/top
4.6031203,1.9612265,2,Pullover
6.6435313,5.1928983,0,T-shirt/top
3.2420363,4.2431974,8,Bag
4.8994427,1.33978,2,Pullover
0.8534148,4.0333304,8,Bag
4.8247433,0.5304438,6,Shirt
-1.0933484,9.507679,7,Sneaker
-1.02782,9.440978,7,Sneaker
6.137103,4.313904,4,Coat
6.0570836,1.624642,4,Coat
12.498967,11.976455,1,Trouser
0.544988,9.4110565,7,Sneaker
-1.557007,6.176218,9,Ankle boot
4.8008018,3.6730516,6,Shirt
4.988334,1.7952905,2,Pullover
-1.119517,10.057454,7,Sneaker
-1.813198,6.0573754,9,Ankle boot
-1.7600478,3.989237,9,Ankle boot
12.339996,11.310541,1,Trouser
0.24526404,9.228253,5,Sandal
7.943371,5.45281,6,Shirt
6.4861975,1.9907594,6,Shirt
7.2306194,1.8114687,2,Pullover
-1.7830037,4.206071,9,Ankle boot
0.48340502,4.1859875,8,Bag
12.087696,12.318919,1,Trouser
-0.9914472,8.376409,7,Sneaker
1.9204007,3.685885,8,Bag
1.0281526,4.758278,8,Bag
6.3683186,2.0130746,4,Coat
5.2431083,0.2757866,4,Coat
5.92094,1.9806972,4,Coat
5.1052136,3.9978633,6,Shirt
5.2139173,0.33522072,4,Coat
-0.0047725537,8.766781,7,Sneaker
0.23074222,10.645512,7,Sneaker
7.904323,4.301511,6,Shirt
5.957286,0.5312303,2,Pullover
-1.7393532,5.1308236,9,Ankle boot
-0.60967946,9.893709,7,Sneaker
5.6674604,5.1950054,2,Pullover
0.88533336,3.936328,8,Bag
10.961931,11.591258,1,Trouser
4.852036,0.70510894,6,Shirt
7.948274,5.9653597,6,Shirt
6.35632,5.6514177,0,T-shirt/top
4.5842385,5.730322,2,Pullover
3.257881,6.185219,5,Sandal
9.140144,6.369652,4,Coat
1.2315674,9.247115,5,Sandal
8.590571,7.4802694,3,Dress
-0.33783245,10.444197,7,Sneaker
-2.0296881,4.739587,9,Ankle boot
-0.52614903,8.3910675,7,Sneaker
1.061173,4.6552496,8,Bag
7.0423317,1.8722633,6,Shirt
4.6286917,5.1665945,6,Shirt
-0.982893,10.121292,7,Sneaker
5.764393,6.301372,8,Bag
8.94068,4.517599,6,Shirt
8.444084,5.1145935,0,T-shirt/top
2.2015603,3.5088203,8,Bag
-0.95333326,8.670938,7,Sneaker
5.216289,3.8674622,6,Shirt
2.757088,3.4754815,8,Bag
4.157277,1.5743294,8,Bag
5.8429666,2.526597,2,Pullover
-1.5430849,6.606747,9,Ankle boot
12.256788,12.137412,1,Trouser
4.0491652,5.8708177,5,Sandal
9.130479,6.5495543,4,Coat
8.16682,7.2741914,3,Dress
4.843974,1.9783976,0,T-shirt/top
6.530571,2.7253273,6,Shirt
7.20325,1.3450562,4,Coat
11.140268,12.31886,1,Trouser
7.5822797,6.2589927,3,Dress
8.8047495,4.5436196,0,T-shirt/top
-0.43873015,7.6362896,9,Ankle boot
4.9576297,1.1932508,4,Coat
5.1668944,3.5746422,4,Coat
6.8369927,7.954805,3,Dress
1.024203,9.329514,5,Sandal
0.7941401,4.549737,8,Bag
6.8367853,8.132864,3,Dress
6.011405,5.7886233,3,Dress
6.9191694,5.0014915,0,T-shirt/top
6.931602,7.851591,3,Dress
-1.004949,9.522294,7,Sneaker
-0.45427918,9.885677,7,Sneaker
6.735905,0.48188183,2,Pullover
5.1561627,0.67458105,6,Shirt
8.23188,4.341716,0,T-shirt/top
-0.6249704,9.669099,7,Sneaker
4.956875,1.3310094,4,Coat
3.3313172,4.2416368,8,Bag
0.6073718,7.5622797,5,Sandal
3.9618719,6.104564,5,Sandal
6.118928,3.2728975,6,Shirt
5.0619774,1.6102062,2,Pullover
6.0661287,3.315493,4,Coat
7.3081264,8.083566,3,Dress
4.062084,1.0335821,2,Pullover
1.1225238,4.340896,8,Bag
7.0307727,5.3653336,0,T-shirt/top
-1.6772215,6.5333896,9,Ankle boot
8.620288,4.396421,0,T-shirt/top
2.8271973,3.4963374,8,Bag
8.531138,4.133517,6,Shirt
5.8892145,1.0491616,6,Shirt
-1.3123717,5.540438,5,Sandal
5.5045815,5.6055217,6,Shirt
1.3294755,9.374677,5,Sandal
6.9882913,2.7724423,6,Shirt
6.063322,0.7626097,6,Shirt
5.366251,3.6300583,2,Pullover
-0.58118385,10.482731,7,Sneaker
0.29644424,10.4192915,7,Sneaker
1.1484605,4.554401,8,Bag
0.5578793,8.365256,5,Sandal
7.4693313,7.624077,3,Dress
8.816273,6.480738,4,Coat
8.315968,4.292,0,T-shirt/top
4.608635,5.2982917,4,Coat
6.669108,2.4939053,4,Coat
-1.4088837,6.9647403,9,Ankle boot
5.356443,1.383933,6,Shirt
6.7410173,7.8363605,3,Dress
4.5600424,5.3410683,6,Shirt
6.314822,1.7012825,6,Shirt
8.961016,7.354575,3,Dress
3.5359368,4.138329,8,Bag
-0.11594722,7.687409,5,Sandal
0.4311392,7.7376513,5,Sandal
5.3523645,6.003563,8,Bag
5.4583454,3.6046624,6,Shirt
8.138813,7.238753,3,Dress
5.376251,3.6533372,3,Dress
6.6564918,8.076643,3,Dress
-1.6889582,4.7313423,9,Ankle boot
8.487611,4.255031,0,T-shirt/top
-1.0026599,9.438659,5,Sandal
0.41460857,10.578043,7,Sneaker
5.245999,0.31230438,4,Coat
5.8370337,0.87372744,6,Shirt
7.374468,5.3287897,0,T-shirt/top
6.0558653,0.64385015,2,Pullover
8.118794,4.0921984,0,T-shirt/top
4.4341955,5.828298,5,Sandal
3.9525232,6.105557,5,Sandal
1.9278992,3.635664,8,Bag
-1.75873,5.0667152,9,Ankle boot
3.1883607,6.330968,5,Sandal
6.016956,1.218815,4,Coat
4.2975945,1.4477469,2,Pullover
-1.3140825,5.7518983,8,Bag
-0.48582727,6.66168,5,Sandal
8.99649,7.273807,4,Coat
6.1876407,5.7604322,3,Dress
3.229813,4.3242736,8,Bag
11.115097,12.341026,1,Trouser
5.053113,1.319546,6,Shirt
6.574952,1.5283369,4,Coat
5.216039,0.30172995,4,Coat
8.277052,4.4058995,0,T-shirt/top
7.1159964,5.0980144,0,T-shirt/top
6.0971255,2.005838,4,Coat
7.79276,6.08678,0,T-shirt/top
0.46256542,4.125665,8,Bag
5.0872703,4.7143126,8,Bag
-0.048419956,9.732526,5,Sandal
7.8646336,7.2852955,3,Dress
12.212029,11.246739,1,Trouser
4.597351,0.8045739,2,Pullover
8.0712805,7.9955454,3,Dress
1.3103158,9.700223,5,Sandal
3.4908235,6.381011,5,Sandal
6.3316565,6.756882,3,Dress
11.818394,11.98848,1,Trouser
5.0194354,5.879788,0,T-shirt/top
-0.31787074,8.243601,5,Sandal
1.8232622,3.8075118,8,Bag
5.5081987,1.9600974,6,Shirt
0.99652135,7.21541,5,Sandal
-1.4254532,6.1718163,9,Ankle boot
8.329032,4.4650702,0,T-shirt/top
0.39091003,10.454192,7,Sneaker
0.86079985,4.805565,8,Bag
-1.1875387,7.0056086,9,Ankle boot
8.433585,4.317429,6,Shirt
5.382657,1.2000568,6,Shirt
-0.5925271,9.707082,5,Sandal
-1.9013504,5.861704,9,Ankle boot
8.882291,6.9865065,4,Coat
8.469833,7.00176,4,Coat
7.832386,5.414546,6,Shirt
-1.3748108,6.7998524,9,Ankle boot
7.3282537,6.884483,3,Dress
2.3480756,3.1906004,8,Bag
3.352509,4.2062,8,Bag
4.0659757,1.024975,2,Pullover
1.0902255,4.195405,8,Bag
11.822292,11.842389,1,Trouser
5.2791615,4.6967483,2,Pullover
12.013398,12.223589,1,Trouser
11.681263,10.950736,1,Trouser
-0.8420751,8.152663,7,Sneaker
-0.386384,10.250871,7,Sneaker
11.994231,11.853609,1,Trouser
4.585101,0.6951248,2,Pullover
8.349194,6.8560553,3,Dress
0.8318703,8.220375,7,Sneaker
-1.3562365,6.991284,9,Ankle boot
1.1379442,9.025722,5,Sandal
2.9124405,3.431438,8,Bag
8.800521,7.007334,3,Dress
5.562964,4.859004,4,Coat
-0.3032047,10.106197,7,Sneaker
1.8648285,3.6922245,8,Bag
0.51617146,7.534572,5,Sandal
12.192777,12.3579445,1,Trouser
-1.2307818,7.3407497,9,Ankle boot
3.2759223,4.350208,8,Bag
8.018852,7.833926,3,Dress
-0.13853069,10.435567,7,Sneaker
7.223887,7.1986547,3,Dress
3.5871546,6.3474846,5,Sandal
6.3836975,0.7838433,4,Coat
6.235673,5.3968534,0,T-shirt/top
6.6317706,1.9399108,6,Shirt
10.906922,11.778352,1,Trouser
1.0729066,5.1764584,8,Bag
11.84438,11.911532,1,Trouser
-0.84929043,8.106982,7,Sneaker
4.824561,1.4610062,2,Pullover
-1.5200186,5.4498186,9,Ankle boot
0.7305257,8.159019,5,Sandal
7.62437,8.5393305,3,Dress
7.4821687,5.5796204,0,T-shirt/top
0.7582472,8.741759,5,Sandal
7.2432823,5.4641623,6,Shirt
6.951424,5.020413,0,T-shirt/top
-0.27994868,9.435427,7,Sneaker
0.7456083,3.8480115,8,Bag
-1.8077655,5.9479656,9,Ankle boot
5.0396338,2.2077765,2,Pullover
-0.32828596,10.364327,7,Sneaker
-0.48650324,9.996747,7,Sneaker
4.532459,1.6772116,0,T-shirt/top
4.047774,1.3887222,2,Pullover
11.064499,11.958673,1,Trouser
0.35480827,8.866867,5,Sandal
7.657379,8.063969,3,Dress
8.811798,5.1328034,0,T-shirt/top
7.0967374,4.9162593,0,T-shirt/top
-1.2181245,6.9809427,9,Ankle boot
3.4834116,6.370456,5,Sandal
4.4577565,1.6171778,2,Pullover
0.5251067,10.508581,7,Sneaker
-1.5582454,7.014461,5,Sandal
11.758405,11.755153,1,Trouser
0.620008,3.998884,8,Bag
-0.26469743,9.902859,7,Sneaker
8.997793,5.058249,0,T-shirt/top
7.4434786,8.44751,3,Dress
-0.015940705,7.620231,5,Sandal
-1.6045208,6.6271906,9,Ankle boot
11.728342,10.844207,1,Trouser
6.6324387,0.7064071,2,Pullover
1.1264304,8.972579,5,Sandal
-1.810208,5.9394107,9,Ankle boot
0.05726083,7.7862997,5,Sandal
7.791488,4.9083095,0,T-shirt/top
2.3509846,3.08684,8,Bag
1.1512126,8.903884,5,Sandal
0.17891628,10.519624,7,Sneaker
0.16438611,10.675203,7,Sneaker
7.6960635,5.1154604,0,T-shirt/top
0.016761972,10.578981,7,Sneaker
-1.6237116,6.0840044,9,Ankle boot
8.093952,7.9344215,3,Dress
6.6594977,0.3865504,2,Pullover
0.29727674,10.603994,7,Sneaker
8.885427,5.039243,6,Shirt
5.1454515,0.44753578,4,Coat
-1.4406551,7.101055,9,Ankle boot
-1.8910581,5.677738,9,Ankle boot
10.871618,12.1504755,1,Trouser
-1.5563332,6.8662267,9,Ankle boot
1.2264999,8.949248,5,Sandal
6.0166273,1.2310585,4,Coat
11.048784,12.397335,1,Trouser
10.374429,11.968324,1,Trouser
5.988029,1.7529675,6,Shirt
-1.9749253,5.218849,9,Ankle boot
5.942479,1.4154975,6,Shirt
9.1185,6.374298,4,Coat
6.0647326,1.6603929,4,Coat
0.5314352,8.150667,5,Sandal
8.472871,7.627866,3,Dress
8.958342,7.1173987,3,Dress
7.5636563,8.392885,3,Dress
3.4612427,6.196726,9,Ankle boot
8.973908,6.7080426,3,Dress
7.2997746,8.220872,3,Dress
3.1539598,3.9096386,8,Bag
0.20628713,9.006356,5,Sandal
3.1281838,3.8657491,8,Bag
0.9843836,3.9470446,8,Bag
0.75016785,10.292234,7,Sneaker
11.577968,11.520331,1,Trouser
6.8297234,0.3412877,2,Pullover
-0.5750157,8.711727,5,Sandal
4.9569407,3.901659,2,Pullover
0.9194967,5.035322,8,Bag
3.3471317,3.3441584,8,Bag
7.244123,4.9569435,0,T-shirt/top
7.940752,7.435945,3,Dress
8.114856,5.1527934,0,T-shirt/top
12.223517,11.202786,1,Trouser
11.461701,11.239987,1,Trouser
-1.1646705,7.7490373,9,Ankle boot
0.8505782,8.885458,5,Sandal
5.2947617,3.43181,2,Pullover
3.1431437,3.8758385,8,Bag
8.283062,3.9337325,0,T-shirt/top
4.119217,5.812461,5,Sandal
8.728199,5.072771,0,T-shirt/top
0.5063645,7.7088447,5,Sandal
-1.2170472,7.855979,9,Ankle boot
-1.5621798,5.5748944,9,Ankle boot
11.67535,12.1507225,1,Trouser
5.265263,0.26081476,4,Coat
3.6555688,6.186907,5,Sandal
5.9242196,1.8763161,6,Shirt
-1.1622667,7.44887,9,Ankle boot
6.11624,5.2525597,2,Pullover
0.40074724,8.530599,5,Sandal
7.536951,8.23334,3,Dress
6.779392,0.84950453,2,Pullover
8.468861,7.0284877,6,Shirt
7.765556,8.425334,3,Dress
4.570081,5.1340585,2,Pullover
4.5489244,1.6906711,8,Bag
11.52777,11.585814,1,Trouser
-0.66909117,10.38282,7,Sneaker
7.2249246,1.8125831,2,Pullover
10.423729,11.513453,1,Trouser
7.3830824,8.3709345,3,Dress
2.4884303,3.0822988,8,Bag
4.655679,1.0818157,2,Pullover
-1.9557691,4.12664,9,Ankle boot
-1.353135,7.1291013,5,Sandal
8.927884,4.560924,0,T-shirt/top
5.119911,4.5097547,6,Shirt
11.918358,10.819964,1,Trouser
7.230263,2.6688828,3,Dress
0.1882334,10.56242,7,Sneaker
6.419106,1.8640796,4,Coat
-0.03840836,10.453998,7,Sneaker
3.0684793,3.69288,8,Bag
7.7727633,7.602845,3,Dress
5.410966,3.7972484,2,Pullover
8.4312,5.027484,6,Shirt
8.443771,7.0595546,4,Coat
0.7121898,10.311303,7,Sneaker
8.362424,4.369576,0,T-shirt/top
5.1401043,0.6859227,6,Shirt
12.27468,11.267119,1,Trouser
-1.8237705,5.7049985,9,Ankle boot
0.20285696,7.735007,5,Sandal
5.251473,4.221584,4,Coat
6.8399243,1.3849794,6,Shirt
-0.30109423,7.0638194,9,Ankle boot
9.007957,7.3101645,3,Dress
2.851668,3.6234443,8,Bag
4.621371,6.0514326,5,Sandal
12.1828375,12.321635,1,Trouser
6.5406413,2.2702715,6,Shirt
4.5094986,5.8206453,2,Pullover
0.73571366,7.344882,5,Sandal
-1.5993359,5.084746,9,Ankle boot
4.7193294,0.56615967,2,Pullover
6.8441844,7.408142,3,Dress
4.5440464,5.559299,2,Pullover
5.646736,3.371016,9,Ankle boot
8.345669,4.187706,0,T-shirt/top
4.538484,5.993564,0,T-shirt/top
12.156533,11.088397,1,Trouser
6.072037,0.4638695,2,Pullover
5.102339,0.4325812,4,Coat
-0.64609843,10.52238,7,Sneaker
11.761778,10.845579,1,Trouser
9.243904,6.530938,4,Coat
12.001626,11.398825,1,Trouser
2.669545,3.2494824,8,Bag
8.608713,4.1021957,0,T-shirt/top
-0.51737636,9.247092,5,Sandal
11.851116,12.428895,1,Trouser
5.646199,3.2296455,4,Coat
7.9239388,7.2400784,0,T-shirt/top
-2.012723,5.574489,9,Ankle boot
-1.348706,7.099021,9,Ankle boot
-1.8513772,4.3360686,9,Ankle boot
4.338103,1.9168012,2,Pullover
0.84555656,4.6835117,8,Bag
6.841537,7.960474,3,Dress
4.640331,6.0684223,5,Sandal
10.698934,12.115075,1,Trouser
0.5527699,8.055122,5,Sandal
8.363783,4.611226,6,Shirt
4.2626057,4.4394765,8,Bag
6.0318623,1.8582963,4,Coat
-1.6117564,7.1037083,9,Ankle boot
4.657473,5.2870154,6,Shirt
8.3007765,4.533028,0,T-shirt/top
5.110348,0.92737526,2,Pullover
6.257777,1.74356,2,Pullover
8.53263,5.0739536,6,Shirt
0.57947904,4.1883764,8,Bag
-1.1218789,10.049208,7,Sneaker
4.172232,0.9843858,4,Coat
5.393788,0.65520185,4,Coat
5.2716904,0.23232627,6,Shirt
3.7685208,6.239483,5,Sandal
-1.9699208,5.9053893,9,Ankle boot
-0.19792305,9.818835,5,Sandal
7.304628,8.001411,3,Dress
11.022305,11.686235,1,Trouser
6.9791303,8.105775,3,Dress
5.126817,3.540359,6,Shirt
8.739597,5.3592596,0,T-shirt/top
8.9719,6.3983774,3,Dress
-0.13533303,9.908383,5,Sandal
-0.46496078,10.478531,7,Sneaker
-2.0709207,4.500912,9,Ankle boot
5.119604,4.382181,6,Shirt
1.4492011,4.0855665,8,Bag
-0.9459419,6.501841,5,Sandal
-1.8764822,4.0458775,9,Ankle boot
5.9386797,1.7036909,6,Shirt
11.151676,12.325999,1,Trouser
-0.12594765,8.0298195,5,Sandal
5.7655525,5.79035,0,T-shirt/top
5.111203,0.5067011,4,Coat
0.8858189,8.66421,5,Sandal
2.2056913,3.4465652,8,Bag
0.2893608,8.977304,7,Sneaker
7.880778,7.616706,3,Dress
7.0750937,5.395185,0,T-shirt/top
6.8792214,5.1551,0,T-shirt/top
5.92141,1.3485491,6,Shirt
0.40238005,8.2539835,5,Sandal
7.3080745,8.22694,3,Dress
4.1584926,0.8671179,2,Pullover
-1.2393614,7.9424496,9,Ankle boot
11.756887,10.869245,1,Trouser
9.019934,7.0811715,3,Dress
3.333739,4.4214454,8,Bag
12.166772,12.425641,1,Trouser
8.379087,4.571542,0,T-shirt/top
-0.46623757,9.768857,7,Sneaker
11.623092,11.54268,1,Trouser
5.29054,5.867507,0,T-shirt/top
8.588045,4.914033,0,T-shirt/top
5.2712646,3.809072,6,Shirt
8.5929985,7.3487124,3,Dress
3.5581512,4.2276645,8,Bag
5.9483886,0.5802972,4,Coat
2.1493232,3.447761,8,Bag
5.2436504,4.8202796,6,Shirt
1.0751314,4.9145117,8,Bag
7.1647353,2.3629715,4,Coat
3.8350728,6.081692,5,Sandal
8.923589,7.219592,2,Pullover
0.80267644,4.266087,8,Bag
11.938663,10.822438,1,Trouser
-1.9567065,5.432256,9,Ankle boot
7.5472717,7.1203156,3,Dress
4.9517856,4.8747096,0,T-shirt/top
6.7534704,0.39908418,2,Pullover
4.8305507,4.997913,2,Pullover
-0.06322757,10.440235,7,Sneaker
8.2455,4.207901,0,T-shirt/top
7.332555,8.449228,3,Dress
1.4081045,9.664909,5,Sandal
5.1455584,4.0642548,6,Shirt
3.6899312,4.262875,8,Bag
8.793501,5.201443,6,Shirt
1.0791702,4.620769,8,Bag
5.7012877,3.4678907,4,Coat
11.583694,11.560012,1,Trouser
6.4821067,1.9946349,6,Shirt
5.4052024,0.8413536,4,Coat
0.5054512,10.312356,7,Sneaker
6.180646,2.6255767,6,Shirt
6.377549,5.30361,0,T-shirt/top
6.849033,0.38617474,2,Pullover
6.0144615,5.244614,3,Dress
-1.226181,7.752123,5,Sandal
4.2509656,0.9809049,2,Pullover
0.72632635,7.3692102,5,Sandal
6.8568673,1.1922356,4,Coat
0.58089846,7.764595,5,Sandal
8.71758,4.4353533,0,T-shirt/top
-1.4555035,6.9710712,9,Ankle boot
0.32456654,8.725312,5,Sandal
0.90019244,5.138341,8,Bag
6.262132,1.161013,4,Coat
6.502128,2.1890368,4,Coat
8.7617035,6.773966,2,Pullover
4.6717043,3.77591,4,Coat
11.870512,11.765828,1,Trouser
-2.0359864,4.870879,9,Ankle boot
11.6304245,11.3465605,1,Trouser
5.3975964,0.5560591,4,Coat
12.258841,11.634807,1,Trouser
6.8052464,1.871638,4,Coat
7.6784773,7.3478174,3,Dress
-1.8651377,5.920744,9,Ankle boot
6.7845964,0.55064785,2,Pullover
5.880357,1.0850271,6,Shirt
-1.7013237,4.616571,9,Ankle boot
11.929163,12.342377,1,Trouser
5.7429237,0.9610658,2,Pullover
-1.1385002,10.102959,7,Sneaker
11.677404,12.298123,1,Trouser
5.011216,1.1446619,6,Shirt
0.5738224,9.172475,5,Sandal
8.941681,6.6590185,4,Coat
-0.56548965,10.533157,7,Sneaker
-1.1335287,10.074018,7,Sneaker
4.136547,1.2710463,2,Pullover
0.8614719,3.9215302,8,Bag
8.086281,4.729043,0,T-shirt/top
5.1246524,3.6114795,2,Pullover
6.180705,2.2475555,6,Shirt
8.183277,4.4612303,0,T-shirt/top
9.095749,6.96832,3,Dress
-1.2859962,7.721709,9,Ankle boot
4.5709105,5.4636455,6,Shirt
-1.3648045,7.876268,9,Ankle boot
5.4902253,0.2697021,2,Pullover
-0.985114,10.238465,7,Sneaker
7.8293242,7.723394,3,Dress
2.831227,3.5501323,8,Bag
0.57451427,10.408909,7,Sneaker
-1.2662292,7.995076,9,Ankle boot
3.9876852,5.8193364,5,Sandal
-1.7564965,6.141237,9,Ankle boot
6.83453,7.8051534,3,Dress
4.2582107,4.479869,8,Bag
8.8896,6.454251,3,Dress
0.48485014,4.1356244,8,Bag
-1.4510092,7.1385813,9,Ankle boot
5.695738,0.67805856,4,Coat
6.8134665,5.21803,0,T-shirt/top
-1.6133351,4.863416,9,Ankle boot
9.000167,7.3820977,4,Coat
-0.82727265,8.190559,7,Sneaker
7.2981825,6.7486343,0,T-shirt/top
5.063577,2.0989118,2,Pullover
-1.9029258,4.3773136,9,Ankle boot
0.88483745,4.0410223,8,Bag
0.64869267,4.373527,8,Bag
1.3090065,9.537815,5,Sandal
0.43012202,7.7833247,5,Sandal
-1.2259281,7.946911,9,Ankle boot
-1.1888762,7.2216396,9,Ankle boot
7.4441304,8.269391,3,Dress
4.965456,0.8415437,4,Coat
-1.5912768,7.1421747,9,Ankle boot
4.515749,5.594703,2,Pullover
6.9378085,8.22492,1,Trouser
-0.8906843,9.871332,7,Sneaker
8.094966,7.2142386,1,Trouser
0.22521019,9.944447,7,Sneaker
11.07799,11.520672,1,Trouser
4.762903,1.9508417,2,Pullover
8.571903,6.957617,3,Dress
4.872572,2.0136247,6,Shirt
2.9551592,3.6730154,8,Bag
-1.1742941,6.8961363,9,Ankle boot
8.685865,6.528859,6,Shirt
6.0693493,6.4223757,3,Dress
3.2162333,4.378312,8,Bag
7.3553686,8.327051,3,Dress
7.1394625,7.516586,3,Dress
1.6816368,3.9924395,4,Coat
8.50391,4.7425275,0,T-shirt/top
6.6311164,1.337083,2,Pullover
12.107868,12.283361,1,Trouser
2.420102,3.2182574,8,Bag
6.9473257,8.150302,3,Dress
-0.39638397,10.206653,7,Sneaker
-0.93031096,9.369367,7,Sneaker
11.397059,12.480032,1,Trouser
0.34621865,8.038384,5,Sandal
7.6302476,5.0790825,0,T-shirt/top
-0.6293207,9.651278,5,Sandal
4.196154,1.3919294,8,Bag
8.971577,7.1923594,3,Dress
-0.1455092,7.250654,5,Sandal
6.4493074,2.5704827,4,Coat
6.9379754,2.219179,6,Shirt
8.412254,4.548439,0,T-shirt/top
0.08520627,9.901934,7,Sneaker
5.3452077,1.8225797,6,Shirt
3.6029398,4.138016,8,Bag
0.8970741,3.9794483,8,Bag
6.413192,0.6805363,2,Pullover
6.4593315,2.1152182,6,Shirt
7.673368,5.1846557,0,T-shirt/top
12.155599,12.203309,1,Trouser
4.799868,0.9593004,2,Pullover
1.3259239,9.594544,5,Sandal
5.413574,5.7648916,0,T-shirt/top
0.5669047,8.065474,5,Sandal
8.45943,7.010465,3,Dress
0.70846105,3.8760617,8,Bag
-1.7950462,4.5237837,9,Ankle boot
0.78807104,8.738419,5,Sandal
7.5254946,8.4102545,3,Dress
-1.0720626,7.868167,9,Ankle boot
0.9138879,5.1036744,8,Bag
6.4881754,0.73730487,2,Pullover
0.32290617,7.648426,5,Sandal
10.601423,12.000705,1,Trouser
5.051172,1.54007,4,Coat
8.379597,4.240434,6,Shirt
0.5381073,3.9856172,8,Bag
7.023389,2.3686242,4,Coat
11.694968,10.8519125,1,Trouser
7.5523496,8.207683,3,Dress
0.47771516,8.6069765,7,Sneaker
5.3332286,2.0787582,2,Pullover
5.965505,5.746957,0,T-shirt/top
0.411849,9.091069,5,Sandal
10.344113,11.851193,1,Trouser
5.1607847,3.8847787,6,Shirt
-1.4193187,7.0910234,9,Ankle boot
1.8242888,3.7388103,8,Bag
3.9782388,6.164351,5,Sandal
-1.6683842,4.68739,5,Sandal
7.237079,6.9256587,6,Shirt
6.0852833,5.583984,0,T-shirt/top
5.5701504,3.6347933,6,Shirt
2.9021394,3.4582562,8,Bag
6.7987256,0.51522917,6,Shirt
8.249854,4.4390216,0,T-shirt/top
-1.296984,7.743734,9,Ankle boot
-1.2261999,7.8655276,9,Ankle boot
6.827538,0.8132298,2,Pullover
5.1198907,0.89448726,4,Coat
4.7286606,0.9016955,2,Pullover
0.7307865,10.299313,7,Sneaker
3.6514626,4.21992,8,Bag
0.12521806,10.574515,7,Sneaker
10.943703,11.42099,1,Trouser
-1.8174672,5.9783516,9,Ankle boot
7.0572486,8.177539,3,Dress
-0.95946884,8.841514,7,Sneaker
10.886586,12.091899,1,Trouser
7.0741334,2.355763,4,Coat
1.2472166,9.24265,5,Sandal
6.8569818,2.8745708,3,Dress
12.157606,11.594733,1,Trouser
8.271688,7.8777676,3,Dress
0.03946566,9.934172,5,Sandal
-1.2009559,7.8156257,9,Ankle boot
0.4364074,8.794355,5,Sandal
6.084823,5.557579,0,T-shirt/top
5.201346,3.490024,2,Pullover
4.209281,6.0264726,5,Sandal
-0.052951675,9.001434,5,Sandal
-0.68303704,8.547486,7,Sneaker
3.3407705,4.266014,8,Bag
0.93239665,9.436859,5,Sandal
7.7087293,5.149317,0,T-shirt/top
0.1335726,10.6351595,7,Sneaker
5.5013065,3.8749728,4,Coat
5.980926,1.3717004,6,Shirt
-0.5819161,7.1848755,9,Ankle boot
6.631383,0.41343367,2,Pullover
-0.44999844,10.364485,7,Sneaker
0.009699319,10.417302,7,Sneaker
11.647476,12.150194,1,Trouser
7.4603834,5.3701544,0,T-shirt/top
7.6780972,5.395384,0,T-shirt/top
0.93721086,4.833813,8,Bag
6.8455434,0.43345594,2,Pullover
-1.743884,4.565486,9,Ankle boot
11.799137,12.439173,1,Trouser
11.650261,12.238326,1,Trouser
6.499647,0.9924037,2,Pullover
4.6731935,0.5319532,6,Shirt
3.1717348,3.729355,8,Bag
6.2821226,0.9867413,6,Shirt
11.645725,11.422703,1,Trouser
7.485828,8.292574,3,Dress
-0.6127712,9.731773,5,Sandal
5.7848306,5.4998684,6,Shirt
8.337352,4.3038797,6,Shirt
8.428008,4.4875073,0,T-shirt/top
0.6599424,10.333837,7,Sneaker
4.25034,1.6734947,6,Shirt
7.618339,5.3172474,0,T-shirt/top
10.96657,11.73278,1,Trouser
-1.4160837,5.269629,9,Ankle boot
12.236178,11.619723,1,Trouser
1.0181701,5.104015,8,Bag
0.7027358,3.8730156,8,Bag
10.779672,11.69934,1,Trouser
7.773024,8.18538,3,Dress
4.334902,5.96917,9,Ankle boot
11.890894,12.3777,1,Trouser
-0.5326991,7.0435195,9,Ankle boot
7.316197,5.355673,0,T-shirt/top
0.04827285,10.512234,7,Sneaker
0.847557,4.014056,8,Bag
8.613607,7.2694187,3,Dress
5.9091377,5.7329893,3,Dress
4.6353087,0.67110443,2,Pullover
4.667608,4.8944306,2,Pullover
-1.12054,9.850637,7,Sneaker
0.51228756,8.044542,5,Sandal
-0.9349762,8.630145,7,Sneaker
5.1326346,4.0680914,6,Shirt
-1.5153024,6.151352,9,Ankle boot
-1.6567271,4.879801,9,Ankle boot
7.188397,4.9842806,0,T-shirt/top
0.98389125,8.800272,5,Sandal
-1.1535664,9.964916,7,Sneaker
6.4138846,1.4572144,2,Pullover
-1.4770304,5.4197817,9,Ankle boot
6.0398664,0.4106329,2,Pullover
4.1686945,1.428371,8,Bag
-1.0816828,9.379016,7,Sneaker
10.855859,12.014739,1,Trouser
11.692457,12.4563675,1,Trouser
-1.2454944,7.1778626,7,Sneaker
-1.5621905,6.1148796,9,Ankle boot
-1.8070782,5.33339,9,Ankle boot
6.0543876,6.480827,3,Dress
5.607827,4.8244767,4,Coat
4.9971533,4.978163,2,Pullover
-0.8362792,8.469765,7,Sneaker
4.9818807,5.872174,0,T-shirt/top
8.427641,5.186675,6,Shirt
10.915979,11.762797,1,Trouser
6.1744003,1.9107472,2,Pullover
5.0329933,1.1816379,4,Coat
7.7142043,7.8181305,8,Bag
8.906791,6.4582386,2,Pullover
7.208239,1.839142,2,Pullover
-1.6940392,6.1155615,9,Ankle boot
-1.8602612,5.008346,9,Ankle boot
-1.6168772,5.437175,7,Sneaker
7.431023,2.5973186,6,Shirt
-0.38850573,10.09695,7,Sneaker
1.6944693,3.839679,8,Bag
11.908591,10.775755,1,Trouser
8.068596,6.3885107,6,Shirt
4.5478077,5.4757156,4,Coat
1.1007046,8.989107,5,Sandal
5.948175,5.520653,0,T-shirt/top
5.667871,3.1178045,6,Shirt
4.505924,5.240917,6,Shirt
8.697081,4.2305202,0,T-shirt/top
8.208891,3.654185,6,Shirt
1.432707,9.629282,5,Sandal
0.9862279,4.6676064,8,Bag
5.073308,3.062607,2,Pullover
8.95204,4.508163,0,T-shirt/top
1.717769,3.862386,8,Bag
-1.8256396,5.988171,9,Ankle boot
5.9559045,6.3090568,3,Dress
8.196516,3.6510968,6,Shirt
9.047991,5.036605,0,T-shirt/top
4.9553056,5.022612,4,Coat
3.2537677,4.3584085,8,Bag
-1.1177715,7.02705,9,Ankle boot
-1.835093,4.751139,9,Ankle boot
4.454721,1.470463,4,Coat
7.295857,8.224606,3,Dress
0.5467831,8.820601,5,Sandal
8.260075,7.874665,3,Dress
-0.46195403,10.593498,7,Sneaker
6.0687013,0.5641199,2,Pullover
8.901774,4.609934,0,T-shirt/top
12.266231,11.862316,1,Trouser
-1.1689069,9.947268,5,Sandal
5.400335,3.428602,2,Pullover
12.312574,12.292908,1,Trouser
12.0859,10.936482,1,Trouser
9.026578,4.706414,6,Shirt
4.551599,5.6154456,6,Shirt
5.334408,0.35634184,4,Coat
10.916508,11.60879,1,Trouser
11.736218,10.887574,1,Trouser
4.768859,5.878207,0,T-shirt/top
12.090692,11.11439,1,Trouser
8.42992,6.8122563,4,Coat
7.9403405,4.9742455,0,T-shirt/top
7.6299276,8.251234,3,Dress
7.2341433,2.3636713,4,Coat
6.180515,2.3131301,2,Pullover
-1.8077577,4.741069,9,Ankle boot
7.680797,3.9135628,6,Shirt
8.686302,7.7686768,3,Dress
5.774261,1.2462409,6,Shirt
-1.7525678,4.8506417,9,Ankle boot
2.3285365,3.3080566,8,Bag
1.7069062,3.8279588,8,Bag
7.207944,8.293632,3,Dress
0.81048423,4.585598,8,Bag
4.6742225,5.36485,2,Pullover
0.7179647,8.862679,5,Sandal
7.251192,1.8045003,2,Pullover
5.177162,4.948816,6,Shirt
12.07579,12.273013,1,Trouser
-0.2994865,10.272763,7,Sneaker
5.2527227,0.36271492,2,Pullover
1.124671,4.2246456,8,Bag
8.065478,4.772109,0,T-shirt/top
0.25858298,8.135923,9,Ankle boot
7.61118,5.3068852,0,T-shirt/top
6.301134,2.3454201,4,Coat
-1.1260811,8.634796,7,Sneaker
5.847848,1.9713115,2,Pullover
4.5234604,3.6596763,2,Pullover
0.44846272,4.0834675,8,Bag
7.022262,1.8801239,4,Coat
5.6616282,0.79437727,4,Coat
0.9459606,8.908321,5,Sandal
0.6014201,7.2139573,5,Sandal
6.5258102,5.254669,0,T-shirt/top
10.957028,11.696168,1,Trouser
8.699164,5.3318105,0,T-shirt/top
8.421471,6.81803,3,Dress
6.275981,1.9199064,2,Pullover
7.5268283,8.314519,3,Dress
0.27860862,9.529684,7,Sneaker
4.2446837,4.4556727,8,Bag
8.721667,4.191131,0,T-shirt/top
8.2185545,5.7443194,6,Shirt
7.0509753,2.2773888,4,Coat
12.071003,10.888859,1,Trouser
3.539527,4.220991,8,Bag
9.13943,4.9167724,0,T-shirt/top
8.3759775,4.944602,6,Shirt
8.74843,4.402188,0,T-shirt/top
7.2972403,7.384932,3,Dress
-1.0033909,9.403764,8,Bag
4.5360594,5.2266855,2,Pullover
10.328538,11.95365,1,Trouser
7.806867,5.836615,3,Dress
8.530832,6.932798,3,Dress
7.3508716,8.331237,3,Dress
8.133328,4.1962385,0,T-shirt/top
5.174168,4.038126,6,Shirt
3.15838,3.9389265,8,Bag
5.9924054,6.311536,3,Dress
1.2051606,8.990078,5,Sandal
-0.8198632,8.610552,7,Sneaker
-0.78589696,9.820653,7,Sneaker
4.221539,1.6091626,8,Bag
4.067192,1.0096657,2,Pullover
6.7762,2.9561605,4,Coat
8.35385,4.283994,0,T-shirt/top
-1.3174852,7.1503963,9,Ankle boot
0.34524477,10.641697,7,Sneaker
5.901307,5.5989327,0,T-shirt/top
-1.6688817,6.447298,9,Ankle boot
5.498043,3.2531028,2,Pullover
8.561797,4.9529705,0,T-shirt/top
6.7217164,7.491238,3,Dress
0.69691855,8.086403,8,Bag
1.9777763,3.5908663,8,Bag
8.604375,7.047001,3,Dress
0.38795528,7.6492677,5,Sandal
4.6513176,3.7589233,2,Pullover
6.8934875,2.1175702,6,Shirt
8.061081,6.064248,0,T-shirt/top
-1.7385534,6.099635,9,Ankle boot
-0.5501458,10.518124,7,Sneaker
-0.93742436,8.588982,7,Sneaker
3.235691,4.2756433,8,Bag
2.0782757,3.5167117,8,Bag
10.760239,12.081246,1,Trouser
6.281355,5.6775336,6,Shirt
-1.8713812,5.5975356,9,Ankle boot
12.333626,12.435789,1,Trouser
5.0981946,5.838517,0,T-shirt/top
8.02217,7.17367,3,Dress
5.682893,5.7171845,0,T-shirt/top
-0.6709167,9.450475,5,Sandal
7.279316,6.763189,6,Shirt
-1.8948,4.0685525,9,Ankle boot
-1.6228117,5.411598,9,Ankle boot
3.528867,6.3177137,5,Sandal
3.7593436,6.2499046,5,Sandal
7.1751494,7.548771,3,Dress
11.417097,12.174884,1,Trouser
0.61061877,10.207445,7,Sneaker
8.545539,6.957788,4,Coat
6.569308,5.2431664,0,T-shirt/top
3.2255015,4.155001,8,Bag
3.2389646,4.3499923,8,Bag
5.7042103,0.7229952,2,Pullover
4.758733,5.6450295,6,Shirt
7.2155833,7.1011133,0,T-shirt/top
8.421074,5.474195,0,T-shirt/top
-0.9383955,9.715274,7,Sneaker
4.288388,1.912312,6,Shirt
8.674298,6.7021194,4,Coat
0.7309372,10.234443,7,Sneaker
1.0705453,4.230981,8,Bag
0.7839693,8.736333,5,Sandal
9.0029,4.674602,0,T-shirt/top
5.325458,3.8895037,4,Coat
3.267952,4.328219,8,Bag
12.249064,11.048994,1,Trouser
4.5715194,5.139002,2,Pullover
7.615766,7.5014744,3,Dress
4.290036,1.5824268,8,Bag
0.8367946,7.9071774,5,Sandal
6.221576,0.5021946,2,Pullover
6.2373505,0.4490845,2,Pullover
7.9317164,6.4461465,3,Dress
0.75728136,8.138061,5,Sandal
1.0288068,4.5012636,8,Bag
7.3846455,8.396411,3,Dress
7.211619,1.3232063,6,Shirt
8.507064,6.841921,0,T-shirt/top
4.0303974,1.014562,6,Shirt
9.206363,6.73467,6,Shirt
8.548028,7.2158265,4,Coat
11.267349,11.907917,1,Trouser
-1.9675161,4.841932,9,Ankle boot
1.3786169,9.669981,5,Sandal
6.0407877,5.6570477,0,T-shirt/top
-1.7810795,5.286808,9,Ankle boot
-0.0641457,9.7367935,5,Sandal
8.5904875,6.9897637,4,Coat
8.871348,7.522149,3,Dress
11.805628,11.20189,1,Trouser
11.695711,12.314803,1,Trouser
-0.81721765,8.105572,7,Sneaker
1.341269,9.427118,5,Sandal
4.6338415,0.811873,2,Pullover
-1.4586194,7.7126217,9,Ankle boot
8.404574,7.905044,3,Dress
-1.4187865,7.994109,7,Sneaker
12.264695,12.33959,1,Trouser
8.622196,7.594899,3,Dress
6.70965,8.071282,3,Dress
6.86874,1.2598989,6,Shirt
0.56239676,8.872465,5,Sandal
3.2541585,3.207613,8,Bag
3.1865466,3.9843922,8,Bag
-0.4990549,9.458804,5,Sandal
-0.9029412,8.524499,7,Sneaker
7.524934,8.310467,3,Dress
0.90229464,4.555775,8,Bag
5.911484,1.5675402,4,Coat
12.236359,11.540807,1,Trouser
-1.7902348,6.2480154,9,Ankle boot
-0.8981988,9.566719,7,Sneaker
4.4740934,5.493536,4,Coat
7.4051814,5.2778754,6,Shirt
9.184658,6.5759854,4,Coat
4.6183925,1.023157,2,Pullover
8.080914,7.936087,3,Dress
5.0977073,1.8244548,4,Coat
8.907827,4.994951,0,T-shirt/top
6.755049,6.7298884,3,Dress
3.390306,6.3579087,5,Sandal
6.6853833,0.516498,2,Pullover
5.9335446,3.502177,2,Pullover
-1.5106831,5.447077,9,Ankle boot
4.4618373,5.520711,6,Shirt
7.1925516,2.3691847,4,Coat
7.4675326,2.5045507,4,Coat
5.94516,4.7486663,3,Dress
5.9232664,5.62802,0,T-shirt/top
11.107306,12.430796,1,Trouser
2.173193,3.4278798,8,Bag
5.4317155,1.6829346,8,Bag
7.542546,8.151054,3,Dress
-0.6724477,6.7079525,9,Ankle boot
1.8384478,3.6996393,8,Bag
8.166055,8.014653,3,Dress
7.657336,7.817321,3,Dress
8.647291,4.9811306,0,T-shirt/top
5.093326,3.263535,4,Coat
0.919618,8.872973,5,Sandal
4.3120213,0.94664264,4,Coat
-0.18963152,8.705492,5,Sandal
0.11912623,9.723847,5,Sandal
1.3523585,9.484124,5,Sandal
6.387882,0.5163208,4,Coat
7.1891675,5.414847,0,T-shirt/top
0.96025974,4.9689546,8,Bag
3.9834104,5.9508457,5,Sandal
8.925325,5.1423335,0,T-shirt/top
0.24710225,7.944209,5,Sandal
7.315144,8.057534,3,Dress
7.801884,7.717163,3,Dress
-0.79233396,10.191724,7,Sneaker
5.5506806,4.0550194,3,Dress
-1.247911,7.054857,9,Ankle boot
4.9478874,0.91049415,2,Pullover
0.4243256,8.302261,5,Sandal
8.037758,6.498464,3,Dress
8.856386,5.1245046,0,T-shirt/top
5.8240724,5.8471713,6,Shirt
-0.49985045,9.861629,7,Sneaker
10.495732,12.089649,1,Trouser
12.398858,12.449426,1,Trouser
3.0686734,3.7752392,8,Bag
4.868472,0.50213706,2,Pullover
2.1829383,3.4796894,8,Bag
0.6919841,4.3647513,8,Bag
-1.2217137,7.7244005,9,Ankle boot
6.2038927,5.2852955,6,Shirt
-0.99189436,9.609381,7,Sneaker
-0.12166742,7.9786367,5,Sandal
7.383167,7.852789,3,Dress
3.388801,6.2880816,5,Sandal
5.1066713,3.7283185,4,Coat
7.895613,3.9402735,6,Shirt
9.019049,6.4185915,0,T-shirt/top
6.8324103,0.408494,2,Pullover
4.480223,5.706484,2,Pullover
7.315862,2.4018033,4,Coat
8.086844,6.499282,6,Shirt
4.1783075,1.3383045,2,Pullover
3.3245037,4.2638845,8,Bag
8.138746,7.1140676,3,Dress
-0.7616937,10.166629,7,Sneaker
8.754954,7.275362,3,Dress
5.1460376,0.75428945,6,Shirt
0.6457113,10.313057,7,Sneaker
7.1575403,2.1874695,4,Coat
4.0279837,1.0732362,2,Pullover
11.740947,10.8583765,1,Trouser
9.041296,7.197558,3,Dress
-1.4538115,5.290241,9,Ankle boot
8.704409,6.776165,0,T-shirt/top
0.05843692,7.7546496,5,Sandal
-1.2204149,7.8471255,9,Ankle boot
7.2417684,1.8923258,4,Coat
-0.7834493,10.328907,7,Sneaker
1.1036614,9.155385,5,Sandal
7.76472,7.9995146,3,Dress
5.268398,0.38182583,4,Coat
5.3475895,6.0029893,8,Bag
-0.7286888,9.477733,5,Sandal
0.51321995,7.762984,5,Sandal
7.5460844,7.376001,3,Dress
1.3028436,9.651657,5,Sandal
5.812306,0.5562229,6,Shirt
6.22112,3.7279222,2,Pullover
5.9684477,2.9371724,4,Coat
11.669488,12.102832,1,Trouser
8.073308,6.4325576,2,Pullover
5.027173,4.079962,4,Coat
6.878199,8.226375,3,Dress
5.773467,5.8936934,3,Dress
9.062529,4.7792006,6,Shirt
5.7686653,1.3083538,6,Shirt
7.5367503,6.2112536,6,Shirt
5.942908,0.49101257,2,Pullover
5.1290927,4.8510175,2,Pullover
5.7922997,4.4706774,1,Trouser
4.955586,2.242627,4,Coat
3.364467,6.2936525,5,Sandal
5.469734,5.6653996,8,Bag
8.143978,7.585956,3,Dress
11.214494,12.319274,1,Trouser
-0.37755713,10.008472,7,Sneaker
7.9444537,4.5536227,0,T-shirt/top
5.502679,0.7824239,2,Pullover
0.7823664,4.577668,8,Bag
1.3784441,9.655414,5,Sandal
3.0333567,3.7042634,8,Bag
8.50727,4.248806,0,T-shirt/top
1.3748271,4.472452,6,Shirt
5.925405,1.3696345,6,Shirt
5.9732666,1.3648387,6,Shirt
0.9496709,4.0301123,8,Bag
8.702917,4.1677356,0,T-shirt/top
6.895536,2.83603,6,Shirt
8.721774,4.380379,0,T-shirt/top
1.1729442,8.953368,5,Sandal
4.746914,6.0819354,6,Shirt
11.662328,12.042524,1,Trouser
-1.0763357,9.778893,7,Sneaker
5.962675,1.6697216,6,Shirt
6.29572,5.432836,0,T-shirt/top
12.488336,12.019804,1,Trouser
8.155076,4.1341643,6,Shirt
0.3695039,10.508202,7,Sneaker
5.493392,6.044735,8,Bag
7.8770113,6.5201907,0,T-shirt/top
9.210467,6.904132,3,Dress
7.157816,6.917868,3,Dress
-1.9011832,4.0592823,9,Ankle boot
-0.43218502,10.366806,5,Sandal
8.038048,6.5667686,0,T-shirt/top
5.168158,1.585159,4,Coat
4.5015936,5.950748,4,Coat
6.64049,0.9167233,2,Pullover
0.6101027,8.024252,5,Sandal
6.5143895,5.2450857,0,T-shirt/top
0.50182897,8.7823515,5,Sandal
7.030609,6.992385,6,Shirt
8.450217,7.449134,3,Dress
4.5294476,1.7457238,2,Pullover
0.880982,4.0191164,8,Bag
-1.795308,5.272618,9,Ankle boot
4.5969176,5.5542746,6,Shirt
7.3689203,2.2978601,4,Coat
-1.5804045,7.2866874,9,Ankle boot
4.656051,5.6716814,6,Shirt
8.82414,6.9518332,4,Coat
8.157083,7.925209,3,Dress
6.7871184,1.1939286,4,Coat
4.0775404,1.2113776,2,Pullover
0.4209202,10.418319,7,Sneaker
-1.041157,10.013051,7,Sneaker
11.090021,11.829949,1,Trouser
12.517178,12.020289,1,Trouser
5.765525,0.85126686,2,Pullover
-0.50464404,9.865383,7,Sneaker
4.964828,5.761697,2,Pullover
7.214968,2.6460743,4,Coat
4.5119324,6.0589356,8,Bag
-1.066466,8.640108,7,Sneaker
6.9457784,5.268144,0,T-shirt/top
7.2963443,7.606252,3,Dress
-0.81603724,10.349954,7,Sneaker
6.491637,1.3357091,4,Coat
-0.28882712,9.991406,5,Sandal
0.53258044,8.158833,5,Sandal
-1.7867093,4.6311064,9,Ankle boot
-0.6212502,7.281442,5,Sandal
5.8246536,3.4594526,4,Coat
12.167378,12.207354,1,Trouser
4.5355453,5.2747226,2,Pullover
8.808126,4.338282,0,T-shirt/top
8.024714,5.954536,1,Trouser
-0.838511,9.731018,7,Sneaker
0.7613958,10.286877,7,Sneaker
-0.9212311,8.724566,7,Sneaker
0.67527133,3.883961,8,Bag
-0.46402484,9.969827,7,Sneaker
5.055489,3.908695,6,Shirt
6.7609663,6.81739,3,Dress
-1.300176,7.1388063,9,Ankle boot
-1.4473162,5.4151797,9,Ankle boot
-0.050013278,8.027834,7,Sneaker
7.2223063,1.8087252,4,Coat
6.338299,0.8017661,4,Coat
-1.1296767,9.833288,7,Sneaker
3.1137602,3.8489363,8,Bag
7.811476,5.0017056,0,T-shirt/top
7.6063175,4.4199123,0,T-shirt/top
6.9460435,0.72529703,2,Pullover
5.8674073,1.3735542,2,Pullover
11.756543,12.345012,1,Trouser
10.9046955,11.879967,1,Trouser
0.5095219,8.8336735,5,Sandal
5.869409,4.9272275,3,Dress
3.1509943,3.9294217,8,Bag
5.1727486,2.1725123,4,Coat
2.9123921,3.471136,8,Bag
6.714311,0.92713463,4,Coat
-0.93173015,10.015653,7,Sneaker
7.339769,2.472392,2,Pullover
6.1272316,6.1330924,0,T-shirt/top
6.7383723,1.5774416,6,Shirt
8.13482,6.9449477,3,Dress
0.97052604,4.9680095,8,Bag
-1.8488684,4.3914447,9,Ankle boot
12.114955,11.974319,1,Trouser
-0.979257,8.718186,9,Ankle boot
6.658827,0.80735976,2,Pullover
10.914464,12.032395,1,Trouser
11.60687,11.465234,1,Trouser
8.362251,5.036892,0,T-shirt/top
-0.7549191,10.340895,7,Sneaker
-0.8746731,10.248988,7,Sneaker
-0.74039817,9.748491,7,Sneaker
8.080853,4.581489,0,T-shirt/top
-0.9054386,8.203763,7,Sneaker
6.115811,0.7276455,2,Pullover
6.177097,2.688637,2,Pullover
8.40366,7.751291,3,Dress
1.391621,9.679678,5,Sandal
7.913766,7.3648086,3,Dress
2.3448553,3.3161376,8,Bag
8.577097,4.473032,0,T-shirt/top
6.8173175,0.37671387,2,Pullover
6.180519,0.95141333,4,Coat
8.671299,4.2092137,0,T-shirt/top
6.3121495,2.1693034,4,Coat
-0.46398747,9.915592,7,Sneaker
8.864343,4.4265003,0,T-shirt/top
1.1010264,4.3814797,8,Bag
7.218576,1.7999296,4,Coat
-0.72382987,9.671244,7,Sneaker
2.1654048,3.6067128,8,Bag
7.2906895,5.3271265,0,T-shirt/top
8.509924,4.641782,0,T-shirt/top
11.740718,10.820835,1,Trouser
1.251828,4.639531,8,Bag
8.861752,7.50075,3,Dress
-1.6932997,4.720206,9,Ankle boot
5.645862,4.715671,3,Dress
5.3722005,2.2688432,6,Shirt
8.823971,6.8437023,3,Dress
12.209105,11.5824795,1,Trouser
6.826682,1.7235825,6,Shirt
5.6874704,4.782673,3,Dress
-1.8776948,4.0476804,9,Ankle boot
5.184385,0.4166679,2,Pullover
4.163161,1.4631002,2,Pullover
5.9207716,0.69076425,4,Coat
-2.060252,5.3366055,9,Ankle boot
4.242848,1.733243,8,Bag
0.6691706,8.063859,5,Sandal
12.173813,12.108835,1,Trouser
11.638402,11.052784,1,Trouser
12.137388,11.282071,1,Trouser
5.162637,0.87809235,4,Coat
7.195719,1.2798588,2,Pullover
5.91443,5.734083,6,Shirt
4.6361322,1.5959078,6,Shirt
-0.20744348,8.428426,5,Sandal
-1.4434963,7.029865,9,Ankle boot
0.5893516,10.099828,5,Sandal
8.748934,6.644347,4,Coat
5.991202,2.8073108,2,Pullover
7.4574656,7.7286005,3,Dress
-0.9331271,7.151712,9,Ankle boot
7.15065,1.6301097,2,Pullover
7.786968,5.3765774,6,Shirt
8.437416,4.459248,0,T-shirt/top
5.0752826,1.110328,3,Dress
5.2548714,0.7658205,6,Shirt
8.734138,4.4941726,0,T-shirt/top
-0.43308538,10.084586,7,Sneaker
4.78486,1.1680354,2,Pullover
-0.9681177,8.305784,7,Sneaker
-1.8130658,4.087433,9,Ankle boot
6.3398166,4.557651,1,Trouser
4.3607163,1.5143934,2,Pullover
4.572432,5.172207,2,Pullover
5.2532825,3.9552236,6,Shirt
8.881934,5.209529,0,T-shirt/top
11.728005,10.859821,1,Trouser
6.1276684,4.35606,1,Trouser
6.5576706,7.3303595,3,Dress
7.1839623,1.6810194,4,Coat
2.4713402,3.3131902,8,Bag
2.3471794,3.2304795,8,Bag
8.570476,4.2974424,0,T-shirt/top
0.5580592,10.44096,7,Sneaker
8.382734,4.5439343,0,T-shirt/top
-1.8228462,3.9671988,9,Ankle boot
-0.9310802,8.492719,7,Sneaker
8.433643,4.5413723,0,T-shirt/top
4.7699,5.0584707,2,Pullover
6.90391,1.5097449,4,Coat
7.6770678,6.307914,6,Shirt
5.578472,4.270262,2,Pullover
12.196133,12.162419,1,Trouser
7.9931464,6.1683984,6,Shirt
5.4147716,0.82972926,4,Coat
3.0307183,3.7098851,8,Bag
-0.58026177,9.892954,7,Sneaker
2.7370074,3.4491513,8,Bag
7.7784014,4.963457,6,Shirt
7.9551625,4.347528,0,T-shirt/top
0.7122968,8.886972,5,Sandal
2.3929539,3.2401493,8,Bag
-1.1190149,10.033953,7,Sneaker
8.542133,6.962275,3,Dress
-1.5964886,5.9529753,9,Ankle boot
-1.7466513,4.9230466,9,Ankle boot
12.241593,11.764037,1,Trouser
-1.6540403,5.68515,9,Ankle boot
7.252226,2.3812854,4,Coat
8.64646,7.0038667,3,Dress
5.3520184,0.40575713,6,Shirt
7.938415,8.035798,3,Dress
5.162773,0.74307543,6,Shirt
-1.698436,6.386912,9,Ankle boot
7.812847,7.5594435,3,Dress
7.141133,5.494362,0,T-shirt/top
-0.8442239,9.455627,7,Sneaker
7.1929526,2.2618413,4,Coat
-0.16172306,10.101199,7,Sneaker
8.1916,4.869539,0,T-shirt/top
8.828806,5.220072,0,T-shirt/top
8.834098,7.4737096,4,Coat
6.115906,2.228219,4,Coat
-1.7997932,4.781251,9,Ankle boot
0.4163704,8.752278,5,Sandal
4.7473035,5.254868,2,Pullover
-1.4080762,7.914258,7,Sneaker
5.2797117,0.306677,4,Coat
10.265178,11.85189,1,Trouser
5.1456184,2.2061265,2,Pullover
1.150478,4.5909467,8,Bag
6.2979217,5.3992004,0,T-shirt/top
4.7379503,1.8939466,2,Pullover
11.311747,11.950086,1,Trouser
8.723387,4.1633716,0,T-shirt/top
6.046581,2.7312014,2,Pullover
0.069190845,8.062824,5,Sandal
5.9674053,1.5968218,4,Coat
0.25780526,10.309665,7,Sneaker
7.656977,7.9454513,3,Dress
8.539703,7.2451444,3,Dress
-1.766451,3.9607518,9,Ankle boot
0.9226897,4.0480886,8,Bag
8.441235,6.949937,3,Dress
-0.1133331,9.258053,5,Sandal
0.8820757,5.2794366,8,Bag
7.9986625,4.6260405,0,T-shirt/top
5.888389,1.8764765,4,Coat
11.236709,12.354747,1,Trouser
5.1962676,1.9958088,6,Shirt
-0.8751866,8.323638,7,Sneaker
4.966669,3.6752076,2,Pullover
-0.61003804,9.503208,7,Sneaker
3.935245,6.038688,5,Sandal
7.277052,2.3549519,4,Coat
0.46232724,8.888129,7,Sneaker
11.414624,11.574435,1,Trouser
1.1298267,4.4589696,8,Bag
8.965601,6.8779306,3,Dress
-1.0070865,10.231544,7,Sneaker
2.7560992,3.4993472,8,Bag
7.926119,4.5545025,0,T-shirt/top
5.1767554,2.4138918,4,Coat
7.1806498,1.245324,2,Pullover
5.975851,4.5257607,4,Coat
6.516974,5.2121716,0,T-shirt/top
7.652606,8.320613,1,Trouser
3.5304217,6.355304,5,Sandal
8.127716,7.986556,3,Dress
8.896069,5.164147,6,Shirt
3.1906388,3.9101985,8,Bag
-0.89232206,10.275439,7,Sneaker
4.5887146,0.80674237,2,Pullover
-0.7903155,9.453945,9,Ankle boot
11.231621,12.535005,1,Trouser
0.52581453,9.552426,7,Sneaker
8.91446,7.2763767,3,Dress
-1.6215998,3.9313252,9,Ankle boot
6.5954556,7.42984,3,Dress
0.3430606,10.7133665,7,Sneaker
2.7057858,3.5894635,8,Bag
8.727177,5.099122,6,Shirt
0.51480967,9.336336,7,Sneaker
0.6172309,4.319672,8,Bag
8.364455,7.738726,3,Dress
-0.80285823,10.224423,7,Sneaker
8.574327,5.252399,0,T-shirt/top
7.4722815,8.470498,3,Dress
5.616806,4.065942,6,Shirt
5.11818,3.432658,6,Shirt
0.46523172,8.162193,5,Sandal
0.7137778,8.249861,5,Sandal
7.4313536,4.646621,0,T-shirt/top
-0.954266,8.647206,7,Sneaker
-1.6438539,6.4840493,9,Ankle boot
10.875719,12.226995,1,Trouser
0.8804489,9.208719,5,Sandal
6.366592,0.5864595,6,Shirt
8.847738,4.5968027,0,T-shirt/top
-1.5570393,6.842204,9,Ankle boot
7.128209,5.348499,6,Shirt
4.840595,1.3589455,2,Pullover
4.8898916,2.3430827,2,Pullover
-0.6603563,7.606837,5,Sandal
8.927982,7.3394003,4,Coat
5.2960644,4.7396827,2,Pullover
8.312875,4.2290196,0,T-shirt/top
4.6983914,0.9768664,2,Pullover
6.280394,1.9571619,4,Coat
1.831159,3.7095046,8,Bag
0.6303074,10.40137,7,Sneaker
-1.9290353,5.2615123,9,Ankle boot
12.263149,11.300616,1,Trouser
-0.81518745,8.67207,7,Sneaker
7.440975,4.557176,6,Shirt
12.515246,12.030099,1,Trouser
-0.84489566,8.251541,7,Sneaker
8.534682,7.7453747,0,T-shirt/top
8.629876,7.00157,3,Dress
4.799972,1.6993233,4,Coat
-0.17553753,8.525856,5,Sandal
2.4630146,3.1214032,8,Bag
5.7224813,1.4844623,2,Pullover
-1.1635422,9.9071045,7,Sneaker
4.7017126,0.432355,2,Pullover
7.5848756,5.2677817,0,T-shirt/top
8.576023,7.3595605,3,Dress
1.0086368,9.622108,5,Sandal
2.7991996,3.516447,8,Bag
8.654444,4.3125033,0,T-shirt/top
7.0023813,2.3540826,4,Coat
10.774257,11.644435,1,Trouser
-0.075408645,10.409635,7,Sneaker
-1.8504486,5.947065,9,Ankle boot
5.0974727,0.80272806,4,Coat
11.794998,12.028483,1,Trouser
9.18111,6.848069,3,Dress
-0.29474875,8.6195135,5,Sandal
7.5911283,3.878884,0,T-shirt/top
-1.1397938,9.955756,7,Sneaker
-0.94954395,9.584196,5,Sandal
10.526723,11.432802,1,Trouser
5.0969267,4.766384,6,Shirt
8.774962,7.115458,3,Dress
8.282856,5.0679646,0,T-shirt/top
7.594622,7.285801,3,Dress
6.8492107,6.7467327,3,Dress
10.437145,11.673968,1,Trouser
2.64162,3.3880575,8,Bag
-1.7216753,5.798425,9,Ankle boot
1.03652,4.2720275,8,Bag
-0.9223604,6.488126,5,Sandal
11.882155,11.533909,1,Trouser
10.899178,11.824169,1,Trouser
-1.848637,4.255733,9,Ankle boot
6.4791594,2.1308565,6,Shirt
12.141352,12.238717,1,Trouser
-1.421732,6.790289,9,Ankle boot
1.0280721,4.1045995,8,Bag
0.7058837,3.760579,8,Bag
0.12507948,10.531689,7,Sneaker
4.801757,5.0017834,4,Coat
-0.79023504,10.082635,7,Sneaker
6.064335,2.2827914,4,Coat
12.478084,12.09129,1,Trouser
6.736742,0.52478766,2,Pullover
0.8557995,8.776469,5,Sandal
7.458215,8.425036,3,Dress
-1.0747718,9.74135,7,Sneaker
10.9353695,12.1970215,1,Trouser
4.3177915,0.80397063,2,Pullover
8.600421,6.9009547,4,Coat
6.3021035,2.4790757,6,Shirt
7.3635125,6.7674813,0,T-shirt/top
8.038575,6.4926605,6,Shirt
5.4855857,3.5917556,4,Coat
6.8258247,0.88100946,4,Coat
-1.1899897,6.9797854,9,Ankle boot
4.833356,1.2618929,2,Pullover
-0.7550366,8.5929785,7,Sneaker
5.497043,3.413394,6,Shirt
-1.7559206,6.1308618,9,Ankle boot
6.811585,2.1175535,6,Shirt
1.0965897,8.991916,5,Sandal
5.0161552,5.864984,0,T-shirt/top
1.3218421,9.422727,5,Sandal
6.1495137,2.9807408,2,Pullover
5.701914,5.0265856,6,Shirt
-0.48058715,9.439645,5,Sandal
7.6886835,4.460968,6,Shirt
7.1268897,4.9954896,0,T-shirt/top
8.422351,6.968069,4,Coat
8.689181,6.805183,2,Pullover
5.204671,3.9933848,6,Shirt
-1.9434177,5.280796,9,Ankle boot
5.7937503,4.86674,3,Dress
0.5837994,8.852091,5,Sandal
8.019379,6.6709523,0,T-shirt/top
6.725169,1.4900175,4,Coat
-0.86465085,9.15102,5,Sandal
-0.7455655,10.005575,5,Sandal
6.7953534,0.45678017,2,Pullover
4.608719,6.0197673,0,T-shirt/top
11.6285715,11.002629,1,Trouser
5.0122056,5.8562803,0,T-shirt/top
7.829773,5.3803196,6,Shirt
5.231896,4.760783,2,Pullover
8.334803,6.9682536,4,Coat
1.1088793,9.017177,5,Sandal
6.887761,3.0376694,4,Coat
4.244072,1.4925832,2,Pullover
8.900181,7.2339363,3,Dress
10.869155,12.276058,1,Trouser
0.43708363,4.1507783,8,Bag
6.2407346,5.503234,0,T-shirt/top
0.47922117,10.502359,7,Sneaker
-1.9275742,4.060417,9,Ankle boot
3.9089665,6.033791,5,Sandal
5.5797253,3.2395668,4,Coat
3.756641,6.2466936,5,Sandal
0.8654105,4.084606,8,Bag
0.9349389,4.037648,8,Bag
-1.1802667,6.375676,9,Ankle boot
4.887992,4.665517,4,Coat
-0.8704692,9.968746,7,Sneaker
0.38665017,7.908526,7,Sneaker
6.4159594,5.2922974,0,T-shirt/top
-0.025480231,10.48686,7,Sneaker
6.981734,2.2784467,4,Coat
6.4733644,1.7674541,6,Shirt
4.5510845,5.985404,6,Shirt
0.9162921,4.7659607,8,Bag
7.256486,1.6613238,4,Coat
0.3122221,7.690477,5,Sandal
-1.2122715,6.869142,9,Ankle boot
-1.2165072,7.7277737,9,Ankle boot
5.803025,1.38879,6,Shirt
7.591275,7.7771354,3,Dress
8.0714035,7.2355256,0,T-shirt/top
8.041645,7.9238796,3,Dress
-1.9314294,4.152626,9,Ankle boot
8.426284,5.4738197,0,T-shirt/top
10.868535,12.043393,1,Trouser
-1.5590798,6.6878605,9,Ankle boot
8.175596,7.1237926,3,Dress
4.691066,4.698201,2,Pullover
5.594644,4.9659715,2,Pullover
6.2839003,1.1781849,4,Coat
5.448045,3.384958,6,Shirt
6.533917,5.1879597,0,T-shirt/top
-2.0497108,5.2569356,9,Ankle boot
0.3182048,10.65857,7,Sneaker
0.9833811,3.922272,8,Bag
1.0958996,4.180742,8,Bag
7.6564975,5.1953583,0,T-shirt/top
5.090436,1.8830965,4,Coat
7.5357566,6.8246927,3,Dress
1.0060652,5.4235125,8,Bag
2.025054,3.6169167,8,Bag
-1.876447,4.3151984,9,Ankle boot
5.407617,5.334427,3,Dress
0.39226863,8.7498255,7,Sneaker
6.168298,5.399155,3,Dress
1.0443151,4.8094034,8,Bag
0.68797976,3.9501863,8,Bag
7.113103,7.0447464,3,Dress
7.4440584,7.7943964,3,Dress
6.4315715,5.291625,6,Shirt
6.2881846,1.3114899,4,Coat
0.1615765,8.52051,5,Sandal
11.063129,11.242432,3,Dress
9.039686,4.999519,0,T-shirt/top
-1.3826121,6.8502846,9,Ankle boot
11.507887,11.569562,1,Trouser
5.263914,0.29234073,4,Coat
3.099094,3.8258543,8,Bag
5.384986,1.8508008,4,Coat
7.6345305,8.271383,3,Dress
12.378079,11.380426,1,Trouser
-1.0069023,9.2406,7,Sneaker
-0.89201254,6.6838975,9,Ankle boot
-1.7795784,4.647326,9,Ankle boot
-2.0297546,4.841374,9,Ankle boot
7.234038,1.7657634,4,Coat
11.269727,12.121878,1,Trouser
-0.8797016,8.5777855,7,Sneaker
4.930351,4.714447,6,Shirt
-1.8605918,4.0289264,9,Ankle boot
-0.9174316,7.061319,9,Ankle boot
5.219741,1.9674255,6,Shirt
5.532236,4.3541293,4,Coat
8.530837,6.7822003,4,Coat
2.4366193,3.279369,8,Bag
11.59374,12.13023,1,Trouser
11.755116,10.831503,1,Trouser
11.688712,10.927963,1,Trouser
4.746048,0.92591906,2,Pullover
5.1026235,3.4553475,6,Shirt
0.65097356,8.283853,7,Sneaker
7.762752,8.5103245,3,Dress
-1.7858509,6.112992,9,Ankle boot
-1.3822292,5.2432957,9,Ankle boot
-0.74277467,6.4989862,5,Sandal
6.3464837,0.5572883,4,Coat
8.906604,6.6105614,3,Dress
6.7138243,1.5373739,4,Coat
4.7309294,5.0979657,4,Coat
11.635111,11.077462,1,Trouser
11.771232,12.347807,1,Trouser
7.685034,8.092074,3,Dress
0.34269166,10.001713,7,Sneaker
4.216829,0.9591995,4,Coat
-1.8942384,4.012219,9,Ankle boot
-1.3102661,6.8849554,9,Ankle boot
5.832546,5.458237,6,Shirt
2.9926121,3.675576,8,Bag
4.562308,0.6354105,2,Pullover
6.1856303,2.0105214,4,Coat
0.38594317,10.092314,7,Sneaker
9.018928,7.154628,4,Coat
8.477472,4.245098,0,T-shirt/top
11.658341,10.993905,1,Trouser
-0.91091186,7.2419405,7,Sneaker
5.951485,4.7179527,4,Coat
4.518155,1.6999246,2,Pullover
1.0424635,9.017773,5,Sandal
11.678288,12.353296,1,Trouser
4.213093,1.1365383,2,Pullover
-1.4204745,7.0521655,9,Ankle boot
4.5940385,5.256639,4,Coat
5.7423763,1.3566213,6,Shirt
4.9179416,3.413522,2,Pullover
2.3850126,3.2814476,8,Bag
8.0222025,6.736249,0,T-shirt/top
6.993999,8.195493,3,Dress
4.8617897,6.2220016,3,Dress
6.8374314,0.3740608,2,Pullover
12.235929,11.56979,1,Trouser
6.7871466,1.6750174,6,Shirt
-1.2217685,9.9411955,7,Sneaker
5.9903927,5.8013554,6,Shirt
7.639343,4.735217,0,T-shirt/top
-1.9520506,5.082917,9,Ankle boot
6.3549542,5.3321285,6,Shirt
-0.81586343,9.211881,7,Sneaker
1.9056288,3.9437084,8,Bag
4.8802114,5.8560266,0,T-shirt/top
6.167937,4.221451,1,Trouser
5.105593,0.6927727,6,Shirt
8.742533,4.6170635,0,T-shirt/top
5.9031734,1.6797804,4,Coat
10.902297,12.23407,1,Trouser
11.968492,12.1597,1,Trouser
5.094314,3.537011,6,Shirt
2.5356367,3.2544084,8,Bag
8.07501,4.2683372,0,T-shirt/top
8.520633,7.3558164,3,Dress
9.210436,6.6262817,4,Coat
0.35846296,10.556854,7,Sneaker
4.8639812,1.8662094,4,Coat
1.3363924,9.674992,5,Sandal
8.32328,4.4078045,0,T-shirt/top
6.0962386,1.9319215,4,Coat
-1.8002441,5.5854034,9,Ankle boot
0.053236492,9.5348625,5,Sandal
5.479322,5.6879835,6,Shirt
0.57128507,9.914451,5,Sandal
1.0898079,4.528171,8,Bag
8.82955,4.345605,0,T-shirt/top
4.2207794,1.4854852,2,Pullover
11.707533,12.014236,1,Trouser
2.479761,3.281886,8,Bag
1.0034329,4.8688684,8,Bag
12.386797,12.428039,1,Trouser
4.7768655,3.5746276,2,Pullover
3.1684935,3.9675965,8,Bag
-1.1219875,8.357914,7,Sneaker
6.699674,0.6916311,2,Pullover
-1.7810912,6.098764,9,Ankle boot
11.220097,11.859921,1,Trouser
11.027018,11.659429,1,Trouser
6.91483,5.431027,0,T-shirt/top
5.061539,4.6065197,6,Shirt
1.4149971,9.644979,5,Sandal
5.3586,0.64318275,2,Pullover
0.91079026,9.175335,5,Sandal
12.030888,10.850452,1,Trouser
-0.60164475,9.469747,5,Sandal
-0.32008427,9.729195,7,Sneaker
7.610254,7.369041,3,Dress
8.109591,8.002026,3,Dress
-0.90406287,10.273821,7,Sneaker
-1.5030607,7.048554,9,Ankle boot
11.82175,11.672162,1,Trouser
7.82544,7.0831985,3,Dress
5.42666,1.6575503,8,Bag
7.889629,6.184452,0,T-shirt/top
0.3209183,8.775572,5,Sandal
6.9591804,2.2263877,6,Shirt
7.089619,8.157313,3,Dress
7.223348,2.1851568,4,Coat
0.9461915,4.9081454,8,Bag
7.337581,5.428736,0,T-shirt/top
0.86234564,4.5319595,8,Bag
0.19601208,10.511982,7,Sneaker
-1.7088332,6.5615916,7,Sneaker
4.773118,5.8377624,2,Pullover
1.3218985,9.706184,5,Sandal
4.8077655,3.5047617,2,Pullover
-1.242876,8.169233,5,Sandal
10.512973,11.764603,1,Trouser
8.165717,4.433126,0,T-shirt/top
8.203553,4.4295316,0,T-shirt/top
-0.66423947,8.618949,7,Sneaker
-1.7488993,5.4074173,9,Ankle boot
-1.7408967,5.8964496,9,Ankle boot
4.42132,6.0718794,6,Shirt
-1.7424909,4.8741555,9,Ankle boot
9.002981,6.947248,3,Dress
7.9466968,6.2084484,6,Shirt
12.35878,11.746535,1,Trouser
7.955712,4.663524,0,T-shirt/top
4.792525,6.1422257,3,Dress
-1.3429698,7.1871567,9,Ankle boot
8.745805,6.1264043,3,Dress
4.606599,3.6603267,0,T-shirt/top
12.033939,12.034938,1,Trouser
8.1497345,7.4853373,3,Dress
8.765948,4.214857,0,T-shirt/top
7.2564406,1.5071478,2,Pullover
-1.9187425,5.8846726,9,Ankle boot
5.2410927,1.4096714,2,Pullover
-1.939568,3.9744482,9,Ankle boot
4.392244,5.799743,6,Shirt
4.2388444,1.6521425,8,Bag
0.13878205,10.565733,7,Sneaker
5.1743875,1.0778883,4,Coat
-0.58287776,10.323333,7,Sneaker
-1.6863289,6.4973793,9,Ankle boot
0.46312043,8.137531,5,Sandal
5.335267,0.19340038,4,Coat
4.6314607,3.7283623,6,Shirt
0.1157278,9.140235,5,Sandal
7.0027366,1.0877194,2,Pullover
-1.5472757,7.0590777,9,Ankle boot
0.32362685,10.65644,7,Sneaker
3.724688,6.2610607,5,Sandal
5.0656652,3.739828,4,Coat
3.673814,6.2671676,5,Sandal
6.549962,1.0889746,4,Coat
8.29786,4.316207,0,T-shirt/top
11.108391,12.324791,1,Trouser
-0.52727556,7.857308,9,Ankle boot
1.0732101,4.5314336,6,Shirt
2.399911,3.3850796,8,Bag
5.803834,0.6234394,2,Pullover
3.4144337,6.434799,5,Sandal
6.452511,5.126333,0,T-shirt/top
-0.9743414,9.566451,5,Sandal
5.132414,4.5197453,6,Shirt
8.604144,5.42021,6,Shirt
5.001711,3.4922392,2,Pullover
2.5064676,3.3384204,8,Bag
11.289507,12.072156,1,Trouser
12.177462,12.413048,1,Trouser
0.7401469,8.260084,5,Sandal
8.953265,5.0534644,0,T-shirt/top
1.0913366,4.538145,8,Bag
7.311073,5.453295,6,Shirt
-0.67088854,10.501482,7,Sneaker
11.879598,11.966714,1,Trouser
4.983504,1.06408,6,Shirt
5.99035,5.8689265,6,Shirt
4.6154275,5.3925643,2,Pullover
8.976211,6.7230415,3,Dress
11.078991,12.261525,1,Trouser
-1.4087403,7.872997,9,Ankle boot
5.8283496,5.235856,3,Dress
10.903439,11.788059,1,Trouser
5.0187945,2.229792,2,Pullover
0.23333363,7.436089,5,Sandal
4.660707,3.7425032,2,Pullover
4.4257426,5.5201645,6,Shirt
11.654321,12.247434,1,Trouser
7.1464286,5.3048577,0,T-shirt/top
8.883566,7.188061,4,Coat
7.746305,5.471442,0,T-shirt/top
-0.98537254,8.507846,7,Sneaker
-1.5700186,7.1470466,9,Ankle boot
9.177954,6.991362,4,Coat
0.32746342,7.872879,5,Sandal
-0.67831963,9.762757,5,Sandal
4.5366507,1.5696024,8,Bag
8.95761,4.8424473,6,Shirt
11.830246,10.780442,1,Trouser
5.244952,1.3570244,2,Pullover
3.249109,4.3580675,8,Bag
1.1786832,8.869271,5,Sandal
-1.2610579,8.084106,7,Sneaker
5.977586,0.5235819,2,Pullover
7.3308973,2.409893,4,Coat
5.8854394,6.3907084,3,Dress
8.915718,7.334237,4,Coat
6.839022,1.6537173,4,Coat
7.4395437,6.9683437,3,Dress
0.7167416,9.154827,7,Sneaker
-1.9096422,5.1326036,9,Ankle boot
0.4678585,8.482456,5,Sandal
-1.4084514,7.8936815,7,Sneaker
-0.44438347,10.458927,7,Sneaker
7.5965524,3.8917153,6,Shirt
0.12576026,8.236069,9,Ankle boot
0.29857656,10.681015,7,Sneaker
3.9680514,4.3855715,8,Bag
1.0632743,4.2801642,8,Bag
6.578834,6.793378,3,Dress
0.41652614,10.5702,7,Sneaker
6.3090215,1.9877766,4,Coat
5.1518884,1.4134946,4,Coat
4.6679792,5.1385508,4,Coat
7.4007707,8.516344,3,Dress
6.3494334,5.3692,0,T-shirt/top
7.7790947,4.903407,0,T-shirt/top
5.205124,0.22837521,4,Coat
5.9406543,0.60508597,2,Pullover
-0.54857445,9.869542,7,Sneaker
0.43149352,9.769579,7,Sneaker
-1.5547055,6.964865,9,Ankle boot
7.2424393,1.3469315,6,Shirt
7.3492074,7.962766,3,Dress
7.084443,5.382874,0,T-shirt/top
1.0558901,4.121095,8,Bag
5.141739,0.4607766,4,Coat
-1.430316,7.3896146,7,Sneaker
4.393753,1.0973506,4,Coat
8.314228,7.2738614,3,Dress
6.610418,1.9402701,4,Coat
-1.1258965,5.783136,5,Sandal
2.9062734,3.6023684,8,Bag
-1.1088951,7.414715,9,Ankle boot
7.7525163,5.426775,6,Shirt
4.6748915,4.9634595,6,Shirt
-0.49063024,9.51627,7,Sneaker
6.4047046,5.4299283,6,Shirt
-1.8429116,5.929088,9,Ankle boot
4.5252056,0.7003056,2,Pullover
4.7557755,5.1420827,6,Shirt
5.560711,3.233755,2,Pullover
-0.831419,8.293421,7,Sneaker
0.975164,8.915983,5,Sandal
8.582382,4.279704,0,T-shirt/top
4.60403,5.251147,6,Shirt
7.5989637,7.191372,3,Dress
5.837591,1.3242903,4,Coat
7.812899,7.88004,3,Dress
4.4858627,0.8486311,4,Coat
6.5081987,6.556654,3,Dress
7.572524,8.00395,3,Dress
7.876683,6.0615396,0,T-shirt/top
8.1717205,7.337716,3,Dress
0.46616533,7.1790333,5,Sandal
4.734853,5.7419014,1,Trouser
8.2442875,4.3670163,0,T-shirt/top
-1.6408808,5.4783044,9,Ankle boot
12.500205,11.94709,1,Trouser
8.985033,4.5401077,0,T-shirt/top
5.30317,3.8226914,4,Coat
3.1298137,3.8079052,8,Bag
8.178888,8.0525465,3,Dress
8.251087,7.6214156,4,Coat
-1.69042,5.214201,9,Ankle boot
8.402716,5.0366483,0,T-shirt/top
5.8877807,0.69758654,6,Shirt
0.84072614,3.7998092,8,Bag
-1.0480547,8.144859,7,Sneaker
5.343658,2.0681255,2,Pullover
5.9289823,0.80248165,2,Pullover
-0.96627444,8.567193,7,Sneaker
-1.837857,5.972158,9,Ankle boot
-1.8093102,4.528087,9,Ankle boot
11.9700165,12.194775,1,Trouser
3.3630002,3.995139,8,Bag
7.8966618,5.065893,0,T-shirt/top
-0.9500311,7.07262,9,Ankle boot
0.54267436,3.959938,8,Bag
1.1501763,8.961098,5,Sandal
8.598676,4.8870106,0,T-shirt/top
1.9938846,3.5707066,8,Bag
-1.6571431,5.658613,9,Ankle boot
-1.152803,7.059547,9,Ankle boot
0.98439556,3.9112225,8,Bag
3.2084002,3.762481,8,Bag
7.3844066,5.294359,6,Shirt
7.360076,5.4009995,6,Shirt
-0.6261776,10.273139,7,Sneaker
5.382372,1.7371362,8,Bag
-1.1621192,6.9911947,9,Ankle boot
7.2990313,8.277813,3,Dress
8.197411,5.3431597,6,Shirt
-1.9339384,3.9599233,9,Ankle boot
0.44553673,9.532771,7,Sneaker
3.7750773,6.2129846,5,Sandal
5.6504474,2.5776997,2,Pullover
7.514254,6.742497,3,Dress
9.165366,6.4930305,4,Coat
6.069327,0.4601901,2,Pullover
-1.3849299,6.344971,9,Ankle boot
4.687754,3.8285675,6,Shirt
0.47695664,9.986332,7,Sneaker
-1.8810035,4.9875584,9,Ankle boot
6.638649,1.7844784,6,Shirt
0.7721186,4.3749847,8,Bag
8.391033,7.473063,4,Coat
7.712537,5.3450046,0,T-shirt/top
5.264434,1.0565051,4,Coat
8.515408,4.6439176,0,T-shirt/top
-1.7377309,5.99838,9,Ankle boot
9.006949,4.618852,0,T-shirt/top
6.0833697,6.4747515,3,Dress
-0.66541123,10.551478,7,Sneaker
5.188105,5.753318,0,T-shirt/top
-1.2646444,7.206108,9,Ankle boot
9.02354,6.479582,3,Dress
4.540295,5.318065,2,Pullover
12.3459,11.34448,1,Trouser
-1.6940526,6.4954324,9,Ankle boot
0.15973277,10.323228,7,Sneaker
7.991761,5.5723114,3,Dress
-1.6959335,4.4514003,9,Ankle boot
8.30151,5.3715115,6,Shirt
10.383267,11.919333,1,Trouser
10.3265705,11.899864,1,Trouser
11.256547,12.530065,1,Trouser
0.32629085,7.948949,5,Sandal
8.404465,7.3567038,3,Dress
9.06931,7.212293,4,Coat
11.641167,11.396739,1,Trouser
9.093578,6.558465,3,Dress
10.981411,11.920102,1,Trouser
5.0776105,0.924995,4,Coat
4.1625,1.4303573,2,Pullover
6.316939,0.5521036,2,Pullover
11.103153,11.76019,1,Trouser
7.714858,6.421735,0,T-shirt/top
8.866725,5.326748,6,Shirt
0.25670332,7.4117413,5,Sandal
-1.7929863,4.650705,9,Ankle boot
-0.78796595,9.763062,7,Sneaker
4.593487,0.71929485,4,Coat
4.9606857,2.2484062,2,Pullover
0.25277615,9.205993,5,Sandal
8.920848,4.5688963,0,T-shirt/top
6.1607094,6.456539,0,T-shirt/top
7.9601903,4.8477035,0,T-shirt/top
8.071054,6.341113,3,Dress
7.6031227,7.9021835,3,Dress
5.208315,4.7932625,2,Pullover
7.2458887,2.3465984,4,Coat
5.99957,2.0260036,4,Coat
4.224539,1.4580847,8,Bag
5.7711196,3.2703154,4,Coat
-0.4513178,9.935536,7,Sneaker
0.79877776,4.0932665,8,Bag
8.9270525,7.1982007,4,Coat
8.964603,4.615429,0,T-shirt/top
12.086702,12.274594,1,Trouser
2.5066097,3.310944,8,Bag
-0.92698556,9.833607,7,Sneaker
-1.6969203,5.510394,9,Ankle boot
5.9832826,0.47433057,2,Pullover
7.1293464,5.2885313,0,T-shirt/top
7.8065224,8.333233,3,Dress
10.804607,11.861987,1,Trouser
8.938888,6.1717253,2,Pullover
8.754078,6.7888265,3,Dress
8.479607,6.9368753,8,Bag
8.732814,4.1760454,0,T-shirt/top
0.9329624,4.8086023,8,Bag
8.733859,5.212158,0,T-shirt/top
7.777118,5.210276,6,Shirt
6.2440205,0.4867233,2,Pullover
4.012122,0.98096365,2,Pullover
0.80424917,4.5839677,8,Bag
4.27085,5.568435,4,Coat
10.946451,11.732748,1,Trouser
-1.490517,6.0636525,5,Sandal
10.943105,11.442706,1,Trouser
-0.9795897,8.742015,7,Sneaker
11.822166,11.484579,1,Trouser
-0.9239887,9.647285,7,Sneaker
4.833944,3.6154456,6,Shirt
5.0927644,1.0538185,2,Pullover
5.227036,0.35884753,4,Coat
-0.070910886,10.117063,7,Sneaker
10.511182,11.849315,1,Trouser
4.640414,0.6349698,2,Pullover
0.5863109,8.790121,5,Sandal
6.3297815,0.9603276,2,Pullover
-1.3439243,8.046538,9,Ankle boot
8.451763,7.1185403,0,T-shirt/top
4.6288967,3.7243106,6,Shirt
12.319508,12.170947,1,Trouser
5.5782027,4.402584,2,Pullover
6.234535,4.559453,1,Trouser
8.48794,4.619529,0,T-shirt/top
3.1075492,6.3635554,5,Sandal
5.20584,0.5082899,4,Coat
8.825381,5.133392,0,T-shirt/top
0.7259423,4.2422433,8,Bag
12.541869,11.914141,1,Trouser
5.6508245,5.725463,0,T-shirt/top
-1.8000338,4.938231,9,Ankle boot
6.061384,1.908445,2,Pullover
8.884241,4.311264,0,T-shirt/top
4.308349,0.91451454,6,Shirt
-0.050474595,8.989752,5,Sandal
7.4146767,8.441731,3,Dress
5.2281146,1.4805245,4,Coat
-1.924274,3.9864857,9,Ankle boot
12.364794,12.380201,1,Trouser
5.9443593,3.2155702,4,Coat
-1.297754,8.124121,9,Ankle boot
0.8569672,10.054978,5,Sandal
9.036402,7.305309,4,Coat
8.192364,4.272735,6,Shirt
8.783,4.9370313,0,T-shirt/top
-0.14033425,10.362106,7,Sneaker
7.343448,2.4720154,4,Coat
-1.0855259,6.9403987,9,Ankle boot
8.854968,4.6921334,0,T-shirt/top
5.801098,2.4833724,4,Coat
5.1097183,4.58647,6,Shirt
8.298833,7.633118,3,Dress
5.0916038,1.6104414,8,Bag
-1.734941,4.467252,9,Ankle boot
0.8477586,3.927328,8,Bag
4.9228563,6.283941,1,Trouser
-1.4903563,6.943688,7,Sneaker
11.295536,11.353328,1,Trouser
0.07791202,8.211915,7,Sneaker
2.671607,3.382654,8,Bag
6.692015,0.79703474,2,Pullover
-1.5370463,5.3322015,9,Ankle boot
0.22738217,8.984608,5,Sandal
7.3047457,2.330537,4,Coat
5.119721,4.9163146,2,Pullover
-1.7874866,5.2438245,9,Ankle boot
2.1173477,3.476286,8,Bag
6.7334723,0.6833283,4,Coat
4.1580625,1.3435727,2,Pullover
7.8123946,5.1074986,0,T-shirt/top
3.5512931,6.217565,5,Sandal
10.373518,11.622513,1,Trouser
7.579198,7.8336024,3,Dress
6.6585135,7.757285,3,Dress
9.0924,4.907412,0,T-shirt/top
11.10549,11.59107,1,Trouser
4.694133,0.48878652,2,Pullover
11.334379,12.312027,1,Trouser
6.922838,7.748168,3,Dress
0.06903504,8.937841,5,Sandal
-1.479966,6.7068095,9,Ankle boot
5.130243,1.3858575,4,Coat
4.8723183,3.464983,2,Pullover
7.5390882,8.080232,3,Dress
6.8604007,5.104906,6,Shirt
8.941576,5.218899,4,Coat
4.5828786,5.4937077,5,Sandal
9.089478,6.6299696,3,Dress
8.336581,3.8343492,6,Shirt
8.2980795,3.8417044,0,T-shirt/top
8.863336,7.150038,4,Coat
0.58901,10.412968,7,Sneaker
7.324185,2.3707337,2,Pullover
6.8869634,1.4342419,4,Coat
1.4039121,9.633303,5,Sandal
-1.9549664,4.983208,9,Ankle boot
-1.6422457,6.8203964,9,Ankle boot
5.55214,3.6555147,6,Shirt
3.3979235,6.178902,5,Sandal
-1.5718069,6.565563,9,Ankle boot
7.2257247,5.3299303,6,Shirt
5.1251945,4.862816,4,Coat
7.2535114,2.343336,4,Coat
6.1161537,2.8650045,4,Coat
8.40732,5.063535,6,Shirt
5.9672456,1.4650658,4,Coat
6.424849,0.6162339,4,Coat
7.7584114,7.410936,3,Dress
0.45134303,9.160854,7,Sneaker
5.2504387,4.278307,4,Coat
-0.7279833,9.635691,7,Sneaker
8.331133,4.74221,0,T-shirt/top
7.364343,5.4222994,0,T-shirt/top
-1.9637305,4.233249,9,Ankle boot
6.7504873,0.8360961,2,Pullover
6.2875075,2.4782708,6,Shirt
11.589424,11.357674,1,Trouser
7.601438,7.5956616,3,Dress
9.037672,7.2725487,4,Coat
2.7943783,3.5039945,8,Bag
0.25484043,10.232305,7,Sneaker
7.822335,7.264179,3,Dress
1.2967844,9.698344,5,Sandal
4.2699213,6.0334363,5,Sandal
-1.8713697,4.1337004,9,Ankle boot
6.8067055,1.182153,4,Coat
6.6737685,4.930537,6,Shirt
5.826519,1.707602,4,Coat
6.8005366,8.172198,3,Dress
6.5666513,5.2286477,6,Shirt
7.9228563,4.6031914,0,T-shirt/top
-1.0564014,9.480156,7,Sneaker
6.7337584,1.9584969,4,Coat
2.4412715,3.2730474,8,Bag
6.6985335,2.4865334,6,Shirt
6.9031496,0.5954246,2,Pullover
5.1337986,3.9560928,2,Pullover
10.39507,11.695865,1,Trouser
7.7154865,5.4604974,6,Shirt
-1.1365565,6.973121,5,Sandal
11.839421,11.714672,1,Trouser
0.52915764,8.136918,5,Sandal
6.7069025,1.42278,4,Coat
4.065859,1.4955145,0,T-shirt/top
5.344761,0.290768,4,Coat
4.713888,0.53113264,2,Pullover
11.891938,11.848819,1,Trouser
11.668117,12.329418,1,Trouser
11.681901,11.105635,1,Trouser
4.6554165,6.055154,0,T-shirt/top
7.8738837,7.2782054,3,Dress
10.5159,11.941011,1,Trouser
-1.0543003,6.985738,9,Ankle boot
8.420219,5.0531874,0,T-shirt/top
11.124469,12.426806,1,Trouser
7.2677073,7.054615,3,Dress
0.98750526,4.5256767,8,Bag
6.7943525,7.979395,3,Dress
8.212884,5.3056464,0,T-shirt/top
0.47571015,8.168966,5,Sandal
7.472294,2.544165,4,Coat
1.0458726,4.9287887,6,Shirt
-1.2620717,6.633781,5,Sandal
6.18416,6.5984173,3,Dress
4.877607,5.0932684,6,Shirt
3.226062,4.25441,8,Bag
-0.25255516,10.052024,7,Sneaker
8.534187,7.683868,3,Dress
8.507711,4.0619783,0,T-shirt/top
7.0436172,6.5400443,0,T-shirt/top
11.707032,11.976294,1,Trouser
6.7565594,8.089457,3,Dress
4.9410734,0.7977878,2,Pullover
5.1996408,3.568917,2,Pullover
-1.7192966,6.482448,7,Sneaker
-0.9569956,7.099056,9,Ankle boot
1.4172816,9.631946,5,Sandal
-1.9078,4.250096,9,Ankle boot
-1.1878873,7.9802375,7,Sneaker
11.636228,12.282173,1,Trouser
-1.5503902,7.0617695,9,Ankle boot
0.33742306,8.815172,5,Sandal
-0.88796395,8.417449,7,Sneaker
5.2117476,0.6758122,2,Pullover
6.4767156,2.1936338,2,Pullover
8.282583,4.0483985,0,T-shirt/top
2.1179714,3.4558647,8,Bag
10.485763,11.805698,1,Trouser
1.2830304,9.2765255,5,Sandal
6.5223694,7.9209156,3,Dress
5.872481,2.4863179,4,Coat
6.4943404,1.9059268,4,Coat
-1.8028115,4.8411856,9,Ankle boot
10.950171,11.928277,1,Trouser
6.267869,5.7536364,6,Shirt
-0.32505253,9.437812,7,Sneaker
4.780996,0.40622237,6,Shirt
-0.9591768,9.182517,7,Sneaker
-0.95375115,8.7858925,7,Sneaker
8.409633,5.8331795,8,Bag
1.8075308,3.7276413,8,Bag
4.9906096,0.33806878,6,Shirt
6.9220376,2.1207523,6,Shirt
7.967257,5.4827676,6,Shirt
8.943388,5.1974454,6,Shirt
-1.8428514,4.5537777,9,Ankle boot
-0.35600552,10.56512,7,Sneaker
7.248464,1.7455149,2,Pullover
12.421892,12.16369,1,Trouser
1.0949646,9.099493,5,Sandal
8.693994,7.723334,3,Dress
5.41653,3.401278,2,Pullover
3.3625922,4.233363,8,Bag
10.261541,11.887466,1,Trouser
11.711879,10.843752,1,Trouser
8.955674,4.780606,0,T-shirt/top
8.167364,4.100686,6,Shirt
4.089778,0.97345537,2,Pullover
5.7297807,3.3605013,6,Shirt
6.020496,0.687527,6,Shirt
8.4180355,7.8347216,3,Dress
0.6066309,9.611783,7,Sneaker
11.792572,11.843316,1,Trouser
8.811862,5.02706,0,T-shirt/top
6.1098,1.2215011,6,Shirt
12.278849,11.583066,1,Trouser
6.8040214,0.38758639,2,Pullover
5.400864,0.36426085,4,Coat
0.455861,7.8077707,5,Sandal
11.012853,11.637463,1,Trouser
4.9138093,0.31791312,4,Coat
1.3311523,9.710054,5,Sandal
8.137038,4.395521,0,T-shirt/top
2.8582861,3.6215677,8,Bag
7.006633,2.1229336,4,Coat
0.18617475,10.511502,7,Sneaker
5.2940836,4.7042117,4,Coat
3.5916226,5.7944665,5,Sandal
-1.2675619,7.7091293,9,Ankle boot
-0.50882745,10.103682,7,Sneaker
7.0536757,7.334603,3,Dress
0.8517273,7.321488,5,Sandal
7.9550333,7.3148274,0,T-shirt/top
4.557935,5.9184794,2,Pullover
-1.9660369,5.3364177,9,Ankle boot
1.1823062,8.994299,5,Sandal
-1.9890364,4.0159717,9,Ankle boot
-1.9554157,5.2013755,9,Ankle boot
0.51842576,8.100276,5,Sandal
-0.854787,9.978959,7,Sneaker
5.030432,5.673427,8,Bag
11.368951,11.659205,1,Trouser
7.478332,8.430161,3,Dress
-1.9560001,3.9489691,9,Ankle boot
-0.42115912,7.060935,9,Ankle boot
10.427049,11.998342,1,Trouser
7.588688,8.048948,3,Dress
6.5126123,5.08268,6,Shirt
5.0845594,5.73041,6,Shirt
0.9638145,4.1265564,8,Bag
8.790107,4.461492,0,T-shirt/top
0.4671819,9.470437,7,Sneaker
4.649574,5.319501,4,Coat
5.4235644,6.0237513,8,Bag
4.6939406,1.091763,2,Pullover
4.6618247,1.2735623,2,Pullover
3.9949584,6.096751,5,Sandal
5.609402,3.1523347,2,Pullover
3.1998503,4.0180683,8,Bag
-1.740346,4.745656,9,Ankle boot
-1.743627,6.0470457,9,Ankle boot
3.8996558,6.1525464,5,Sandal
5.2525735,0.59220296,4,Coat
4.701386,1.0562838,2,Pullover
0.3238036,9.275755,7,Sneaker
12.291193,12.262648,1,Trouser
6.14195,2.3199694,2,Pullover
8.327698,3.792429,0,T-shirt/top
9.001155,7.2217784,3,Dress
6.556355,0.5022569,6,Shirt
-0.4139532,9.721342,5,Sandal
7.9359965,8.234524,3,Dress
0.26329282,10.630925,7,Sneaker
8.023038,7.7762647,3,Dress
6.2540207,0.9230357,2,Pullover
-1.3395381,5.9503226,9,Ankle boot
1.7266718,3.7865798,8,Bag
0.4523341,8.81771,5,Sandal
5.435905,4.0236053,6,Shirt
8.928247,6.9474444,3,Dress
6.15671,2.6682634,2,Pullover
7.5364175,5.383228,6,Shirt
5.184231,4.8150883,2,Pullover
5.9042187,0.7085959,1,Trouser
-1.129592,10.143946,7,Sneaker
5.8726106,3.6050572,2,Pullover
10.483128,12.040667,1,Trouser
12.381834,12.485725,1,Trouser
11.964783,11.391539,1,Trouser
8.4175825,5.289564,6,Shirt
8.919073,7.335417,3,Dress
-0.7503806,10.3667555,7,Sneaker
-0.22336422,9.8938265,7,Sneaker
6.719105,1.6477224,4,Coat
1.9800478,3.5576081,8,Bag
6.35317,0.5321616,4,Coat
-0.8071151,8.655343,7,Sneaker
7.7731633,7.8321543,3,Dress
12.078783,12.302545,1,Trouser
-0.77027184,7.831971,5,Sandal
-1.7684668,4.9578857,9,Ankle boot
6.965543,7.847724,3,Dress
5.0856395,3.0401924,4,Coat
9.260665,6.7044544,4,Coat
-1.0451682,9.059965,7,Sneaker
6.2265186,1.6014588,4,Coat
-2.0176108,4.744764,9,Ankle boot
0.84366775,3.97285,8,Bag
8.986801,5.0707135,0,T-shirt/top
6.52792,7.8921924,3,Dress
5.6380615,4.9239283,6,Shirt
8.1406355,4.4757977,0,T-shirt/top
12.264201,11.745008,1,Trouser
5.7651505,5.540489,6,Shirt
11.711098,10.890584,1,Trouser
0.57608026,10.0012865,7,Sneaker
12.438594,12.017801,1,Trouser
7.7755065,5.3880363,0,T-shirt/top
11.66966,10.980764,1,Trouser
-1.8358718,4.099575,9,Ankle boot
-0.89076513,8.29956,7,Sneaker
4.6509886,6.017619,0,T-shirt/top
7.9319177,7.8095884,3,Dress
0.5883472,7.186243,5,Sandal
5.363922,1.6576248,4,Coat
0.63210094,7.3043704,5,Sandal
4.5181117,5.2468176,2,Pullover
1.0373987,9.076187,5,Sandal
0.9010844,5.2655115,8,Bag
1.0676161,5.347179,8,Bag
1.2011817,4.5638165,8,Bag
8.841498,5.349721,6,Shirt
-1.4681427,5.8783336,9,Ankle boot
7.057019,6.8226056,3,Dress
7.240914,2.2923923,4,Coat
5.9314094,5.810504,3,Dress
6.672151,5.3339953,0,T-shirt/top
4.33306,1.0013044,4,Coat
6.156427,2.616351,2,Pullover
-0.029819451,10.210716,7,Sneaker
5.6872377,4.282952,4,Coat
5.7449865,5.7957788,6,Shirt
-1.0544137,9.493782,7,Sneaker
5.958913,0.47395104,2,Pullover
9.180737,6.9234176,3,Dress
5.4205794,1.8939769,6,Shirt
6.198902,6.479171,3,Dress
5.188417,1.96708,4,Coat
5.0889797,0.6070342,2,Pullover
-0.745644,9.76389,7,Sneaker
